경복궁,Unnamed: 1,Date,달러환율,미세먼지(PM10),Windspeed(m/s),불쾌지수,Rainfall(mm),total_7d_avg,weekday_0,weekday_1,weekday_2,weekday_3,weekday_4,weekday_5,weekday_6,season_0,season_1,season_2,season_3,운항수_표준화
12514,,2023-01-01 0:00,,0.831243148,0.635932872,-1.287139588,-0.313685113,-0.206572752,FALSE,TRUE,FALSE,FALSE,FALSE,FALSE,FALSE,TRUE,FALSE,FALSE,FALSE,-1.389810215
6708,,2023-01-02 0:00,-1.118143528,-0.422192621,0.337175205,-1.580707801,-0.313685113,-0.348207643,FALSE,FALSE,TRUE,FALSE,FALSE,FALSE,FALSE,TRUE,FALSE,FALSE,FALSE,-1.429029717
7058,,2023-01-04 0:00,-1.150647178,0.01104189,-0.559097795,-1.675281134,-0.313685113,-0.379185332,FALSE,FALSE,FALSE,TRUE,FALSE,FALSE,FALSE,TRUE,FALSE,FALSE,FALSE,-1.523156522
6094,,2023-01-05 0:00,-1.248158129,0.57046121,-1.007234295,-1.398577128,-0.313685113,-0.388942481,FALSE,FALSE,FALSE,FALSE,TRUE,FALSE,FALSE,TRUE,FALSE,FALSE,FALSE,-1.30352731
5911,,2023-01-06 0:00,-1.280661779,1.668269047,-0.110961295,-1.476530403,-0.00639183808,-0.393714454,FALSE,FALSE,FALSE,FALSE,FALSE,TRUE,FALSE,TRUE,FALSE,FALSE,FALSE,-1.099585899
8212,,2023-01-07 0:00,-1.508187331,3.460093334,-0.110961295,-1.458677988,-0.305805798,-0.406164206,FALSE,FALSE,FALSE,FALSE,FALSE,FALSE,TRUE,TRUE,FALSE,FALSE,FALSE,-1.217244405
11209,,2023-01-08 0:00,-1.735712883,4.196171386,-0.857855462,-1.497767718,-0.313685113,-0.43999451,TRUE,FALSE,FALSE,FALSE,FALSE,FALSE,FALSE,TRUE,FALSE,FALSE,FALSE,-1.099585899
6456,,2023-01-09 0:00,-1.963238435,2.538944229,0.0384175385,-1.351943155,-0.313685113,-0.541880837,FALSE,TRUE,FALSE,FALSE,FALSE,FALSE,FALSE,TRUE,FALSE,FALSE,FALSE,-1.201556605
6517,,2023-01-11 0:00,-1.963238435,1.512641116,-1.007234295,-1.043368051,-0.313685113,-0.50341202,FALSE,FALSE,TRUE,FALSE,FALSE,FALSE,FALSE,TRUE,FALSE,FALSE,FALSE,-1.279995609
6591,,2023-01-12 0:00,-2.060749386,1.176148292,-0.110961295,-1.188043123,-0.313685113,-0.499733055,FALSE,FALSE,FALSE,TRUE,FALSE,FALSE,FALSE,TRUE,FALSE,FALSE,FALSE,-1.240776107
3374,,2023-01-13 0:00,-2.093253036,-0.56099591,0.337175205,-1.118078453,2.625299282,-0.51516862,FALSE,FALSE,FALSE,FALSE,TRUE,FALSE,FALSE,TRUE,FALSE,FALSE,FALSE,-1.146649302
5610,,2023-01-14 0:00,-2.190763987,-0.893282574,0.337175205,-0.580323463,-0.187616077,-0.527031866,FALSE,FALSE,FALSE,FALSE,FALSE,TRUE,FALSE,TRUE,FALSE,FALSE,FALSE,-0.981927393
5943,,2023-01-15 0:00,-2.255771287,-0.876457933,0.785311705,-1.065965874,-0.0615470412,-0.54102776,FALSE,FALSE,FALSE,FALSE,FALSE,FALSE,TRUE,TRUE,FALSE,FALSE,FALSE,-1.1231176
5706,,2023-01-16 0:00,-2.353282238,-0.573614391,0.635932872,-1.153084715,-0.313685113,-0.551451422,TRUE,FALSE,FALSE,FALSE,FALSE,FALSE,FALSE,TRUE,FALSE,FALSE,FALSE,-1.021146895
5259,,2023-01-18 0:00,-2.255771287,0.71767682,-0.409718961,-1.855577819,-0.313685113,-0.576190915,FALSE,TRUE,FALSE,FALSE,FALSE,FALSE,FALSE,TRUE,FALSE,FALSE,FALSE,-1.146649302
3545,,2023-01-19 0:00,-2.353282238,1.037345003,0.337175205,-1.845108167,-0.234891965,-0.582669129,FALSE,FALSE,TRUE,FALSE,FALSE,FALSE,FALSE,TRUE,FALSE,FALSE,FALSE,-1.232932206
3634,,2023-01-20 0:00,-2.255771287,1.251859178,2.129721205,-1.785816652,-0.313685113,-0.573924981,FALSE,FALSE,FALSE,TRUE,FALSE,FALSE,FALSE,TRUE,FALSE,FALSE,FALSE,-1.264307808
21158,,2023-01-21 0:00,-2.288274938,-0.455841903,-0.708476628,-1.540962564,-0.313685113,-0.506904247,FALSE,FALSE,FALSE,FALSE,TRUE,FALSE,FALSE,TRUE,FALSE,FALSE,FALSE,-1.130961501
51388,,2023-01-22 0:00,-2.288274938,-0.325450934,0.486554039,-1.520494136,-0.313685113,-0.292672759,FALSE,FALSE,FALSE,FALSE,FALSE,TRUE,FALSE,TRUE,FALSE,FALSE,FALSE,-0.92702009
72372,,2023-01-23 0:00,-2.320778588,0.776563064,0.635932872,-1.55967449,-0.313685113,0.0308296251,FALSE,FALSE,FALSE,FALSE,FALSE,FALSE,TRUE,TRUE,FALSE,FALSE,FALSE,-1.185868804
9876,,2023-01-24 0:00,-2.320778588,-0.249740048,3.474130705,-1.721296289,-0.313685113,0.0127281834,TRUE,FALSE,FALSE,FALSE,FALSE,FALSE,FALSE,TRUE,FALSE,FALSE,FALSE,-0.879956687
7784,,2023-01-26 0:00,-2.385785889,-0.287595491,0.337175205,-1.446321202,-0.250650595,-0.0143573366,FALSE,TRUE,FALSE,FALSE,FALSE,FALSE,FALSE,TRUE,FALSE,FALSE,FALSE,-1.30352731
5019,,2023-01-27 0:00,-2.418289539,0.0446911724,1.830963539,-1.521059371,-0.313685113,-0.0289664645,FALSE,FALSE,TRUE,FALSE,FALSE,FALSE,FALSE,TRUE,FALSE,FALSE,FALSE,-1.358434613
7375,,2023-01-28 0:00,-2.450793189,0.107783577,0.187796372,-2.665476195,-0.313685113,-0.107530508,FALSE,FALSE,FALSE,TRUE,FALSE,FALSE,FALSE,TRUE,FALSE,FALSE,FALSE,-1.429029717
9254,,2023-01-29 0:00,-2.450793189,0.385390156,0.486554039,-2.228858466,-0.313685113,-0.325254397,FALSE,FALSE,FALSE,FALSE,TRUE,FALSE,FALSE,TRUE,FALSE,FALSE,FALSE,-1.413341916
5572,,2023-01-30 0:00,-2.483296839,0.368565515,-0.260340128,-2.236947121,-0.313685113,-0.64265187,FALSE,FALSE,FALSE,FALSE,FALSE,TRUE,FALSE,TRUE,FALSE,FALSE,FALSE,-1.327059011
5875,,2023-02-01 0:00,-2.353282238,1.096231247,1.382827039,-2.012092578,-0.313685113,-0.595252167,FALSE,FALSE,FALSE,FALSE,FALSE,FALSE,TRUE,TRUE,FALSE,FALSE,FALSE,-1.366278513
5214,,2023-02-02 0:00,-2.873340643,0.233968386,0.337175205,-1.860752602,-0.313685113,-0.587814317,TRUE,FALSE,FALSE,FALSE,FALSE,FALSE,FALSE,TRUE,FALSE,FALSE,FALSE,-1.162337102
5557,,2023-02-03 0:00,-2.51580049,0.124608218,-0.110961295,-1.499079559,-0.313685113,-0.552571157,FALSE,TRUE,FALSE,FALSE,FALSE,FALSE,FALSE,TRUE,FALSE,FALSE,FALSE,-1.468249219
11339,,2023-02-04 0:00,-2.255771287,0.0236603709,-0.409718961,-1.375931028,-0.313685113,-0.500772783,FALSE,FALSE,TRUE,FALSE,FALSE,FALSE,FALSE,TRUE,FALSE,FALSE,FALSE,-1.413341916
11530,,2023-02-05 0:00,-2.028245735,1.037345003,-0.708476628,-1.240040198,-0.313685113,-0.460464353,FALSE,FALSE,FALSE,TRUE,FALSE,FALSE,FALSE,TRUE,FALSE,FALSE,FALSE,-1.366278513
6401,,2023-02-06 0:00,-1.768216533,1.579939681,-1.007234295,-1.378703093,-0.313685113,-0.440976606,FALSE,FALSE,FALSE,FALSE,TRUE,FALSE,FALSE,TRUE,FALSE,FALSE,FALSE,-1.178024903
6616,,2023-02-08 0:00,-1.508187331,1.335982384,0.337175205,-1.441058883,-0.313685113,-0.41125185,FALSE,FALSE,FALSE,FALSE,FALSE,TRUE,FALSE,TRUE,FALSE,FALSE,FALSE,-1.083898098
5875,,2023-02-09 0:00,-1.475683681,0.0362788518,0.337175205,-1.320863654,-0.313685113,-0.391417527,FALSE,FALSE,FALSE,FALSE,FALSE,FALSE,TRUE,TRUE,FALSE,FALSE,FALSE,-1.154493202
5887,,2023-02-10 0:00,-1.34566908,-0.527346628,-0.110961295,-1.219330967,-0.266409224,-0.384166243,TRUE,FALSE,FALSE,FALSE,FALSE,FALSE,FALSE,TRUE,FALSE,FALSE,FALSE,-1.091741999
13747,,2023-02-11 0:00,-1.215654478,0.347534714,-0.708476628,-1.336531624,-0.313685113,-0.350895806,FALSE,TRUE,FALSE,FALSE,FALSE,FALSE,FALSE,TRUE,FALSE,FALSE,FALSE,-1.240776107
14071,,2023-02-12 0:00,-1.085639877,1.390662467,-0.708476628,-1.225845051,-0.313685113,-0.300030515,FALSE,FALSE,TRUE,FALSE,FALSE,FALSE,FALSE,TRUE,FALSE,FALSE,FALSE,-1.232932206
7268,,2023-02-13 0:00,-0.955625276,-0.0226073923,0.0384175385,-1.184606329,-0.313685113,-0.162474532,FALSE,FALSE,FALSE,TRUE,FALSE,FALSE,FALSE,TRUE,FALSE,FALSE,FALSE,-1.31137121
8029,,2023-02-15 0:00,-0.825610675,-0.741860803,0.337175205,-1.170178415,-0.313685113,-0.145119609,FALSE,FALSE,FALSE,FALSE,TRUE,FALSE,FALSE,TRUE,FALSE,FALSE,FALSE,-1.091741999
6914,,2023-02-16 0:00,-0.825610675,-0.283389331,0.635932872,-0.811391645,-0.313685113,-0.143946683,FALSE,FALSE,FALSE,FALSE,FALSE,TRUE,FALSE,TRUE,FALSE,FALSE,FALSE,-1.021146895
9035,,2023-02-17 0:00,-0.175537669,0.347534714,-0.708476628,-1.249117196,-0.313685113,-0.13682877,FALSE,FALSE,FALSE,FALSE,FALSE,FALSE,TRUE,TRUE,FALSE,FALSE,FALSE,-1.154493202
14227,,2023-02-18 0:00,-0.24054497,1.903814024,-1.156613128,-1.255644169,-0.313685113,-0.159275603,TRUE,FALSE,FALSE,FALSE,FALSE,FALSE,FALSE,TRUE,FALSE,FALSE,FALSE,-1.028990795
13351,,2023-02-19 0:00,-0.27304862,0.591492011,1.532205872,-1.123852174,-0.282167854,-0.19537184,FALSE,TRUE,FALSE,FALSE,FALSE,FALSE,FALSE,TRUE,FALSE,FALSE,FALSE,-1.248620007
7205,,2023-02-20 0:00,-0.338055921,0.0825466151,1.532205872,-0.856942725,-0.313685113,-0.333034469,FALSE,FALSE,TRUE,FALSE,FALSE,FALSE,FALSE,TRUE,FALSE,FALSE,FALSE,-1.232932206
13995,,2023-02-22 0:00,-0.0455230682,0.305473111,-0.110961295,-1.106893306,-0.313685113,-0.344871075,FALSE,FALSE,FALSE,TRUE,FALSE,FALSE,FALSE,TRUE,FALSE,FALSE,FALSE,-1.217244405
8490,,2023-02-23 0:00,-0.370559571,0.238174546,-0.559097795,-0.839901286,-0.313685113,-0.342338484,FALSE,FALSE,FALSE,FALSE,TRUE,FALSE,FALSE,TRUE,FALSE,FALSE,FALSE,-1.130961501
9960,,2023-02-24 0:00,-0.143034019,0.654584415,1.084069372,-1.238584095,-0.313685113,-0.340339033,FALSE,FALSE,FALSE,FALSE,FALSE,TRUE,FALSE,TRUE,FALSE,FALSE,FALSE,-0.895644488
19468,,2023-02-25 0:00,0.0844915329,0.14563902,0.934690539,-1.122558506,-0.313685113,-0.328449148,FALSE,FALSE,FALSE,FALSE,FALSE,FALSE,TRUE,TRUE,FALSE,FALSE,FALSE,-1.091741999
16785,,2023-02-26 0:00,0.312017085,0.0909589357,-0.260340128,-0.762598406,-0.313685113,-0.312133866,TRUE,FALSE,FALSE,FALSE,FALSE,FALSE,FALSE,TRUE,FALSE,FALSE,FALSE,-1.091741999
12260,,2023-02-27 0:00,0.539542637,0.541018087,-0.559097795,-0.947595782,-0.313685113,-0.294325721,FALSE,TRUE,FALSE,FALSE,FALSE,FALSE,FALSE,TRUE,FALSE,FALSE,FALSE,-1.130961501
16095,,2023-03-01 0:00,0.377024385,0.0320726915,1.233448205,-1.199428801,-0.313685113,-0.274011537,FALSE,FALSE,TRUE,FALSE,FALSE,FALSE,FALSE,TRUE,FALSE,FALSE,FALSE,-1.178024903
5828,,2023-03-02 0:00,0.247009784,0.700852179,0.785311705,-1.219074955,-0.313685113,-0.331594885,FALSE,FALSE,FALSE,TRUE,FALSE,FALSE,FALSE,TRUE,FALSE,FALSE,FALSE,-1.170181003
6883,,2023-03-03 0:00,-0.20804132,0.191906783,-0.260340128,-1.094327524,-0.313685113,-0.379927585,FALSE,FALSE,FALSE,FALSE,TRUE,FALSE,FALSE,TRUE,FALSE,FALSE,FALSE,-1.036834696
17301,,2023-03-04 0:00,-0.24054497,1.42010559,-0.559097795,-1.139500468,-0.313685113,-0.413944453,FALSE,FALSE,FALSE,FALSE,FALSE,TRUE,FALSE,TRUE,FALSE,FALSE,FALSE,-0.919176189
14866,,2023-03-05 0:00,-0.30555227,1.622001284,-0.857855462,-0.972989769,-0.313685113,-0.45417279,FALSE,FALSE,FALSE,FALSE,FALSE,FALSE,TRUE,TRUE,FALSE,FALSE,FALSE,-1.146649302
7900,,2023-03-06 0:00,-0.338055921,0.835449308,-0.260340128,-1.048386178,-0.313685113,-0.570750341,TRUE,FALSE,FALSE,FALSE,FALSE,FALSE,FALSE,TRUE,FALSE,FALSE,FALSE,-0.93486399
5801,,2023-03-08 0:00,0.474535336,1.209797575,-0.409718961,-0.939914897,-0.219133336,-0.659631401,FALSE,TRUE,FALSE,FALSE,FALSE,FALSE,FALSE,TRUE,FALSE,FALSE,FALSE,-1.076054198
7509,,2023-03-09 0:00,0.474535336,1.108849728,0.0384175385,-0.737327799,-0.0221504675,-0.633638889,FALSE,FALSE,TRUE,FALSE,FALSE,FALSE,FALSE,TRUE,FALSE,FALSE,FALSE,-1.146649302
9506,,2023-03-10 0:00,0.637053588,2.353873175,-0.260340128,-0.971672099,-0.313685113,-0.609405896,FALSE,FALSE,FALSE,TRUE,FALSE,FALSE,FALSE,TRUE,FALSE,FALSE,FALSE,-1.209400505
19895,,2023-03-11 0:00,0.344520735,2.740839923,0.187796372,-0.678961032,-0.313685113,-0.605700292,FALSE,FALSE,FALSE,FALSE,TRUE,FALSE,FALSE,FALSE,TRUE,FALSE,FALSE,-1.052522496
5761,,2023-03-12 0:00,0.0844915329,0.919572514,2.129721205,-0.81477836,0.127556512,-0.664510019,FALSE,FALSE,FALSE,FALSE,FALSE,TRUE,FALSE,FALSE,TRUE,FALSE,FALSE,-0.94270789
9225,,2023-03-13 0:00,-0.20804132,-0.0394320335,1.382827039,-0.964501105,-0.313685113,-0.543322597,FALSE,FALSE,FALSE,FALSE,FALSE,FALSE,TRUE,FALSE,TRUE,FALSE,FALSE,-1.240776107
9874,,2023-03-15 0:00,-0.143034019,0.43586408,1.084069372,-0.705027795,-0.313685113,-0.524394718,TRUE,FALSE,FALSE,FALSE,FALSE,FALSE,FALSE,FALSE,TRUE,FALSE,FALSE,-1.052522496
9664,,2023-03-16 0:00,0.149498833,1.096231247,0.187796372,-0.477752171,-0.313685113,-0.498802148,FALSE,TRUE,FALSE,FALSE,FALSE,FALSE,FALSE,FALSE,TRUE,FALSE,FALSE,-1.248620007
9699,,2023-03-17 0:00,-0.143034019,0.305473111,-0.857855462,-0.195614302,-0.313685113,-0.476941823,FALSE,FALSE,TRUE,FALSE,FALSE,FALSE,FALSE,FALSE,TRUE,FALSE,FALSE,-1.225088306
22041,,2023-03-18 0:00,-0.0130194179,1.028932682,0.486554039,-0.208252126,-0.313685113,-0.430795139,FALSE,FALSE,FALSE,TRUE,FALSE,FALSE,FALSE,FALSE,TRUE,FALSE,FALSE,-1.279995609
21518,,2023-03-19 0:00,0.0844915329,2.446408702,-0.260340128,-0.201498502,-0.313685113,-0.341647508,FALSE,FALSE,FALSE,FALSE,TRUE,FALSE,FALSE,FALSE,TRUE,FALSE,FALSE,-1.201556605
11131,,2023-03-20 0:00,0.214506134,2.240306847,-1.007234295,-0.684053165,-0.313685113,0.0179713987,FALSE,FALSE,FALSE,FALSE,FALSE,TRUE,FALSE,FALSE,TRUE,FALSE,FALSE,-0.974083492
12003,,2023-03-22 0:00,0.0519878826,1.382250147,-0.708476628,-0.0469852021,-0.313685113,0.103200134,FALSE,FALSE,FALSE,FALSE,FALSE,FALSE,TRUE,FALSE,TRUE,FALSE,FALSE,-1.232932206
9754,,2023-03-23 0:00,-0.890617976,2.900674014,0.337175205,0.252789814,-0.313685113,0.145801225,TRUE,FALSE,FALSE,FALSE,FALSE,FALSE,FALSE,FALSE,TRUE,FALSE,FALSE,-1.028990795
11583,,2023-03-24 0:00,-0.403063221,4.503221087,0.0384175385,-0.877793423,-0.313685113,0.198719332,FALSE,TRUE,FALSE,FALSE,FALSE,FALSE,FALSE,FALSE,TRUE,FALSE,FALSE,-1.178024903
25449,,2023-03-25 0:00,-0.338055921,2.740839923,0.0384175385,-0.762855189,-0.313685113,0.266992999,FALSE,FALSE,TRUE,FALSE,FALSE,FALSE,FALSE,FALSE,TRUE,FALSE,FALSE,-1.225088306
23913,,2023-03-26 0:00,-0.30555227,1.184560613,1.980342372,-0.250075985,-0.313685113,0.346783249,FALSE,FALSE,FALSE,TRUE,FALSE,FALSE,FALSE,FALSE,TRUE,FALSE,FALSE,-1.240776107
13334,,2023-03-27 0:00,-0.24054497,0.507368805,0.0384175385,-0.591263844,-0.313685113,1.159803115,FALSE,FALSE,FALSE,FALSE,TRUE,FALSE,FALSE,FALSE,TRUE,FALSE,FALSE,-1.060366397
32251,,2023-03-29 0:00,-0.175537669,1.882783222,-0.559097795,-0.569341393,-0.313685113,1.365610478,FALSE,FALSE,FALSE,FALSE,FALSE,TRUE,FALSE,FALSE,TRUE,FALSE,FALSE,-0.974083492
15001,,2023-03-30 0:00,-0.24054497,1.811278497,-0.110961295,-0.284385974,-0.313685113,1.431378193,FALSE,FALSE,FALSE,FALSE,FALSE,FALSE,TRUE,FALSE,TRUE,FALSE,FALSE,-1.1152737
18119,,2023-03-31 0:00,-0.175537669,2.681953679,-0.260340128,-0.402638093,-0.313685113,1.497439119,TRUE,FALSE,FALSE,FALSE,FALSE,FALSE,FALSE,FALSE,TRUE,FALSE,FALSE,-1.052522496
30099,,2023-04-01 0:00,0.0194842324,2.248719168,-0.708476628,-0.525086048,-0.313685113,1.545691812,FALSE,TRUE,FALSE,FALSE,FALSE,FALSE,FALSE,FALSE,TRUE,FALSE,FALSE,-1.154493202
27946,,2023-04-02 0:00,0.182002484,0.549430408,0.187796372,-0.282090846,-0.313685113,1.569045088,FALSE,FALSE,TRUE,FALSE,FALSE,FALSE,FALSE,FALSE,TRUE,FALSE,FALSE,-1.193712704
23210,,2023-04-03 0:00,0.377024385,0.473719523,0.0384175385,0.262505997,-0.313685113,1.182982623,FALSE,FALSE,FALSE,TRUE,FALSE,FALSE,FALSE,FALSE,TRUE,FALSE,FALSE,-1.240776107
8005,,2023-04-05 0:00,0.214506134,-0.708211521,1.681584705,0.521745859,3.649610197,1.000102041,FALSE,FALSE,FALSE,FALSE,TRUE,FALSE,FALSE,FALSE,TRUE,FALSE,FALSE,-1.021146895
15530,,2023-04-06 0:00,0.344520735,0.831243148,0.337175205,0.507639194,-0.100943615,0.956541227,FALSE,FALSE,FALSE,FALSE,FALSE,TRUE,FALSE,FALSE,TRUE,FALSE,FALSE,-1.005459094
28588,,2023-04-07 0:00,0.377024385,1.84492778,0.934690539,0.191747589,-0.313685113,0.906209077,FALSE,FALSE,FALSE,FALSE,FALSE,FALSE,TRUE,FALSE,TRUE,FALSE,FALSE,-1.060366397
31906,,2023-04-08 0:00,0.409528036,0.128814378,1.382827039,-0.116184095,-0.313685113,0.817354743,TRUE,FALSE,FALSE,FALSE,FALSE,FALSE,FALSE,FALSE,TRUE,FALSE,FALSE,-1.076054198
27327,,2023-04-09 0:00,0.409528036,1.028932682,0.337175205,-0.0688327742,-0.313685113,0.747934789,FALSE,TRUE,FALSE,FALSE,FALSE,FALSE,FALSE,FALSE,TRUE,FALSE,FALSE,-1.076054198
18466,,2023-04-10 0:00,0.442031686,0.444276401,0.635932872,-0.419458673,-0.313685113,0.903830055,FALSE,FALSE,TRUE,FALSE,FALSE,FALSE,FALSE,FALSE,TRUE,FALSE,FALSE,-0.997615193
22430,,2023-04-12 0:00,0.637053588,9.668385932,0.635932872,-0.350830098,-0.313685113,0.936860474,FALSE,FALSE,FALSE,TRUE,FALSE,FALSE,FALSE,FALSE,TRUE,FALSE,FALSE,-0.919176189
19322,,2023-04-13 0:00,0.149498833,6.589476595,-0.708476628,-0.0564670148,-0.313685113,0.920145337,FALSE,FALSE,FALSE,FALSE,TRUE,FALSE,FALSE,FALSE,TRUE,FALSE,FALSE,-0.809361583
20964,,2023-04-14 0:00,-0.27304862,2.450614862,-1.007234295,0.193230628,-0.313685113,0.885195386,FALSE,FALSE,FALSE,FALSE,FALSE,TRUE,FALSE,FALSE,TRUE,FALSE,FALSE,-0.683859176
20197,,2023-04-15 0:00,-0.110530369,1.020520361,-0.110961295,0.357846265,0.048763365,0.839901779,FALSE,FALSE,FALSE,FALSE,FALSE,FALSE,TRUE,FALSE,TRUE,FALSE,FALSE,-0.785829882
25081,,2023-04-16 0:00,0.0194842324,2.925910976,0.337175205,0.627014913,-0.313685113,0.807484506,TRUE,FALSE,FALSE,FALSE,FALSE,FALSE,FALSE,FALSE,TRUE,FALSE,FALSE,-0.801517683
16067,,2023-04-17 0:00,0.182002484,2.673541358,-0.409718961,0.890752606,-0.313685113,0.561324052,FALSE,TRUE,FALSE,FALSE,FALSE,FALSE,FALSE,FALSE,TRUE,FALSE,FALSE,-0.825049384
18719,,2023-04-19 0:00,0.539542637,-0.0520505144,0.187796372,0.912450083,-0.313685113,0.564923011,FALSE,FALSE,TRUE,FALSE,FALSE,FALSE,FALSE,FALSE,TRUE,FALSE,FALSE,-0.958395691
18791,,2023-04-20 0:00,0.507038987,-0.430604941,0.187796372,0.636680047,-0.274288539,0.57060134,FALSE,FALSE,FALSE,TRUE,FALSE,FALSE,FALSE,FALSE,TRUE,FALSE,FALSE,-0.911332289
18821,,2023-04-21 0:00,0.702060888,0.675615217,0.337175205,-0.682370976,-0.313685113,0.598220087,FALSE,FALSE,FALSE,FALSE,TRUE,FALSE,FALSE,FALSE,TRUE,FALSE,FALSE,-0.75445428
28100,,2023-04-22 0:00,0.767068189,0.852273949,0.486554039,-0.953680164,-0.313685113,0.665054171,FALSE,FALSE,FALSE,FALSE,FALSE,TRUE,FALSE,FALSE,TRUE,FALSE,FALSE,-0.75445428
25088,,2023-04-23 0:00,0.86457914,0.751326102,-0.260340128,-0.539763384,-0.313685113,0.719411775,FALSE,FALSE,FALSE,FALSE,FALSE,FALSE,TRUE,FALSE,TRUE,FALSE,FALSE,-0.75445428
19128,,2023-04-24 0:00,0.92958644,0.616728973,0.635932872,-0.359906401,-0.313685113,1.109713072,TRUE,FALSE,FALSE,FALSE,FALSE,FALSE,FALSE,FALSE,TRUE,FALSE,FALSE,-0.825049384
34721,,2023-04-26 0:00,0.994593741,-0.317038613,1.233448205,-0.241575396,-0.313685113,1.231357981,FALSE,TRUE,FALSE,FALSE,FALSE,FALSE,FALSE,FALSE,TRUE,FALSE,FALSE,-0.770142081
16986,,2023-04-27 0:00,1.027097391,0.0404850121,-0.559097795,0.0734070866,-0.313685113,1.290274354,FALSE,FALSE,TRUE,FALSE,FALSE,FALSE,FALSE,FALSE,TRUE,FALSE,FALSE,-0.895644488
23192,,2023-04-28 0:00,1.092104692,-0.0141950718,-0.260340128,-0.236443101,-0.163978133,1.32948969,FALSE,FALSE,FALSE,TRUE,FALSE,FALSE,FALSE,FALSE,TRUE,FALSE,FALSE,-0.864268886
14751,,2023-04-29 0:00,1.092104692,-0.325450934,0.934690539,-0.151832071,1.664022885,1.318346236,FALSE,FALSE,FALSE,FALSE,TRUE,FALSE,FALSE,FALSE,TRUE,FALSE,FALSE,-0.75445428
32872,,2023-04-30 0:00,1.059601041,0.095165096,1.532205872,0.0242093042,-0.305805798,1.429220907,FALSE,FALSE,FALSE,FALSE,FALSE,TRUE,FALSE,FALSE,TRUE,FALSE,FALSE,-0.75445428
32275,,2023-05-01 0:00,1.027097391,0.381183996,0.337175205,0.264571974,-0.313685113,1.623829274,FALSE,FALSE,FALSE,FALSE,FALSE,FALSE,TRUE,FALSE,TRUE,FALSE,FALSE,-0.785829882
6008,,2023-05-02 0:00,1.027097391,-0.165616842,-0.260340128,-0.307891978,-0.313685113,1.667603378,TRUE,FALSE,FALSE,FALSE,FALSE,FALSE,FALSE,FALSE,TRUE,FALSE,FALSE,-0.817205484
28139,,2023-05-03 0:00,1.059601041,0.196112943,-0.260340128,-0.438342767,-0.313685113,1.627055104,FALSE,TRUE,FALSE,FALSE,FALSE,FALSE,FALSE,FALSE,TRUE,FALSE,FALSE,-0.903488388
21995,,2023-05-04 0:00,0.539542637,0.322297752,-0.260340128,-0.0452319864,-0.313685113,1.590745576,FALSE,FALSE,TRUE,FALSE,FALSE,FALSE,FALSE,FALSE,TRUE,FALSE,FALSE,-0.75445428
12875,,2023-05-05 0:00,0.539542637,-0.931138017,0.337175205,-0.21553571,2.065867936,1.534761736,FALSE,FALSE,FALSE,TRUE,FALSE,FALSE,FALSE,FALSE,TRUE,FALSE,FALSE,-0.683859176
13806,,2023-05-06 0:00,0.507038987,-0.939550337,4.669161372,0.453717686,3.428989385,1.518952955,FALSE,FALSE,FALSE,FALSE,TRUE,FALSE,FALSE,FALSE,TRUE,FALSE,FALSE,-0.628951873
26672,,2023-05-07 0:00,0.507038987,-0.13196756,0.486554039,-0.211735982,-0.313685113,1.418448667,FALSE,FALSE,FALSE,FALSE,FALSE,TRUE,FALSE,FALSE,TRUE,FALSE,FALSE,-0.676015276
16040,,2023-05-08 0:00,0.507038987,-0.0941121174,-0.110961295,0.420017927,-0.313685113,1.124646489,FALSE,FALSE,FALSE,FALSE,FALSE,FALSE,TRUE,FALSE,TRUE,FALSE,FALSE,-0.597576272
21373,,2023-05-10 0:00,0.637053588,0.784975385,-0.708476628,0.795654648,-0.313685113,1.058665395,TRUE,FALSE,FALSE,FALSE,FALSE,FALSE,FALSE,FALSE,TRUE,FALSE,FALSE,-0.707390878
19227,,2023-05-11 0:00,0.637053588,0.587285851,0.0384175385,0.573725377,-0.313685113,1.064850225,FALSE,TRUE,FALSE,FALSE,FALSE,FALSE,FALSE,FALSE,TRUE,FALSE,FALSE,-0.730922579
23701,,2023-05-12 0:00,0.92958644,0.72188298,-0.708476628,0.46140311,-0.313685113,1.09617449,FALSE,FALSE,TRUE,FALSE,FALSE,FALSE,FALSE,FALSE,TRUE,FALSE,FALSE,-0.785829882
29974,,2023-05-13 0:00,0.92958644,0.250793027,-0.409718961,-0.390697842,-0.313685113,1.105958279,FALSE,FALSE,FALSE,TRUE,FALSE,FALSE,FALSE,FALSE,TRUE,FALSE,FALSE,-0.526981168
23872,,2023-05-14 0:00,0.89708279,-0.485285025,-0.409718961,-0.477646619,-0.313685113,1.084391164,FALSE,FALSE,FALSE,FALSE,TRUE,FALSE,FALSE,FALSE,TRUE,FALSE,FALSE,-0.495605566
18656,,2023-05-15 0:00,0.89708279,0.0573096533,0.187796372,-0.0994527218,-0.313685113,1.502602328,FALSE,FALSE,FALSE,FALSE,FALSE,TRUE,FALSE,FALSE,TRUE,FALSE,FALSE,-0.519137267
23724,,2023-05-17 0:00,1.059601041,0.0236603709,1.681584705,0.17107678,-0.313685113,1.65293244,FALSE,FALSE,FALSE,FALSE,FALSE,FALSE,TRUE,FALSE,TRUE,FALSE,FALSE,-0.38579096
17569,,2023-05-18 0:00,0.89708279,-0.0436381938,-0.260340128,-0.421560629,-0.211254021,1.661996524,TRUE,FALSE,FALSE,FALSE,FALSE,FALSE,FALSE,FALSE,TRUE,FALSE,FALSE,-0.613264073
20739,,2023-05-19 0:00,0.669557238,-0.502109666,0.0384175385,-0.269587264,-0.313685113,1.66970103,FALSE,TRUE,FALSE,FALSE,FALSE,FALSE,FALSE,FALSE,TRUE,FALSE,FALSE,-0.56620067
27054,,2023-05-20 0:00,0.572046287,-0.434811101,1.084069372,0.128452908,-0.313685113,1.666155437,FALSE,FALSE,TRUE,FALSE,FALSE,FALSE,FALSE,FALSE,TRUE,FALSE,FALSE,-0.668171376
24864,,2023-05-21 0:00,0.474535336,1.70612449,1.084069372,0.548397085,-0.297926483,1.643521953,FALSE,FALSE,FALSE,TRUE,FALSE,FALSE,FALSE,FALSE,TRUE,FALSE,FALSE,-0.503449467
14809,,2023-05-22 0:00,0.377024385,3.83023544,-0.559097795,0.666336183,-0.313685113,0.8273318,FALSE,FALSE,FALSE,FALSE,TRUE,FALSE,FALSE,FALSE,TRUE,FALSE,FALSE,-0.542668969
22239,,2023-05-24 0:00,0.377024385,0.1582575,-0.409718961,0.688658485,-0.313685113,0.646050726,FALSE,FALSE,FALSE,FALSE,FALSE,TRUE,FALSE,FALSE,TRUE,FALSE,FALSE,-0.472073865
18185,,2023-05-25 0:00,0.572046287,-0.0562566747,0.187796372,0.0101419096,-0.313685113,0.61451317,FALSE,FALSE,FALSE,FALSE,FALSE,FALSE,TRUE,FALSE,TRUE,FALSE,FALSE,-0.511293367
18761,,2023-05-26 0:00,0.669557238,-0.13617372,-0.260340128,-0.448719199,-0.274288539,0.584788413,TRUE,FALSE,FALSE,FALSE,FALSE,FALSE,FALSE,FALSE,TRUE,FALSE,FALSE,-0.511293367
19385,,2023-05-27 0:00,0.637053588,-0.216090766,-0.857855462,0.239181836,2.191936972,0.528671288,FALSE,TRUE,FALSE,FALSE,FALSE,FALSE,FALSE,FALSE,TRUE,FALSE,FALSE,-0.589732371
11849,,2023-05-28 0:00,0.637053588,-1.011055062,-0.708476628,0.21936303,2.979868445,0.490682245,FALSE,FALSE,TRUE,FALSE,FALSE,FALSE,FALSE,FALSE,TRUE,FALSE,FALSE,-0.57404457
19726,,2023-05-29 0:00,0.604549937,-0.897488734,-1.007234295,0.384564066,-0.132460874,0.267954985,FALSE,FALSE,FALSE,TRUE,FALSE,FALSE,FALSE,FALSE,TRUE,FALSE,FALSE,-0.479917765
45507,,2023-05-31 0:00,0.572046287,-0.291801651,0.337175205,0.548613433,-0.313685113,0.25897082,FALSE,FALSE,FALSE,FALSE,TRUE,FALSE,FALSE,FALSE,TRUE,FALSE,FALSE,-0.448542164
15037,,2023-06-01 0:00,0.539542637,0.14563902,-0.559097795,0.696877948,-0.313685113,0.234391252,FALSE,FALSE,FALSE,FALSE,FALSE,TRUE,FALSE,FALSE,TRUE,FALSE,FALSE,-0.432854363
14199,,2023-06-02 0:00,-0.0130194179,-0.178235323,0.0384175385,0.579383234,-0.313685113,0.2183159,FALSE,FALSE,FALSE,FALSE,FALSE,FALSE,TRUE,FALSE,TRUE,FALSE,FALSE,-0.464229964
22661,,2023-06-03 0:00,-0.0130194179,-0.0520505144,0.635932872,0.377962653,-0.313685113,0.266195378,TRUE,FALSE,FALSE,FALSE,FALSE,FALSE,FALSE,FALSE,TRUE,FALSE,FALSE,-0.393634861
25039,,2023-06-04 0:00,0.0194842324,0.0741342945,0.187796372,0.478174429,-0.313685113,0.339294297,FALSE,TRUE,FALSE,FALSE,FALSE,FALSE,FALSE,FALSE,TRUE,FALSE,FALSE,-0.487761666
18786,,2023-06-05 0:00,0.0194842324,-0.195059965,0.486554039,0.747277818,-0.313685113,0.173375225,FALSE,FALSE,TRUE,FALSE,FALSE,FALSE,FALSE,FALSE,TRUE,FALSE,FALSE,-0.534825068
16265,,2023-06-06 0:00,-0.0130194179,-0.607263674,0.486554039,1.113372653,-0.313685113,0.160685629,FALSE,FALSE,FALSE,TRUE,FALSE,FALSE,FALSE,FALSE,TRUE,FALSE,FALSE,-0.425010462
12018,,2023-06-08 0:00,-0.0455230682,-0.569408231,0.187796372,0.919701662,-0.163978133,0.0883865074,FALSE,FALSE,FALSE,FALSE,TRUE,FALSE,FALSE,FALSE,TRUE,FALSE,FALSE,-0.370103159
14437,,2023-06-09 0:00,-0.435566872,-0.451635743,-0.409718961,0.551910886,-0.219133336,0.0396538657,FALSE,FALSE,FALSE,FALSE,FALSE,TRUE,FALSE,FALSE,TRUE,FALSE,FALSE,-0.432854363
18047,,2023-06-10 0:00,-0.435566872,-0.0184012321,0.0384175385,0.828779853,-0.250650595,-0.0645027482,FALSE,FALSE,FALSE,FALSE,FALSE,FALSE,TRUE,FALSE,TRUE,FALSE,FALSE,-0.456386064
15174,,2023-06-11 0:00,-0.468070522,-0.55678975,-0.110961295,0.651284152,2.223454231,-0.174790913,TRUE,FALSE,FALSE,FALSE,FALSE,FALSE,FALSE,FALSE,TRUE,FALSE,FALSE,-0.472073865
13439,,2023-06-12 0:00,-0.468070522,-0.211884606,-0.857855462,0.223491731,-0.313685113,-0.0949802916,FALSE,TRUE,FALSE,FALSE,FALSE,FALSE,FALSE,FALSE,TRUE,FALSE,FALSE,-0.472073865
13020,,2023-06-14 0:00,-0.955625276,-0.249740048,-1.156613128,0.633115004,2.097385195,-0.160188227,FALSE,FALSE,TRUE,FALSE,FALSE,FALSE,FALSE,FALSE,TRUE,FALSE,FALSE,-0.56620067
13081,,2023-06-15 0:00,-0.890617976,-0.178235323,-0.260340128,0.820909795,-0.313685113,-0.16165445,FALSE,FALSE,FALSE,TRUE,FALSE,FALSE,FALSE,FALSE,TRUE,FALSE,FALSE,-0.464229964
13634,,2023-06-16 0:00,-1.053136227,-0.350687896,-0.260340128,0.807905278,-0.313685113,-0.160241506,FALSE,FALSE,FALSE,FALSE,TRUE,FALSE,FALSE,FALSE,TRUE,FALSE,FALSE,-0.503449467
17470,,2023-06-17 0:00,-0.955625276,-0.535758949,-0.409718961,0.906635709,-0.313685113,-0.151390713,FALSE,FALSE,FALSE,FALSE,FALSE,TRUE,FALSE,FALSE,TRUE,FALSE,FALSE,-0.323039757
14375,,2023-06-18 0:00,-0.890617976,-0.325450934,-0.409718961,0.790407598,-0.313685113,-0.177623156,FALSE,FALSE,FALSE,FALSE,FALSE,FALSE,TRUE,FALSE,TRUE,FALSE,FALSE,-0.519137267
11490,,2023-06-19 0:00,-0.793107025,0.389596317,-0.110961295,0.202065796,-0.313685113,-0.4506292,TRUE,FALSE,FALSE,FALSE,FALSE,FALSE,FALSE,FALSE,TRUE,FALSE,FALSE,-0.519137267
9619,,2023-06-21 0:00,-0.468070522,-0.98161194,-0.260340128,0.0453507284,1.648264256,-0.514130807,FALSE,TRUE,FALSE,FALSE,FALSE,FALSE,FALSE,FALSE,TRUE,FALSE,FALSE,-0.503449467
17737,,2023-06-22 0:00,-0.435566872,-0.657737597,-0.110961295,0.644463503,-0.313685113,-0.535911214,FALSE,FALSE,TRUE,FALSE,FALSE,FALSE,FALSE,FALSE,TRUE,FALSE,FALSE,-0.519137267
13434,,2023-06-23 0:00,-0.143034019,-0.0352258732,-1.156613128,0.896240779,-0.313685113,-0.563476595,FALSE,FALSE,FALSE,TRUE,FALSE,FALSE,FALSE,FALSE,TRUE,FALSE,FALSE,-0.417166562
17372,,2023-06-24 0:00,-0.110530369,0.120402058,-0.409718961,0.885476896,-0.313685113,-0.584030709,FALSE,FALSE,FALSE,FALSE,TRUE,FALSE,FALSE,FALSE,TRUE,FALSE,FALSE,-0.354415358
16562,,2023-06-25 0:00,-0.0780267185,-0.1277614,-0.260340128,0.809588681,-0.313685113,-0.59570739,FALSE,FALSE,FALSE,FALSE,FALSE,TRUE,FALSE,FALSE,FALSE,TRUE,FALSE,-0.38579096
7925,,2023-06-26 0:00,-0.0455230682,-0.725036162,0.934690539,0.439327927,2.073747251,-0.7450467,FALSE,FALSE,FALSE,FALSE,FALSE,FALSE,TRUE,FALSE,FALSE,TRUE,FALSE,-0.401478761
25442,,2023-06-28 0:00,0.0194842324,-0.232915407,0.337175205,0.815503007,-0.313685113,-0.772665448,TRUE,FALSE,FALSE,FALSE,FALSE,FALSE,FALSE,FALSE,FALSE,TRUE,FALSE,-0.495605566
2976,,2023-06-29 0:00,0.344520735,-0.148792201,0.0384175385,0.814087264,4.713317686,-0.815106527,FALSE,TRUE,FALSE,FALSE,FALSE,FALSE,FALSE,FALSE,FALSE,TRUE,FALSE,-0.432854363
11713,,2023-06-30 0:00,0.409528036,-0.060462835,-0.708476628,0.680966251,-0.234891965,-0.840272602,FALSE,FALSE,TRUE,FALSE,FALSE,FALSE,FALSE,FALSE,FALSE,TRUE,FALSE,-0.330883657
12566,,2023-07-01 0:00,0.279513435,-0.300213972,-0.409718961,0.486298051,-0.313685113,-0.853761996,FALSE,FALSE,FALSE,TRUE,FALSE,FALSE,FALSE,FALSE,FALSE,TRUE,FALSE,-0.409322661
13678,,2023-07-02 0:00,0.182002484,-0.624088315,-0.559097795,0.565554619,-0.313685113,-0.85517494,FALSE,FALSE,FALSE,FALSE,TRUE,FALSE,FALSE,FALSE,FALSE,TRUE,FALSE,-0.338727558
9511,,2023-07-03 0:00,0.0519878826,-0.144586041,-0.708476628,0.400119139,-0.313685113,-0.730521844,FALSE,FALSE,FALSE,FALSE,FALSE,TRUE,FALSE,FALSE,FALSE,TRUE,FALSE,-0.495605566
11549,,2023-07-05 0:00,-0.20804132,-0.375924857,2.129721205,0.895011603,0.891850041,-0.727349467,FALSE,FALSE,FALSE,FALSE,FALSE,FALSE,TRUE,FALSE,FALSE,TRUE,FALSE,-0.393634861
10339,,2023-07-06 0:00,-0.175537669,0.427451759,0.635932872,0.81070578,-0.313685113,-0.695785271,TRUE,FALSE,FALSE,FALSE,FALSE,FALSE,FALSE,FALSE,FALSE,TRUE,FALSE,-0.534825068
10816,,2023-07-07 0:00,-0.0455230682,0.330710073,0.0384175385,0.625319824,-0.313685113,-0.679203419,FALSE,TRUE,FALSE,FALSE,FALSE,FALSE,FALSE,FALSE,FALSE,TRUE,FALSE,-0.511293367
15601,,2023-07-08 0:00,-0.0455230682,-0.943756497,-0.110961295,0.705251421,-0.313685113,-0.667473458,FALSE,FALSE,TRUE,FALSE,FALSE,FALSE,FALSE,FALSE,FALSE,TRUE,FALSE,-0.425010462
8196,,2023-07-09 0:00,-0.0780267185,-0.809159368,-0.409718961,0.691656059,3.428989385,-0.668593106,FALSE,FALSE,FALSE,TRUE,FALSE,FALSE,FALSE,FALSE,FALSE,TRUE,FALSE,-0.38579096
11153,,2023-07-10 0:00,-0.0780267185,-0.119349079,0.0384175385,0.422668295,0.592436082,-0.826514549,FALSE,FALSE,FALSE,FALSE,TRUE,FALSE,FALSE,FALSE,FALSE,TRUE,FALSE,-0.330883657
13584,,2023-07-12 0:00,-0.598085123,-0.472666544,-1.156613128,0.751142266,-0.258529909,-0.805400655,FALSE,FALSE,FALSE,FALSE,FALSE,TRUE,FALSE,FALSE,FALSE,TRUE,FALSE,-0.448542164
4174,,2023-07-13 0:00,-1.020632577,-0.485285025,-1.007234295,0.929542358,6.903767182,-0.83056673,FALSE,FALSE,FALSE,FALSE,FALSE,FALSE,TRUE,FALSE,FALSE,TRUE,FALSE,-0.417166562
6574,,2023-07-14 0:00,-1.41067638,-0.788128566,0.934690539,1.068838821,5.414576697,-0.853706714,TRUE,FALSE,FALSE,FALSE,FALSE,FALSE,FALSE,FALSE,FALSE,TRUE,FALSE,-0.432854363
11698,,2023-07-15 0:00,-1.37817273,-0.514728147,1.084069372,1.194210406,-0.132460874,-0.876846699,FALSE,TRUE,FALSE,FALSE,FALSE,FALSE,FALSE,FALSE,FALSE,TRUE,FALSE,-0.456386064
14964,,2023-07-16 0:00,-1.37817273,-0.165616842,0.0384175385,1.48227847,0.450608416,-0.878286283,FALSE,FALSE,TRUE,FALSE,FALSE,FALSE,FALSE,FALSE,FALSE,TRUE,FALSE,-0.393634861
13521,,2023-07-17 0:00,-1.34566908,-0.41798646,-0.857855462,1.027039088,-0.203374706,-0.890682669,FALSE,FALSE,FALSE,TRUE,FALSE,FALSE,FALSE,FALSE,FALSE,TRUE,FALSE,-0.37794706
19393,,2023-07-19 0:00,-1.313165429,-0.296007812,-0.857855462,0.257194408,-0.313685113,-0.919607628,FALSE,FALSE,FALSE,FALSE,TRUE,FALSE,FALSE,FALSE,FALSE,TRUE,FALSE,-0.37794706
9558,,2023-07-20 0:00,-1.248158129,0.71767682,-0.708476628,0.65274722,-0.313685113,-0.906678014,FALSE,FALSE,FALSE,FALSE,FALSE,TRUE,FALSE,FALSE,FALSE,TRUE,FALSE,-0.464229964
9167,,2023-07-21 0:00,-0.760603374,1.083612766,-0.708476628,0.848559083,-0.313685113,-0.894921414,FALSE,FALSE,FALSE,FALSE,FALSE,FALSE,TRUE,FALSE,FALSE,TRUE,FALSE,-0.37794706
11723,,2023-07-22 0:00,-0.793107025,-0.115142919,0.486554039,1.122106834,0.655470599,-0.890549384,TRUE,FALSE,FALSE,FALSE,FALSE,FALSE,FALSE,FALSE,FALSE,TRUE,FALSE,-0.464229964
6575,,2023-07-23 0:00,-0.825610675,-1.040498184,-0.260340128,1.367814976,2.85379941,-0.882445022,FALSE,TRUE,FALSE,FALSE,FALSE,FALSE,FALSE,FALSE,FALSE,TRUE,FALSE,-0.432854363
12075,,2023-07-24 0:00,-0.858114325,-0.582026712,-0.409718961,0.680766291,-0.282167854,-0.867329393,FALSE,FALSE,TRUE,FALSE,FALSE,FALSE,FALSE,FALSE,FALSE,TRUE,FALSE,-0.362259259
23612,,2023-07-26 0:00,-0.988128926,-0.910107215,-0.110961295,0.981146071,-0.234891965,-0.816144079,FALSE,FALSE,FALSE,TRUE,FALSE,FALSE,FALSE,FALSE,FALSE,TRUE,FALSE,-0.291664155
14077,,2023-07-27 0:00,-0.988128926,-0.586232872,-0.559097795,1.048396405,-0.313685113,-0.801934806,FALSE,FALSE,FALSE,FALSE,TRUE,FALSE,FALSE,FALSE,FALSE,TRUE,FALSE,-0.213225151
12380,,2023-07-28 0:00,-0.988128926,-0.161410682,-0.260340128,0.596991903,-0.313685113,-0.78220713,FALSE,FALSE,FALSE,FALSE,FALSE,TRUE,FALSE,FALSE,FALSE,TRUE,FALSE,-0.213225151
14700,,2023-07-29 0:00,-0.988128926,-0.253946209,-0.409718961,0.776992781,-0.313685113,-0.747390464,FALSE,FALSE,FALSE,FALSE,FALSE,FALSE,TRUE,FALSE,FALSE,TRUE,FALSE,-0.283820255
14335,,2023-07-30 0:00,-1.020632577,-0.825984009,-0.559097795,1.174221876,1.65614357,-0.72859587,TRUE,FALSE,FALSE,FALSE,FALSE,FALSE,FALSE,FALSE,FALSE,TRUE,FALSE,-0.291664155
15118,,2023-07-31 0:00,-1.020632577,-0.220296926,-0.857855462,1.042947841,-0.290047168,-0.834081156,FALSE,TRUE,FALSE,FALSE,FALSE,FALSE,FALSE,FALSE,FALSE,TRUE,FALSE,-0.275976354
12058,,2023-08-02 0:00,-0.30555227,-0.0436381938,-0.260340128,1.372240541,-0.313685113,-0.845597913,FALSE,FALSE,TRUE,FALSE,FALSE,FALSE,FALSE,FALSE,FALSE,TRUE,FALSE,-0.20538125
10292,,2023-08-03 0:00,-0.24054497,-0.531552788,-0.260340128,0.894194414,-0.313685113,-0.851356247,FALSE,FALSE,FALSE,TRUE,FALSE,FALSE,FALSE,FALSE,FALSE,TRUE,FALSE,-0.150473947
9508,,2023-08-04 0:00,0.0194842324,-0.586232872,-0.559097795,0.784773804,-0.313685113,-0.856181586,FALSE,FALSE,FALSE,FALSE,TRUE,FALSE,FALSE,FALSE,FALSE,TRUE,FALSE,-0.189693449
9734,,2023-08-05 0:00,0.0194842324,-0.594645193,-0.409718961,1.206612196,-0.313685113,-0.888172364,FALSE,FALSE,FALSE,FALSE,FALSE,TRUE,FALSE,FALSE,FALSE,TRUE,FALSE,-0.283820255
9726,,2023-08-06 0:00,-0.0130194179,-0.548377429,-0.857855462,1.219663612,0.0724013092,-0.925255051,FALSE,FALSE,FALSE,FALSE,FALSE,FALSE,TRUE,FALSE,FALSE,TRUE,FALSE,-0.134786147
9131,,2023-08-07 0:00,-0.0130194179,-0.994230421,0.635932872,0.969512794,-0.313685113,-0.909821662,TRUE,FALSE,FALSE,FALSE,FALSE,FALSE,FALSE,FALSE,FALSE,TRUE,FALSE,-0.221069051
13058,,2023-08-09 0:00,0.344520735,-1.095178268,1.382827039,0.758182112,-0.297926483,-0.964632488,FALSE,TRUE,FALSE,FALSE,FALSE,FALSE,FALSE,FALSE,FALSE,TRUE,FALSE,-0.221069051
2926,,2023-08-10 0:00,0.312017085,-1.225569237,2.129721205,0.992011834,6.470404871,-0.990305064,FALSE,FALSE,TRUE,FALSE,FALSE,FALSE,FALSE,FALSE,FALSE,TRUE,FALSE,-0.174005649
6126,,2023-08-11 0:00,0.539542637,-0.754479284,0.0384175385,0.563151127,3.365954867,-0.992917574,FALSE,FALSE,FALSE,TRUE,FALSE,FALSE,FALSE,FALSE,FALSE,TRUE,FALSE,-0.134786147
16508,,2023-08-12 0:00,0.637053588,-0.640912956,-0.559097795,0.868869267,-0.195495392,-0.934001288,FALSE,FALSE,FALSE,FALSE,TRUE,FALSE,FALSE,FALSE,FALSE,TRUE,FALSE,-0.0563471422
21232,,2023-08-13 0:00,0.702060888,-0.253946209,-0.857855462,0.703287338,-0.313685113,-0.84200113,FALSE,FALSE,FALSE,FALSE,FALSE,TRUE,FALSE,FALSE,FALSE,TRUE,FALSE,-0.213225151
16375,,2023-08-14 0:00,0.799571839,0.259205348,-1.007234295,0.592097451,-0.313685113,-0.645981908,FALSE,FALSE,FALSE,FALSE,FALSE,FALSE,TRUE,FALSE,FALSE,TRUE,FALSE,-0.166161748
11680,,2023-08-15 0:00,0.92958644,-0.367512537,0.0384175385,0.650770842,-0.313685113,-0.56899082,TRUE,FALSE,FALSE,FALSE,FALSE,FALSE,FALSE,FALSE,FALSE,TRUE,FALSE,-0.268132454
11720,,2023-08-17 0:00,1.157111992,-0.392749498,-0.857855462,0.710035486,-0.313685113,-0.484242034,FALSE,TRUE,FALSE,FALSE,FALSE,FALSE,FALSE,FALSE,FALSE,TRUE,FALSE,-0.166161748
10501,,2023-08-18 0:00,0.962090091,0.0404850121,-0.559097795,0.842344103,-0.305805798,-0.480429871,FALSE,FALSE,TRUE,FALSE,FALSE,FALSE,FALSE,FALSE,FALSE,TRUE,FALSE,-0.111254445
13234,,2023-08-19 0:00,0.994593741,-0.249740048,-0.559097795,0.790144376,-0.313685113,-0.523724027,FALSE,FALSE,FALSE,TRUE,FALSE,FALSE,FALSE,FALSE,FALSE,TRUE,FALSE,-0.032815441
12361,,2023-08-20 0:00,1.059601041,-0.321244773,-1.007234295,1.101404625,-0.313685113,-0.579414657,FALSE,FALSE,FALSE,FALSE,TRUE,FALSE,FALSE,FALSE,FALSE,TRUE,FALSE,-0.111254445
10013,,2023-08-21 0:00,1.092104692,-0.401161819,0.187796372,1.228983181,-0.313685113,-0.249789253,FALSE,FALSE,FALSE,FALSE,FALSE,TRUE,FALSE,FALSE,FALSE,TRUE,FALSE,-0.150473947
6393,,2023-08-23 0:00,0.962090091,-1.019467383,-0.110961295,1.440461596,2.979868445,-0.313317587,FALSE,FALSE,FALSE,FALSE,FALSE,FALSE,TRUE,FALSE,FALSE,TRUE,FALSE,-0.0563471422
10756,,2023-08-24 0:00,0.442031686,-1.141446031,0.785311705,1.210274204,0.0960392534,-0.307292595,TRUE,FALSE,FALSE,FALSE,FALSE,FALSE,FALSE,FALSE,FALSE,TRUE,FALSE,-0.181849549
11657,,2023-08-25 0:00,0.572046287,-0.6997992,0.486554039,0.711850708,-0.313685113,-0.206308359,FALSE,TRUE,FALSE,FALSE,FALSE,FALSE,FALSE,FALSE,FALSE,TRUE,FALSE,-0.174005649
16811,,2023-08-26 0:00,0.539542637,0.179288302,-0.708476628,1.019442018,-0.313685113,-0.165360142,FALSE,FALSE,TRUE,FALSE,FALSE,FALSE,FALSE,FALSE,FALSE,TRUE,FALSE,0.022091862
15373,,2023-08-27 0:00,0.507038987,-0.228709247,-0.708476628,1.140970588,-0.313685113,-0.143313165,FALSE,FALSE,FALSE,TRUE,FALSE,FALSE,FALSE,FALSE,FALSE,TRUE,FALSE,-0.0641910427
7946,,2023-08-28 0:00,0.474535336,-0.813365528,1.532205872,1.116137144,0.505763619,-0.248105299,FALSE,FALSE,FALSE,FALSE,TRUE,FALSE,FALSE,FALSE,FALSE,TRUE,FALSE,-0.0485032418
21712,,2023-08-30 0:00,0.442031686,-0.636706796,-1.754128462,1.229736373,-0.037909097,-0.180711349,FALSE,FALSE,FALSE,FALSE,FALSE,TRUE,FALSE,FALSE,FALSE,TRUE,FALSE,-0.142630047
11434,,2023-08-31 0:00,0.539542637,-0.523140468,-1.455370795,1.407248098,-0.313685113,-0.130165995,FALSE,FALSE,FALSE,FALSE,FALSE,FALSE,TRUE,FALSE,FALSE,TRUE,FALSE,-0.032815441
15646,,2023-09-01 0:00,0.377024385,-0.359100216,-0.409718961,1.37105089,-0.313685113,-0.141176163,TRUE,FALSE,FALSE,FALSE,FALSE,FALSE,FALSE,FALSE,FALSE,TRUE,FALSE,-0.126942246
21183,,2023-09-02 0:00,0.377024385,-0.211884606,-1.007234295,1.336465071,-0.313685113,-0.0979620128,FALSE,TRUE,FALSE,FALSE,FALSE,FALSE,FALSE,FALSE,FALSE,TRUE,FALSE,-0.134786147
18186,,2023-09-03 0:00,0.344520735,-0.674562238,-0.110961295,1.281184618,-0.305805798,-0.0658645895,FALSE,FALSE,TRUE,FALSE,FALSE,FALSE,FALSE,FALSE,FALSE,TRUE,FALSE,-0.0406593414
13438,,2023-09-04 0:00,0.344520735,-0.716623841,-0.708476628,1.45647619,-0.290047168,0.208421113,FALSE,FALSE,FALSE,TRUE,FALSE,FALSE,FALSE,FALSE,FALSE,TRUE,FALSE,-0.0485032418
17500,,2023-09-06 0:00,0.832075489,-0.645119116,0.187796372,1.481616745,-0.313685113,0.27085644,FALSE,FALSE,FALSE,FALSE,TRUE,FALSE,FALSE,FALSE,FALSE,TRUE,FALSE,0.0534674637
15876,,2023-09-07 0:00,0.92958644,-0.661943758,0.337175205,1.471302702,-0.313685113,0.284905787,FALSE,FALSE,FALSE,FALSE,FALSE,TRUE,FALSE,FALSE,FALSE,TRUE,FALSE,-0.126942246
16727,,2023-09-08 0:00,0.86457914,-0.6997992,0.0384175385,1.513685921,-0.313685113,0.290744128,FALSE,FALSE,FALSE,FALSE,FALSE,FALSE,TRUE,FALSE,FALSE,TRUE,FALSE,-0.0249715405
20684,,2023-09-09 0:00,0.86457914,-0.161410682,-0.708476628,1.526876153,-0.313685113,0.294716303,TRUE,FALSE,FALSE,FALSE,FALSE,FALSE,FALSE,FALSE,FALSE,TRUE,FALSE,-0.119098346
19934,,2023-09-10 0:00,0.86457914,0.0320726915,-1.007234295,1.388544912,-0.313685113,0.316549989,FALSE,TRUE,FALSE,FALSE,FALSE,FALSE,FALSE,FALSE,FALSE,TRUE,FALSE,-0.0406593414
13473,,2023-09-11 0:00,0.86457914,-0.178235323,-0.559097795,1.54385886,-0.313685113,0.509847791,FALSE,FALSE,TRUE,FALSE,FALSE,FALSE,FALSE,FALSE,FALSE,TRUE,FALSE,-0.0798788435
15960,,2023-09-13 0:00,0.669557238,-0.523140468,-0.708476628,1.68614799,0.93912593,0.506648688,FALSE,FALSE,FALSE,TRUE,FALSE,FALSE,FALSE,FALSE,FALSE,TRUE,FALSE,-0.683859176
18484,,2023-09-14 0:00,0.604549937,-1.065735146,0.187796372,1.34538457,-0.313685113,0.518431927,FALSE,FALSE,FALSE,FALSE,TRUE,FALSE,FALSE,FALSE,FALSE,TRUE,FALSE,0.131906468
14258,,2023-09-15 0:00,0.637053588,-1.027879703,0.486554039,0.437911552,-0.148219503,0.518005345,FALSE,FALSE,FALSE,FALSE,FALSE,TRUE,FALSE,FALSE,FALSE,TRUE,FALSE,0.0299357624
20065,,2023-09-16 0:00,0.637053588,-0.960581139,-0.857855462,0.554484968,2.735609689,0.504942447,FALSE,FALSE,FALSE,FALSE,FALSE,FALSE,TRUE,FALSE,FALSE,TRUE,FALSE,-0.0641910427
20117,,2023-09-17 0:00,0.637053588,-0.817571688,-1.305991962,0.560279041,-0.0773056707,0.518885062,TRUE,FALSE,FALSE,FALSE,FALSE,FALSE,FALSE,FALSE,FALSE,TRUE,FALSE,-0.119098346
17427,,2023-09-18 0:00,0.637053588,-0.687180719,-0.559097795,1.104359004,-0.313685113,0.487722811,FALSE,TRUE,FALSE,FALSE,FALSE,FALSE,FALSE,FALSE,FALSE,TRUE,FALSE,-0.417166562
12380,,2023-09-20 0:00,0.734564539,-0.569408231,0.635932872,1.232117855,2.507109561,0.52016681,FALSE,FALSE,TRUE,FALSE,FALSE,FALSE,FALSE,FALSE,FALSE,TRUE,FALSE,0.0691552646
21112,,2023-09-21 0:00,1.027097391,-1.044704345,0.0384175385,1.329713936,-0.313685113,0.525418644,FALSE,FALSE,FALSE,TRUE,FALSE,FALSE,FALSE,FALSE,FALSE,TRUE,FALSE,-0.032815441
20944,,2023-09-22 0:00,1.027097391,-0.632500635,-0.857855462,1.193355003,-0.313685113,0.534616013,FALSE,FALSE,FALSE,FALSE,TRUE,FALSE,FALSE,FALSE,FALSE,TRUE,FALSE,0.0456235633
23296,,2023-09-23 0:00,0.994593741,-0.674562238,0.337175205,1.270823518,-0.313685113,0.574631147,FALSE,FALSE,FALSE,FALSE,FALSE,TRUE,FALSE,FALSE,FALSE,TRUE,FALSE,-0.0955666444
21417,,2023-09-24 0:00,0.962090091,-0.968993459,0.934690539,1.37105089,-0.313685113,0.595158622,FALSE,FALSE,FALSE,FALSE,FALSE,FALSE,TRUE,FALSE,FALSE,TRUE,FALSE,-0.0877227439
12579,,2023-09-25 0:00,0.92958644,-0.964787299,0.0384175385,1.409119737,-0.163978133,1.306612097,TRUE,FALSE,FALSE,FALSE,FALSE,FALSE,FALSE,FALSE,FALSE,TRUE,FALSE,-0.0641910427
15563,,2023-09-27 0:00,1.417141195,-1.057322825,-0.708476628,1.295128981,0.0330047356,1.39466672,FALSE,TRUE,FALSE,FALSE,FALSE,FALSE,FALSE,FALSE,FALSE,TRUE,FALSE,-0.174005649
52519,,2023-09-28 0:00,1.482148495,0.389596317,-0.409718961,1.438089204,-0.313685113,1.698419053,FALSE,FALSE,TRUE,FALSE,FALSE,FALSE,FALSE,FALSE,FALSE,TRUE,FALSE,-0.00928373968
116261,,2023-09-29 0:00,1.514652145,0.00683572973,-1.305991962,1.123352792,-0.313685113,2.243115266,FALSE,FALSE,FALSE,TRUE,FALSE,FALSE,FALSE,FALSE,FALSE,TRUE,FALSE,-0.0563471422
111826,,2023-09-30 0:00,1.579659446,-0.371718697,-0.110961295,0.708131691,0.0408840503,2.613248548,FALSE,FALSE,FALSE,FALSE,TRUE,FALSE,FALSE,FALSE,FALSE,TRUE,FALSE,0.00640406117
138334,,2023-10-01 0:00,1.612163096,-0.354894056,0.187796372,0.818019224,-0.313685113,3.049815885,FALSE,FALSE,FALSE,FALSE,FALSE,TRUE,FALSE,FALSE,FALSE,TRUE,FALSE,-0.103410545
98355,,2023-10-02 0:00,1.677170397,-0.729242322,-0.857855462,1.042335857,-0.313685113,2.649821426,FALSE,FALSE,FALSE,FALSE,FALSE,FALSE,TRUE,FALSE,FALSE,TRUE,FALSE,-0.158317848
50295,,2023-10-03 0:00,1.709674047,-0.628294475,-0.857855462,1.100273314,-0.313685113,2.735423377,TRUE,FALSE,FALSE,FALSE,FALSE,FALSE,FALSE,FALSE,FALSE,TRUE,FALSE,-0.0877227439
18137,,2023-10-05 0:00,1.384637544,-0.169823003,0.486554039,1.037631039,-0.313685113,2.379606013,FALSE,TRUE,FALSE,FALSE,FALSE,FALSE,FALSE,FALSE,FALSE,TRUE,FALSE,-0.0485032418
20085,,2023-10-06 0:00,1.319630244,-0.535758949,-1.007234295,0.543238478,-0.313685113,1.865727564,FALSE,FALSE,TRUE,FALSE,FALSE,FALSE,FALSE,FALSE,FALSE,TRUE,FALSE,-0.0171276401
30086,,2023-10-07 0:00,1.352133894,-0.502109666,-0.260340128,0.6381762,-0.313685113,1.548432384,FALSE,FALSE,FALSE,TRUE,FALSE,FALSE,FALSE,FALSE,FALSE,TRUE,FALSE,-0.0563471422
34291,,2023-10-08 0:00,1.384637544,-0.952168818,0.337175205,0.547090103,-0.313685113,1.23289681,FALSE,FALSE,FALSE,FALSE,TRUE,FALSE,FALSE,FALSE,FALSE,TRUE,FALSE,-0.738766479
26174,,2023-10-09 0:00,1.417141195,-0.935344177,-0.559097795,0.794966285,-0.219133336,1.048625657,FALSE,FALSE,FALSE,FALSE,FALSE,TRUE,FALSE,FALSE,FALSE,TRUE,FALSE,-0.338727558
25001,,2023-10-11 0:00,1.027097391,-0.460048063,-0.857855462,0.9323,-0.313685113,0.999839736,FALSE,FALSE,FALSE,FALSE,FALSE,FALSE,TRUE,FALSE,FALSE,FALSE,TRUE,1.198676926
22184,,2023-10-12 0:00,1.124608342,-0.304420132,-1.156613128,1.103481872,-0.313685113,1.018740976,TRUE,FALSE,FALSE,FALSE,FALSE,FALSE,FALSE,FALSE,FALSE,FALSE,TRUE,1.065330619
22747,,2023-10-13 0:00,1.417141195,-0.00578275116,-1.156613128,0.973630677,-0.313685113,0.997333872,FALSE,TRUE,FALSE,FALSE,FALSE,FALSE,FALSE,FALSE,FALSE,FALSE,TRUE,1.104550121
24136,,2023-10-14 0:00,1.449644845,-0.27918317,-1.305991962,1.068125284,0.143315142,0.935271761,FALSE,FALSE,TRUE,FALSE,FALSE,FALSE,FALSE,FALSE,FALSE,FALSE,TRUE,1.065330619
20380,,2023-10-15 0:00,1.482148495,-0.41798646,-0.409718961,1.342482881,-0.313685113,0.901814673,FALSE,FALSE,FALSE,TRUE,FALSE,FALSE,FALSE,FALSE,FALSE,FALSE,TRUE,1.08886232
26221,,2023-10-16 0:00,1.514652145,0.393802477,0.187796372,1.33578467,-0.313685113,0.845619719,FALSE,FALSE,FALSE,FALSE,TRUE,FALSE,FALSE,FALSE,FALSE,FALSE,TRUE,1.128081822
8102,,2023-10-17 0:00,1.482148495,-0.0436381938,-1.007234295,1.302754126,-0.313685113,0.869746066,FALSE,FALSE,FALSE,FALSE,FALSE,TRUE,FALSE,FALSE,FALSE,FALSE,TRUE,1.159457424
32719,,2023-10-18 0:00,1.384637544,-0.0941121174,-0.260340128,1.137622845,-0.313685113,0.878250283,FALSE,FALSE,FALSE,FALSE,FALSE,FALSE,TRUE,FALSE,FALSE,FALSE,TRUE,1.230052528
22902,,2023-10-19 0:00,1.612163096,-0.190853804,-1.156613128,1.11371861,0.332418695,0.875771058,TRUE,FALSE,FALSE,FALSE,FALSE,FALSE,FALSE,FALSE,FALSE,FALSE,TRUE,1.120237922
30551,,2023-10-20 0:00,1.514652145,-0.55678975,1.382827039,1.081887404,-0.313685113,0.903229793,FALSE,TRUE,FALSE,FALSE,FALSE,FALSE,FALSE,FALSE,FALSE,FALSE,TRUE,1.08101842
38839,,2023-10-21 0:00,1.514652145,-0.674562238,0.0384175385,1.071844586,-0.227012651,0.979047955,FALSE,FALSE,TRUE,FALSE,FALSE,FALSE,FALSE,FALSE,FALSE,FALSE,TRUE,1.112394021
35968,,2023-10-22 0:00,1.547155796,-0.455841903,-0.857855462,1.061164069,-0.313685113,0.951189364,FALSE,FALSE,FALSE,TRUE,FALSE,FALSE,FALSE,FALSE,FALSE,FALSE,TRUE,0.7280429
27306,,2023-10-23 0:00,1.547155796,-0.182441484,-0.857855462,0.520310122,-0.313685113,0.858658155,FALSE,FALSE,FALSE,FALSE,TRUE,FALSE,FALSE,FALSE,FALSE,FALSE,TRUE,1.159457424
55880,,2023-10-25 0:00,1.352133894,0.0362788518,-1.305991962,0.800814124,-0.313685113,0.830292976,FALSE,FALSE,FALSE,FALSE,FALSE,TRUE,FALSE,FALSE,FALSE,FALSE,TRUE,1.112394021
30023,,2023-10-26 0:00,1.644666746,0.625141293,-0.260340128,0.567866771,-0.313685113,0.828933311,FALSE,FALSE,FALSE,FALSE,FALSE,FALSE,TRUE,FALSE,FALSE,FALSE,TRUE,1.292803731
32145,,2023-10-27 0:00,1.547155796,-0.232915407,-0.559097795,0.660398417,-0.313685113,0.840050038,TRUE,FALSE,FALSE,FALSE,FALSE,FALSE,FALSE,FALSE,FALSE,FALSE,TRUE,1.151613523
44856,,2023-10-28 0:00,1.514652145,0.0404850121,-1.305991962,0.777824631,-0.313685113,0.895687301,FALSE,TRUE,FALSE,FALSE,FALSE,FALSE,FALSE,FALSE,FALSE,FALSE,TRUE,1.159457424
40032,,2023-10-29 0:00,1.514652145,-0.199266125,-0.857855462,0.847801104,-0.313685113,0.934102839,FALSE,FALSE,TRUE,FALSE,FALSE,FALSE,FALSE,FALSE,FALSE,FALSE,TRUE,1.143769623
24654,,2023-10-30 0:00,1.482148495,0.326503912,-0.857855462,0.763147823,-0.313685113,0.770609713,FALSE,FALSE,FALSE,TRUE,FALSE,FALSE,FALSE,FALSE,FALSE,FALSE,TRUE,1.112394021
23340,,2023-11-01 0:00,1.579659446,0.498956484,0.187796372,0.295098016,-0.313685113,0.748322892,FALSE,FALSE,FALSE,FALSE,TRUE,FALSE,FALSE,FALSE,FALSE,FALSE,TRUE,1.206520826
22026,,2023-11-02 0:00,1.124608342,0.221349905,0.934690539,0.49175415,-0.313685113,0.73992532,FALSE,FALSE,FALSE,FALSE,FALSE,TRUE,FALSE,FALSE,FALSE,FALSE,TRUE,1.245740329
20985,,2023-11-03 0:00,0.409528036,-0.0983182777,0.785311705,0.563066882,0.35605664,0.686154223,FALSE,FALSE,FALSE,FALSE,FALSE,FALSE,TRUE,FALSE,FALSE,FALSE,TRUE,1.371242735
34255,,2023-11-04 0:00,0.214506134,0.671409057,0.486554039,0.748229555,-0.313685113,0.612575443,TRUE,FALSE,FALSE,FALSE,FALSE,FALSE,FALSE,FALSE,FALSE,FALSE,TRUE,1.214364727
16200,,2023-11-05 0:00,0.0194842324,-0.868045612,1.532205872,0.842182566,0.505763619,0.446836666,FALSE,TRUE,FALSE,FALSE,FALSE,FALSE,FALSE,FALSE,FALSE,FALSE,TRUE,1.230052528
15773,,2023-11-06 0:00,-0.175537669,-0.565202071,3.922267205,0.697132456,3.295041034,0.158606259,FALSE,FALSE,TRUE,FALSE,FALSE,FALSE,FALSE,FALSE,FALSE,FALSE,TRUE,1.261428129
22792,,2023-11-08 0:00,0.0844915329,-0.460048063,-0.857855462,0.155886482,-0.313685113,0.0578885055,FALSE,FALSE,FALSE,TRUE,FALSE,FALSE,FALSE,FALSE,FALSE,FALSE,TRUE,1.230052528
16913,,2023-11-09 0:00,0.0844915329,-0.195059965,-0.260340128,0.389737086,0.0881599387,0.00475719388,FALSE,FALSE,FALSE,FALSE,TRUE,FALSE,FALSE,FALSE,FALSE,FALSE,TRUE,1.543808545
16765,,2023-11-10 0:00,0.377024385,-0.70400536,2.428478872,0.657772302,-0.313685113,-0.0551189016,FALSE,FALSE,FALSE,FALSE,FALSE,TRUE,FALSE,FALSE,FALSE,FALSE,TRUE,1.708530454
21504,,2023-11-11 0:00,0.442031686,-0.628294475,-0.110961295,0.709362792,-0.313685113,-0.174951011,FALSE,FALSE,FALSE,FALSE,FALSE,FALSE,TRUE,FALSE,FALSE,FALSE,TRUE,1.418306138
19539,,2023-11-12 0:00,0.539542637,-0.628294475,-0.110961295,0.374518207,-0.313685113,-0.198197642,TRUE,FALSE,FALSE,FALSE,FALSE,FALSE,FALSE,FALSE,FALSE,FALSE,TRUE,1.347711034
15008,,2023-11-13 0:00,0.604549937,-0.434811101,0.0384175385,0.469124779,-0.313685113,-0.163836374,FALSE,TRUE,FALSE,FALSE,FALSE,FALSE,FALSE,FALSE,FALSE,FALSE,TRUE,1.441837839
16698,,2023-11-15 0:00,-0.143034019,0.364359355,-1.156613128,0.5226413,-0.313685113,-0.240854101,FALSE,FALSE,TRUE,FALSE,FALSE,FALSE,FALSE,FALSE,FALSE,FALSE,TRUE,1.371242735
8200,,2023-11-16 0:00,-0.30555227,0.398008637,-0.559097795,0.292944021,0.348177325,-0.301769925,FALSE,FALSE,FALSE,TRUE,FALSE,FALSE,FALSE,FALSE,FALSE,FALSE,TRUE,1.300647632
16109,,2023-11-17 0:00,-0.30555227,-0.636706796,0.934690539,0.154341278,-0.313685113,-0.33050832,FALSE,FALSE,FALSE,FALSE,TRUE,FALSE,FALSE,FALSE,FALSE,FALSE,TRUE,1.316335432
20132,,2023-11-18 0:00,-0.403063221,-0.523140468,1.830963539,0.232919358,-0.313685113,-0.354101526,FALSE,FALSE,FALSE,FALSE,FALSE,TRUE,FALSE,FALSE,FALSE,FALSE,TRUE,1.355554935
19964,,2023-11-19 0:00,-0.500574172,0.259205348,0.187796372,0.238950701,-0.313685113,-0.35961993,FALSE,FALSE,FALSE,FALSE,FALSE,FALSE,TRUE,FALSE,FALSE,FALSE,TRUE,1.418306138
16811,,2023-11-20 0:00,-0.598085123,-0.152998362,-1.156613128,0.271670198,-0.313685113,-0.428957789,TRUE,FALSE,FALSE,FALSE,FALSE,FALSE,FALSE,FALSE,FALSE,FALSE,TRUE,1.441837839
15652,,2023-11-22 0:00,-0.20804132,0.313885431,-0.708476628,0.243042187,-0.313685113,-0.433516384,FALSE,TRUE,FALSE,FALSE,FALSE,FALSE,FALSE,FALSE,FALSE,FALSE,TRUE,1.253584229
15325,,2023-11-23 0:00,-0.24054497,2.379110137,1.532205872,0.259822341,-0.305805798,-0.423812513,FALSE,FALSE,TRUE,FALSE,FALSE,FALSE,FALSE,FALSE,FALSE,FALSE,TRUE,1.379086636
19576,,2023-11-24 0:00,-0.0455230682,-0.754479284,2.279100039,0.243042187,-0.313685113,-0.440820948,FALSE,FALSE,FALSE,TRUE,FALSE,FALSE,FALSE,FALSE,FALSE,FALSE,TRUE,1.292803731
17407,,2023-11-25 0:00,-0.0455230682,-0.670356078,-0.708476628,0.416263572,-0.313685113,-0.465373789,FALSE,FALSE,FALSE,FALSE,TRUE,FALSE,FALSE,FALSE,FALSE,FALSE,TRUE,1.347711034
17162,,2023-11-26 0:00,-0.0780267185,-0.4137803,-1.305991962,0.343248133,-0.313685113,-0.487340847,FALSE,FALSE,FALSE,FALSE,FALSE,TRUE,FALSE,FALSE,FALSE,FALSE,TRUE,1.371242735
9355,,2023-11-27 0:00,-0.0780267185,0.183494462,0.187796372,0.250379004,-0.0300297823,-0.572060905,FALSE,FALSE,FALSE,FALSE,FALSE,FALSE,TRUE,FALSE,FALSE,FALSE,TRUE,1.339867134
21102,,2023-11-29 0:00,-0.565581473,-0.729242322,0.337175205,-0.22835423,-0.313685113,-0.596613921,TRUE,FALSE,FALSE,FALSE,FALSE,FALSE,FALSE,FALSE,FALSE,FALSE,TRUE,1.300647632
9683,,2023-11-30 0:00,-0.500574172,-0.6997992,0.785311705,-0.0238659128,-0.313685113,-0.615861649,FALSE,TRUE,FALSE,FALSE,FALSE,FALSE,FALSE,FALSE,FALSE,FALSE,TRUE,1.237896428
10284,,2023-12-01 0:00,-0.0455230682,-0.493697346,-0.409718961,0.138261428,-0.313685113,-0.620660262,FALSE,FALSE,TRUE,FALSE,FALSE,FALSE,FALSE,FALSE,FALSE,FALSE,TRUE,1.284959831
14477,,2023-12-02 0:00,-0.0780267185,-0.00578275116,0.187796372,0.0684900705,-0.313685113,-0.623806086,FALSE,FALSE,FALSE,TRUE,FALSE,FALSE,FALSE,FALSE,FALSE,FALSE,TRUE,1.198676926
12269,,2023-12-03 0:00,-0.0780267185,0.14563902,-0.857855462,0.105806935,-0.313685113,-0.625485601,FALSE,FALSE,FALSE,FALSE,TRUE,FALSE,FALSE,FALSE,FALSE,FALSE,TRUE,1.316335432
10410,,2023-12-04 0:00,-0.110530369,0.271823828,-1.007234295,0.0338445756,-0.313685113,-0.612662632,FALSE,FALSE,FALSE,FALSE,FALSE,TRUE,FALSE,FALSE,FALSE,FALSE,TRUE,1.379086636
8733,,2023-12-06 0:00,0.247009784,1.243446857,0.0384175385,-0.0303807163,-0.0142711528,-0.612422702,FALSE,FALSE,FALSE,FALSE,FALSE,FALSE,TRUE,FALSE,FALSE,FALSE,TRUE,1.371242735
11077,,2023-12-07 0:00,0.604549937,1.180354453,0.486554039,-0.253779029,-0.313685113,-0.593308258,TRUE,FALSE,FALSE,FALSE,FALSE,FALSE,FALSE,FALSE,FALSE,FALSE,TRUE,1.230052528
10308,,2023-12-08 0:00,-0.0130194179,2.000555711,1.084069372,-0.214828878,-0.313685113,-0.56726238,FALSE,TRUE,FALSE,FALSE,FALSE,FALSE,FALSE,FALSE,FALSE,FALSE,TRUE,1.245740329
19684,,2023-12-09 0:00,0.116995183,1.56311504,-0.409718961,-0.0327282208,-0.313685113,-0.530286338,FALSE,FALSE,TRUE,FALSE,FALSE,FALSE,FALSE,FALSE,FALSE,FALSE,TRUE,1.284959831
17369,,2023-12-10 0:00,0.247009784,1.836515459,-3.397295628,-0.0543079388,-0.313685113,-0.506746411,FALSE,FALSE,FALSE,TRUE,FALSE,FALSE,FALSE,FALSE,FALSE,FALSE,TRUE,1.284959831
6106,,2023-12-11 0:00,0.377024385,-1.158270673,-3.397295628,0.0443367446,0.584556767,0.745354229,FALSE,FALSE,FALSE,FALSE,TRUE,FALSE,FALSE,FALSE,FALSE,FALSE,TRUE,1.410462238
12660,,2023-12-13 0:00,0.442031686,-0.872251772,0.187796372,0.0939677884,-0.313685113,0.731038311,FALSE,FALSE,FALSE,FALSE,FALSE,TRUE,FALSE,FALSE,FALSE,FALSE,TRUE,1.426150038
6878,,2023-12-14 0:00,-0.370559571,-1.040498184,3.324751872,0.0522856621,1.025798392,0.707525111,FALSE,FALSE,FALSE,FALSE,FALSE,FALSE,TRUE,FALSE,FALSE,FALSE,TRUE,1.418306138
5526,,2023-12-15 0:00,-0.435566872,-1.217156917,1.980342372,0.0114359744,2.136781769,0.679559787,TRUE,FALSE,FALSE,FALSE,FALSE,FALSE,FALSE,FALSE,FALSE,FALSE,TRUE,1.300647632
13850,,2023-12-16 0:00,-0.370559571,-0.741860803,4.370403706,0.0975123418,-0.195495392,1.328865835,FALSE,TRUE,FALSE,FALSE,FALSE,FALSE,FALSE,FALSE,FALSE,FALSE,TRUE,1.347711034
8867,,2023-12-17 0:00,-0.30555227,-0.851220971,1.382827039,-0.0190914227,-0.313685113,1.949540134,FALSE,FALSE,TRUE,FALSE,FALSE,FALSE,FALSE,FALSE,FALSE,FALSE,TRUE,1.245740329
10784,,2023-12-18 0:00,-0.24054497,-0.847014811,-0.110961295,0.0681023049,-0.313685113,6.45477494,FALSE,FALSE,FALSE,TRUE,FALSE,FALSE,FALSE,FALSE,FALSE,FALSE,TRUE,1.222208627
10402,,2023-12-20 0:00,-0.175537669,0.330710073,1.681584705,0.243358453,-0.250650595,7.104187633,FALSE,FALSE,FALSE,FALSE,TRUE,FALSE,FALSE,FALSE,FALSE,FALSE,TRUE,1.292803731
6683,,2023-12-21 0:00,-0.0455230682,-0.607263674,1.084069372,0.561254238,-0.313685113,7.214209227,FALSE,FALSE,FALSE,FALSE,FALSE,TRUE,FALSE,FALSE,FALSE,FALSE,TRUE,1.292803731
6851,,2023-12-22 0:00,-0.175537669,-0.573614391,0.635932872,0.274383525,-0.313685113,7.287121582,FALSE,FALSE,FALSE,FALSE,FALSE,FALSE,TRUE,FALSE,FALSE,FALSE,TRUE,1.379086636
13627,,2023-12-23 0:00,-0.20804132,-0.216090766,-0.708476628,0.164309596,-0.313685113,6.701077298,TRUE,FALSE,FALSE,FALSE,FALSE,FALSE,FALSE,FALSE,FALSE,FALSE,TRUE,1.253584229
18049,,2023-12-24 0:00,-0.27304862,-0.0310197129,-1.007234295,0.00580997552,-0.227012651,6.151529107,FALSE,TRUE,FALSE,FALSE,FALSE,FALSE,FALSE,FALSE,FALSE,FALSE,TRUE,1.324179333
17611,,2023-12-25 0:00,-0.338055921,0.309679271,-1.156613128,-0.369047398,-0.258529909,0.696231309,FALSE,FALSE,TRUE,FALSE,FALSE,FALSE,FALSE,FALSE,FALSE,FALSE,TRUE,1.002579415
25416,,2023-12-27 0:00,-0.435566872,1.676681368,-1.305991962,-0.811196891,-0.313685113,0.0958711935,FALSE,FALSE,FALSE,TRUE,FALSE,FALSE,FALSE,FALSE,FALSE,FALSE,TRUE,1.284959831
13529,,2023-12-28 0:00,-0.630588773,0.801800026,-1.007234295,-0.453674719,-0.313685113,0.0121886878,FALSE,FALSE,FALSE,FALSE,TRUE,FALSE,FALSE,FALSE,FALSE,FALSE,TRUE,1.300647632
14557,,2023-12-29 0:00,-0.533077822,0.351740874,-0.857855462,-0.401568515,-0.313685113,-0.0367838845,FALSE,FALSE,FALSE,FALSE,FALSE,TRUE,FALSE,FALSE,FALSE,FALSE,TRUE,1.347711034
15334,,2023-12-30 0:00,,0.166669821,0.486554039,-0.915047303,0.718505117,-0.105590692,FALSE,FALSE,FALSE,FALSE,FALSE,FALSE,TRUE,FALSE,FALSE,FALSE,TRUE,1.300647632
16703,,2023-12-31 0:00,,-0.506315827,-0.409718961,-1.007050559,0.0566426798,-0.136781672,TRUE,FALSE,FALSE,FALSE,FALSE,FALSE,FALSE,FALSE,FALSE,FALSE,TRUE,1.230052528
,,2024-01-01 0:00,,-0.455841903,-0.857855462,-1.140108126,-0.313685113,-0.222912584,FALSE,TRUE,FALSE,FALSE,FALSE,FALSE,FALSE,FALSE,FALSE,FALSE,TRUE,1.386930536
,,2024-01-02 0:00,,0.217143745,-1.007234295,-1.064708562,-0.313685113,-0.255889724,FALSE,FALSE,TRUE,FALSE,FALSE,FALSE,FALSE,FALSE,FALSE,FALSE,TRUE,1.292803731
,,2024-01-03 0:00,,0.284442309,-1.007234295,-0.940366645,-0.266409224,-0.28332182,FALSE,FALSE,FALSE,TRUE,FALSE,FALSE,FALSE,FALSE,FALSE,FALSE,TRUE,1.182989125
,,2024-01-04 0:00,,0.730295301,-0.559097795,-0.815793074,-0.313685113,-0.257835809,FALSE,FALSE,FALSE,FALSE,TRUE,FALSE,FALSE,FALSE,FALSE,FALSE,TRUE,1.26927203
,,2024-01-05 0:00,,1.929050985,0.0384175385,-1.043748705,-0.313685113,-0.253463691,FALSE,FALSE,FALSE,FALSE,FALSE,TRUE,FALSE,FALSE,FALSE,FALSE,TRUE,1.347711034
,,2024-01-06 0:00,,-0.375924857,-0.110961295,-1.17947999,-0.124581559,-0.255116566,FALSE,FALSE,FALSE,FALSE,FALSE,FALSE,TRUE,FALSE,FALSE,FALSE,TRUE,1.386930536
,,2024-01-07 0:00,,-0.472666544,1.233448205,-1.272020549,-0.313685113,-0.317738544,TRUE,FALSE,FALSE,FALSE,FALSE,FALSE,FALSE,FALSE,FALSE,FALSE,TRUE,1.46536954
,,2024-01-08 0:00,,-0.502109666,-0.708476628,-0.881963563,-0.313685113,-0.695381063,FALSE,TRUE,FALSE,FALSE,FALSE,FALSE,FALSE,FALSE,FALSE,FALSE,TRUE,1.418306138
,,2024-01-09 0:00,,-0.0562566747,-0.409718961,-0.714887118,-0.187616077,-0.705804725,FALSE,FALSE,TRUE,FALSE,FALSE,FALSE,FALSE,FALSE,FALSE,FALSE,TRUE,1.308491532
,,2024-01-10 0:00,,1.348600864,-0.857855462,-0.613564848,-0.313685113,-0.706577796,FALSE,FALSE,FALSE,TRUE,FALSE,FALSE,FALSE,FALSE,FALSE,FALSE,TRUE,1.222208627
,,2024-01-11 0:00,,1.201385254,-0.559097795,-0.522625129,-0.313685113,-0.74885895,FALSE,FALSE,FALSE,FALSE,TRUE,FALSE,FALSE,FALSE,FALSE,FALSE,TRUE,1.371242735
,,2024-01-12 0:00,,0.835449308,0.0384175385,-0.523672405,-0.313685113,-0.769413065,FALSE,FALSE,FALSE,FALSE,FALSE,TRUE,FALSE,FALSE,FALSE,FALSE,TRUE,1.418306138
,,2024-01-13 0:00,,-0.388543338,-1.305991962,-1.375112545,-0.313685113,-0.766960479,FALSE,FALSE,FALSE,FALSE,FALSE,FALSE,TRUE,FALSE,FALSE,FALSE,TRUE,1.481057341
,,2024-01-14 0:00,,-0.060462835,-0.260340128,-1.224883908,-0.0694263559,-0.774211677,TRUE,FALSE,FALSE,FALSE,FALSE,FALSE,FALSE,FALSE,FALSE,FALSE,TRUE,1.363398835
,,2024-01-15 0:00,,-0.485285025,0.337175205,-0.722784778,-0.313685113,-0.946688882,FALSE,TRUE,FALSE,FALSE,FALSE,FALSE,FALSE,FALSE,FALSE,FALSE,TRUE,1.332023233
,,2024-01-16 0:00,,-0.140379881,-1.156613128,-1.054813648,-0.313685113,-0.94034404,FALSE,FALSE,TRUE,FALSE,FALSE,FALSE,FALSE,FALSE,FALSE,FALSE,TRUE,1.300647632
,,2024-01-17 0:00,,0.0615158136,-0.409718961,-1.183229109,0.450608416,-0.939037742,FALSE,FALSE,FALSE,TRUE,FALSE,FALSE,FALSE,FALSE,FALSE,FALSE,TRUE,1.27711593
,,2024-01-18 0:00,,-0.405367979,0.187796372,-1.468519176,-0.274288539,-0.925681633,FALSE,FALSE,FALSE,FALSE,TRUE,FALSE,FALSE,FALSE,FALSE,FALSE,TRUE,1.386930536
,,2024-01-19 0:00,,-0.851220971,3.324751872,-1.599714452,-0.313685113,-0.919576722,FALSE,FALSE,FALSE,FALSE,FALSE,TRUE,FALSE,FALSE,FALSE,FALSE,TRUE,1.426150038
,,2024-01-20 0:00,,-1.208744596,4.519782539,-1.592496548,-0.282167854,-0.939490963,FALSE,FALSE,FALSE,FALSE,FALSE,FALSE,TRUE,TRUE,FALSE,FALSE,FALSE,1.567340246
,,2024-01-21 0:00,,-0.939550337,0.337175205,-1.161522449,-0.282167854,-0.936425232,TRUE,FALSE,FALSE,FALSE,FALSE,FALSE,FALSE,TRUE,FALSE,FALSE,FALSE,1.418306138
,,2024-01-22 0:00,,-0.1277614,2.727236539,-1.215084115,-0.297926483,-0.836858205,FALSE,TRUE,FALSE,FALSE,FALSE,FALSE,FALSE,TRUE,FALSE,FALSE,FALSE,1.379086636
,,2024-01-23 0:00,,-0.523140468,2.428478872,-1.074203114,-0.313685113,-0.872261378,FALSE,FALSE,TRUE,FALSE,FALSE,FALSE,FALSE,TRUE,FALSE,FALSE,FALSE,1.363398835
,,2024-01-24 0:00,,-0.481078865,1.532205872,-0.614495265,-0.313685113,-0.885830864,FALSE,FALSE,FALSE,TRUE,FALSE,FALSE,FALSE,TRUE,FALSE,FALSE,FALSE,1.284959831
,,2024-01-25 0:00,,-0.514728147,-0.260340128,-0.970440193,-0.313685113,-0.910836928,FALSE,FALSE,FALSE,FALSE,TRUE,FALSE,FALSE,TRUE,FALSE,FALSE,FALSE,1.371242735
,,2024-01-26 0:00,,-0.0562566747,-0.559097795,-0.753108676,-0.313685113,-0.919741,FALSE,FALSE,FALSE,FALSE,FALSE,TRUE,FALSE,TRUE,FALSE,FALSE,FALSE,1.535964644
,,2024-01-27 0:00,,0.709264499,-0.708476628,-0.425496488,-0.313685113,-0.905318523,FALSE,FALSE,FALSE,FALSE,FALSE,FALSE,TRUE,TRUE,FALSE,FALSE,FALSE,1.535964644
,,2024-01-28 0:00,,-0.102524438,-0.559097795,-0.302395903,-0.313685113,-0.883991338,TRUE,FALSE,FALSE,FALSE,FALSE,FALSE,FALSE,TRUE,FALSE,FALSE,FALSE,1.308491532
,,2024-01-29 0:00,,0.355947034,-0.857855462,-0.331756482,-0.313685113,-0.84794838,FALSE,TRUE,FALSE,FALSE,FALSE,FALSE,FALSE,TRUE,FALSE,FALSE,FALSE,1.46536954
,,2024-01-30 0:00,,0.957427957,-1.305991962,-0.78394326,-0.313685113,-0.804840788,FALSE,FALSE,TRUE,FALSE,FALSE,FALSE,FALSE,TRUE,FALSE,FALSE,FALSE,1.410462238
,,2024-01-31 0:00,,0.949015636,-0.559097795,-1.033282867,-0.313685113,-0.787938999,FALSE,FALSE,FALSE,TRUE,FALSE,FALSE,FALSE,TRUE,FALSE,FALSE,FALSE,1.245740329
,,2024-02-01 0:00,,1.98793723,-0.260340128,-0.87298024,-0.313685113,-0.777302133,FALSE,FALSE,FALSE,FALSE,TRUE,FALSE,FALSE,TRUE,FALSE,FALSE,FALSE,1.418306138
,,2024-02-02 0:00,,0.376977836,-0.260340128,-0.954247846,-0.313685113,-0.772503521,FALSE,FALSE,FALSE,FALSE,FALSE,TRUE,FALSE,TRUE,FALSE,FALSE,FALSE,1.394774437
,,2024-02-03 0:00,,0.120402058,-0.110961295,-1.360068256,-0.313685113,-0.785193117,FALSE,FALSE,FALSE,FALSE,FALSE,FALSE,TRUE,TRUE,FALSE,FALSE,FALSE,1.661467051
,,2024-02-04 0:00,,-0.426398781,-0.708476628,-1.881434695,-0.313685113,-0.773543075,TRUE,FALSE,FALSE,FALSE,FALSE,FALSE,FALSE,TRUE,FALSE,FALSE,FALSE,1.308491532
,,2024-02-05 0:00,,-1.175095314,4.071646039,-2.141247536,-0.00639183808,-0.784073382,FALSE,TRUE,FALSE,FALSE,FALSE,FALSE,FALSE,TRUE,FALSE,FALSE,FALSE,1.575184146
,,2024-02-06 0:00,,-0.901694894,-0.110961295,-1.879452157,-0.297926483,-0.792151017,FALSE,FALSE,TRUE,FALSE,FALSE,FALSE,FALSE,TRUE,FALSE,FALSE,FALSE,1.473213441
,,2024-02-07 0:00,,-0.106730598,-0.260340128,-1.75635728,-0.313685113,-0.791537871,FALSE,FALSE,FALSE,TRUE,FALSE,FALSE,FALSE,TRUE,FALSE,FALSE,FALSE,1.371242735
,,2024-02-08 0:00,,0.128814378,-1.007234295,-2.136271323,-0.313685113,-0.751149522,FALSE,FALSE,FALSE,FALSE,TRUE,FALSE,FALSE,TRUE,FALSE,FALSE,FALSE,1.504589043
,,2024-02-09 0:00,,-0.00157659086,-0.110961295,-2.457356048,-0.313685113,-0.588369832,FALSE,FALSE,FALSE,FALSE,FALSE,TRUE,FALSE,TRUE,FALSE,FALSE,FALSE,0.563320991
,,2024-02-10 0:00,,0.448482561,-0.559097795,-2.361236502,-0.313685113,-0.290402472,FALSE,FALSE,FALSE,FALSE,FALSE,FALSE,TRUE,TRUE,FALSE,FALSE,FALSE,1.245740329
,,2024-02-11 0:00,,1.092025086,-0.110961295,-1.916579462,-0.313685113,-0.109681265,TRUE,FALSE,FALSE,FALSE,FALSE,FALSE,FALSE,TRUE,FALSE,FALSE,FALSE,1.677154852
,,2024-02-12 0:00,,1.222416056,-0.708476628,-1.758820376,-0.313685113,-0.0466039765,FALSE,TRUE,FALSE,FALSE,FALSE,FALSE,FALSE,TRUE,FALSE,FALSE,FALSE,1.551652445
,,2024-02-13 0:00,,1.314951582,0.337175205,-1.716649808,-0.313685113,-0.0219177627,FALSE,FALSE,TRUE,FALSE,FALSE,FALSE,FALSE,TRUE,FALSE,FALSE,FALSE,1.606559748
,,2024-02-14 0:00,,0.402214798,-0.110961295,-1.34374008,-0.313685113,-0.0105610178,FALSE,FALSE,FALSE,TRUE,FALSE,FALSE,FALSE,TRUE,FALSE,FALSE,FALSE,0.406442983
,,2024-02-15 0:00,,-0.523140468,0.934690539,-1.43636146,0.545160193,-0.0517758045,FALSE,FALSE,FALSE,FALSE,TRUE,FALSE,FALSE,TRUE,FALSE,FALSE,FALSE,1.198676926
,,2024-02-16 0:00,,-0.371718697,-0.708476628,-1.364719206,-0.313685113,-0.183924382,FALSE,FALSE,FALSE,FALSE,FALSE,TRUE,FALSE,TRUE,FALSE,FALSE,FALSE,1.653623151
,,2024-02-17 0:00,,0.385390156,-0.857855462,-1.376249415,-0.313685113,-0.426174559,FALSE,FALSE,FALSE,FALSE,FALSE,FALSE,TRUE,TRUE,FALSE,FALSE,FALSE,1.575184146
,,2024-02-18 0:00,,0.111989737,0.785311705,-1.747279104,1.033677706,-0.629129394,TRUE,FALSE,FALSE,FALSE,FALSE,FALSE,FALSE,TRUE,FALSE,FALSE,FALSE,1.473213441
,,2024-02-19 0:00,,-0.876457933,0.0384175385,-1.645416952,0.387573899,-0.813900606,FALSE,TRUE,FALSE,FALSE,FALSE,FALSE,FALSE,TRUE,FALSE,FALSE,FALSE,1.520276843
,,2024-02-20 0:00,,-0.245533888,1.681584705,-1.352811032,-0.10882293,-0.836454084,,,,,,,,,,,,
,,2024-02-21 0:00,,-1.26342468,4.370403706,-1.240033607,1.08883291,-0.865379043,,,,,,,,,,,,
,,2024-02-22 0:00,,-1.191919955,2.876615372,-1.460595528,0.379694584,-0.850743188,,,,,,,,,,,,
,,2024-02-23 0:00,,-1.065735146,1.830963539,-1.413474205,-0.282167854,-0.876069188,,,,,,,,,,,,
,,2024-02-24 0:00,,-0.889076414,0.934690539,-1.094126899,-0.132460874,-0.90264812,,,,,,,,,,,,
,,2024-02-25 0:00,,-0.863839452,-0.409718961,-1.333943752,-0.171857447,-0.876522323,,,,,,,,,,,,
,,2024-02-26 0:00,,-0.195059965,-0.559097795,-1.74108189,-0.313685113,-0.836480549,,,,,,,,,,,,
,,2024-02-27 0:00,,-0.69559304,1.084069372,-1.77644424,-0.313685113,-0.806329298,,,,,,,,,,,,
,,2024-02-28 0:00,,-0.0941121174,-0.260340128,-1.752913845,-0.313685113,-0.757436731,,,,,,,,,,,,
,,2024-02-29 0:00,,0.877510911,-0.110961295,-1.820624087,-0.313685113,-0.740295012,,,,,,,,,,,,
,,2024-03-01 0:00,,0.128814378,3.175373039,-1.473458821,-0.313685113,-0.697880572,,,,,,,,,,,,
,,2024-03-02 0:00,,-0.0310197129,1.382827039,-1.281243104,-0.313685113,-0.7260591,,,,,,,,,,,,
,,2024-03-03 0:00,,3.203517556,0.934690539,-1.081787528,-0.313685113,-0.784255681,,,,,,,,,,,,
,,2024-03-04 0:00,,1.579939681,-1.007234295,-1.615525632,-0.313685113,-0.726010086,,,,,,,,,,,,
,,2024-03-05 0:00,,0.494750324,0.934690539,-1.58254698,-0.313685113,-0.786392683,,,,,,,,,,,,
,,2024-03-06 0:00,,-0.855427131,0.785311705,-1.404511201,-0.313685113,-0.845149044,,,,,,,,,,,,
,,2024-03-07 0:00,,-0.228709247,1.084069372,-1.553442533,-0.148219503,-0.898200437,,,,,,,,,,,,
,,2024-03-08 0:00,,0.376977836,1.681584705,-1.205731719,-0.313685113,-0.966554023,,,,,,,,,,,,
,,2024-03-09 0:00,,-0.0394320335,0.635932872,-0.891057596,-0.313685113,-0.96535437,,,,,,,,,,,,
,,2024-03-10 0:00,,-0.241327728,-0.260340128,-1.1465564,-0.313685113,-0.898493647,,,,,,,,,,,,
,,2024-03-11 0:00,,-0.0394320335,-3.397295628,-1.404995223,-0.313685113,-0.811720859,,,,,,,,,,,,
,,2024-03-12 0:00,,-0.106730598,-3.397295628,-2.287321698,-0.148219503,-0.785328404,,,,,,,,,,,,
,,2024-03-13 0:00,,0.347534714,0.635932872,-2.398757373,-0.313685113,-0.750191889,,,,,,,,,,,,
,,2024-03-14 0:00,,0.957427957,-3.397295628,-2.012766997,-0.313685113,-0.710976553,,,,,,,,,,,,
,,2024-03-15 0:00,,0.620935133,0.0384175385,-1.68665792,-0.313685113,-0.659871332,,,,,,,,,,,,
,,2024-03-16 0:00,,0.692439858,-0.260340128,-1.550398925,-0.313685113,-0.604873941,,,,,,,,,,,,
,,2024-03-17 0:00,,2.538944229,2.129721205,-1.540526195,-0.305805798,-0.622442156,,,,,,,,,,,,
,,2024-03-18 0:00,,-0.565202071,0.187796372,-1.52777894,-0.313685113,0.189349328,,,,,,,,,,,,
,,2024-03-19 0:00,,0.519987286,2.129721205,-1.481493603,-0.297926483,0.198759901,,,,,,,,,,,,
,,2024-03-20 0:00,,0.170875981,1.681584705,-1.199136763,-0.313685113,0.201718987,,,,,,,,,,,,
,,2024-03-21 0:00,,0.0362788518,-0.409718961,-0.801978597,-0.313685113,0.207157473,,,,,,,,,,,,
,,2024-03-22 0:00,,0.263411508,1.681584705,-1.180388498,0.111797883,0.233469922,,,,,,,,,,,,
,,2024-03-23 0:00,,0.915366354,0.0384175385,-1.119736588,-0.305805798,0.26722022,,,,,,,,,,,,
,,2024-03-24 0:00,,-0.0352258732,0.187796372,-0.939218954,-0.313685113,0.315312988,,,,,,,,,,,,
,,2024-03-25 0:00,,-0.636706796,2.577857705,-0.641309224,0.0881599387,-0.156320608,,,,,,,,,,,,
,,2024-03-26 0:00,,-1.158270673,0.486554039,-1.390347369,0.592436082,-0.121797239,,,,,,,,,,,,
,,2024-03-27 0:00,,-0.41798646,-0.409718961,-1.565009341,-0.313685113,-0.064933596,,,,,,,,,,,,
,,2024-03-28 0:00,,-0.41798646,-0.708476628,-1.526161831,-0.163978133,-0.0587487663,,,,,,,,,,,,
,,2024-03-29 0:00,,8.419156324,0.785311705,-1.386886665,-0.203374706,-0.0792228745,,,,,,,,,,,,
,,2024-03-30 0:00,,2.320223893,0.187796372,-1.335984992,-0.313685113,-0.0951116615,,,,,,,,,,,,
,,2024-03-31 0:00,,0.334916233,-0.559097795,-1.313710425,-0.313685113,-0.0831951366,,,,,,,,,,,,
,,2024-04-01 0:00,,0.389596317,-0.708476628,-1.400308273,-0.313685113,0.0491911948,,,,,,,,,,,,
,,2024-04-02 0:00,,0.608316652,-0.409718961,-1.042117846,-0.313685113,0.0896861896,,,,,,,,,,,,
,,2024-04-03 0:00,,0.313885431,-0.708476628,-0.685636802,-0.313685113,0.110693438,,,,,,,,,,,,
,,2024-04-04 0:00,,-0.102524438,0.934690539,-0.296230933,-0.313685113,0.186378315,,,,,,,,,,,,
,,2024-04-05 0:00,,0.242380706,0.337175205,-1.323511424,-0.313685113,0.263715979,,,,,,,,,,,,
,,2024-04-06 0:00,,1.226622216,-0.559097795,-1.296850931,-0.313685113,0.350997531,,,,,,,,,,,,
,,2024-04-07 0:00,,0.86489243,-0.409718961,-1.103511613,-0.313685113,0.387813648,,,,,,,,,,,,
,,2024-04-08 0:00,,0.776563064,-0.260340128,-1.03400182,-0.313685113,0.320261949,,,,,,,,,,,,
,,2024-04-09 0:00,,0.271823828,1.830963539,-0.93962914,-0.313685113,0.342202281,,,,,,,,,,,,
,,2024-04-10 0:00,,0.309679271,0.486554039,-1.293157618,-0.313685113,0.329859174,,,,,,,,,,,,
,,2024-04-11 0:00,,0.541018087,-0.708476628,-1.622961174,-0.313685113,0.281419742,,,,,,,,,,,,
,,2024-04-12 0:00,,0.503162645,-0.260340128,-1.679776348,-0.313685113,0.25126849,,,,,,,,,,,,
,,2024-04-13 0:00,,0.200319103,-0.559097795,-1.295242031,-0.313685113,0.159828199,,,,,,,,,,,,
,,2024-04-14 0:00,,0.351740874,-0.559097795,-1.272573674,-0.313685113,0.0757457507,,,,,,,,,,,,
,,2024-04-15 0:00,,-0.535758949,0.337175205,-1.366156399,1.033677706,-0.0541079893,,,,,,,,,,,,
,,2024-04-16 0:00,,1.781835375,0.337175205,-1.047746634,-0.132460874,-0.121635138,,,,,,,,,,,,
,,2024-04-17 0:00,,4.360211637,-0.110961295,-0.713977963,-0.313685113,-0.150853394,,,,,,,,,,,,
,,2024-04-18 0:00,,3.401207089,-0.110961295,-0.710488897,-0.313685113,-0.166848739,,,,,,,,,,,,
,,2024-04-19 0:00,,2.429584061,-0.260340128,-0.92515219,-0.313685113,-0.21150256,,,,,,,,,,,,
,,2024-04-20 0:00,,1.188766773,1.084069372,-1.438507576,0.0645219945,-0.287320722,,,,,,,,,,,,
,,2024-04-21 0:00,,-0.779716246,2.279100039,-1.401774713,-0.313685113,-0.292732481,,,,,,,,,,,,
,,2024-04-22 0:00,,-0.186647644,1.233448205,-1.115186617,-0.313685113,-0.208918779,,,,,,,,,,,,
,,2024-04-23 0:00,,-0.590439032,1.980342372,-0.613578881,-0.313685113,-0.19913499,,,,,,,,,,,,
,,2024-04-24 0:00,,-0.943756497,1.084069372,-0.355652418,0.395453213,-0.19972141,,,,,,,,,,,,
,,2024-04-25 0:00,,-0.224503087,-0.559097795,-0.720436939,-0.313685113,-0.184792345,,,,,,,,,,,,
,,2024-04-26 0:00,,1.129880529,-0.559097795,-0.997054084,-0.313685113,-0.162905293,,,,,,,,,,,,
,,2024-04-27 0:00,,0.71347066,-0.559097795,-1.006548379,-0.313685113,-0.0949515626,,,,,,,,,,,,
,,2024-04-28 0:00,,0.107783577,-1.007234295,-1.019149085,-0.313685113,-0.0629874244,,,,,,,,,,,,
,,2024-04-29 0:00,,0.305473111,1.084069372,-0.849491218,-0.313685113,0.329046666,,,,,,,,,,,,
,,2024-04-30 0:00,,0.965840277,-0.110961295,-0.768997872,-0.313685113,0.414621977,,,,,,,,,,,,
,,2024-05-01 0:00,,-0.27918317,0.187796372,-0.946868695,-0.313685113,0.480362965,,,,,,,,,,,,
,,2024-05-02 0:00,,0.00262956943,0.187796372,-0.674346369,-0.313685113,0.518218636,,,,,,,,,,,,
,,2024-05-03 0:00,,0.427451759,-0.559097795,-0.487645442,-0.313685113,0.546210512,,,,,,,,,,,,
,,2024-05-04 0:00,,0.898541713,-0.559097795,-0.587508053,-0.313685113,0.596942518,,,,,,,,,,,,
,,2024-05-05 0:00,,-0.443223422,0.337175205,-0.200790871,3.492023903,0.563325505,,,,,,,,,,,,
,,2024-05-06 0:00,,-1.002642742,1.233448205,-0.317591489,0.655470599,0.340969372,,,,,,,,,,,,
,,2024-05-07 0:00,,-0.531552788,1.084069372,-0.215356584,-0.124581559,0.275548232,,,,,,,,,,,,
,,2024-05-08 0:00,,-0.598851353,0.0384175385,-0.698979328,-0.313685113,0.262698624,,,,,,,,,,,,
,,2024-05-09 0:00,,-0.228709247,0.934690539,-0.724700771,-0.313685113,0.260326045,,,,,,,,,,,,
,,2024-05-10 0:00,,-0.203472285,0.486554039,-0.666393829,-0.313685113,0.248329514,,,,,,,,,,,,
,,2024-05-11 0:00,,-0.607263674,1.830963539,-0.283504918,2.184057657,0.145345914,,,,,,,,,,,,
,,2024-05-12 0:00,,1.369631666,0.635932872,-0.148068093,-0.313685113,0.190266305,,,,,,,,,,,,
,,2024-05-13 0:00,,-0.190853804,0.0384175385,0.474045538,-0.313685113,0.379594109,,,,,,,,,,,,
,,2024-05-14 0:00,,-0.291801651,0.187796372,-0.344854835,-0.313685113,0.396949119,,,,,,,,,,,,
,,2024-05-15 0:00,,-0.472666544,0.635932872,-0.857309771,1.309453722,0.359040082,,,,,,,,,,,,
,,2024-05-16 0:00,,-0.796540887,1.233448205,-0.437539074,-0.305805798,0.415530422,,,,,,,,,,,,
,,2024-05-17 0:00,,0.259205348,-0.110961295,-0.628619501,-0.313685113,0.455252259,,,,,,,,,,,,
,,2024-05-18 0:00,,-0.308626293,-0.409718961,-0.778201456,-0.313685113,0.565273853,,,,,,,,,,,,
,,2024-05-19 0:00,,-0.430604941,-0.559097795,-0.433616247,-0.313685113,0.59294588,,,,,,,,,,,,
,,2024-05-20 0:00,,-0.178235323,0.0384175385,-0.033132055,-0.313685113,0.82564358,,,,,,,,,,,,
,,2024-05-21 0:00,,0.334916233,-0.559097795,0.226955664,-0.313685113,0.86008703,,,,,,,,,,,,
,,2024-05-22 0:00,,0.806006186,0.0384175385,0.461978767,-0.313685113,0.898129353,,,,,,,,,,,,
,,2024-05-23 0:00,,-0.123555239,0.337175205,0.338897154,-0.313685113,0.861579893,,,,,,,,,,,,
,,2024-05-24 0:00,,0.0741342945,-0.260340128,0.280778683,-0.313685113,0.83532081,,,,,,,,,,,,
,,2024-05-25 0:00,,-0.0226073923,-0.708476628,0.144846408,-0.313685113,0.785735092,,,,,,,,,,,,
,,2024-05-26 0:00,,-0.405367979,0.635932872,0.0539210787,0.371815269,0.724685983,,,,,,,,,,,,
,,2024-05-27 0:00,,-0.384337178,1.532205872,0.457978266,-0.313685113,0.589849156,,,,,,,,,,,,
,,2024-05-28 0:00,,-0.767097765,0.337175205,0.422002417,-0.313685113,0.572254215,,,,,,,,,,,,
,,2024-05-29 0:00,,-0.41798646,-0.260340128,0.519090134,-0.313685113,0.551700101,,,,,,,,,,,,
,,2024-05-30 0:00,,-0.321244773,-1.007234295,-0.0240365288,-0.313685113,0.507046279,,,,,,,,,,,,
,,2024-05-31 0:00,,-0.41798646,0.486554039,0.164444608,-0.234891965,0.477108319,,,,,,,,,,,,
,,2024-06-01 0:00,,-0.258152369,0.785311705,0.349870971,-0.313685113,0.459886681,,,,,,,,,,,,
,,2024-06-02 0:00,,-0.535758949,0.635932872,0.628533611,-0.313685113,0.467937763,,,,,,,,,,,,
,,2024-06-03 0:00,,-0.830190169,0.187796372,0.861454236,-0.313685113,0.815664608,,,,,,,,,,,,
,,2024-06-04 0:00,,-0.712417681,0.187796372,-1.55E-07,-0.313685113,0.762533209,,,,,,,,,,,,
,,2024-06-05 0:00,,0.141432859,-0.559097795,-0.338546468,-0.313685113,0.749630322,,,,,,,,,,,,
,,2024-06-06 0:00,,0.351740874,-0.409718961,0.0588371929,-0.313685113,0.796710089,,,,,,,,,,,,
,,2024-06-07 0:00,,-0.13617372,-0.559097795,0.441071271,-0.250650595,0.823742243,,,,,,,,,,,,
,,2024-06-08 0:00,,-0.460048063,-1.007234295,0.48973573,1.017919077,0.81102592,,,,,,,,,,,,
,,2024-06-09 0:00,,-0.26656469,-0.708476628,-0.108519868,-0.313685113,0.800149037,,,,,,,,,,,,
,,2024-06-10 0:00,,0.456894882,-0.110961295,0.273616993,-0.313685113,0.042659876,,,,,,,,,,,,
,,2024-06-11 0:00,,1.129880529,0.187796372,0.637585852,-0.313685113,0.017067306,,,,,,,,,,,,
,,2024-06-12 0:00,,-0.148792201,-0.260340128,0.41911447,-0.313685113,-0.0291860237,,,,,,,,,,,,
,,2024-06-13 0:00,,-0.144586041,-0.708476628,-0.315401333,-0.313685113,-0.122039259,,,,,,,,,,,,
,,2024-06-14 0:00,,-0.0226073923,0.0384175385,-0.136056554,-0.313685113,-0.210733668,,,,,,,,,,,,
,,2024-06-15 0:00,,-0.359100216,-0.559097795,0.389547973,0.166953086,-0.265117999,,,,,,,,,,,,
,,2024-06-16 0:00,,-0.493697346,0.785311705,0.489262432,-0.313685113,-0.311664538,,,,,,,,,,,,
,,2024-06-17 0:00,,-0.548377429,0.187796372,0.770949899,-0.313685113,-0.275063889,,,,,,,,,,,,
,,2024-06-18 0:00,,-0.359100216,-0.260340128,0.859832916,-0.313685113,-0.287940137,,,,,,,,,,,,
,,2024-06-19 0:00,,0.263411508,-1.007234295,0.450374582,-0.313685113,-0.309933834,,,,,,,,,,,,
,,2024-06-20 0:00,,0.330710073,-0.409718961,0.651918417,-0.313685113,-0.334699967,,,,,,,,,,,,
,,2024-06-21 0:00,,0.103577417,-0.409718961,0.582232405,-0.313685113,-0.351308546,,,,,,,,,,,,
,,2024-06-22 0:00,,-0.220296926,-0.409718961,0.75704286,0.986401818,-0.381406518,,,,,,,,,,,,
,,2024-06-23 0:00,,-0.771303925,-0.110961295,0.948683998,0.0881599387,-0.392843269,,,,,,,,,,,,
,,2024-06-24 0:00,,0.696646018,0.934690539,0.050999201,-0.313685113,-0.715326296,,,,,,,,,,,,
,,2024-06-25 0:00,,-0.603057513,1.084069372,-0.414425909,-0.313685113,-0.73180159,,,,,,,,,,,,
,,2024-06-26 0:00,,-0.422192621,-0.559097795,-0.268261714,-0.313685113,-0.743424905,,,,,,,,,,,,
,,2024-06-27 0:00,,-0.211884606,-1.007234295,0.114608805,-0.313685113,-0.756274513,,,,,,,,,,,,
,,2024-06-28 0:00,,0.225556065,-0.260340128,0.189652544,-0.313685113,-0.766005023,,,,,,,,,,,,
,,2024-06-29 0:00,,-0.174029163,-0.110961295,0.470143572,2.70409243,-0.769017475,,,,,,,,,,,,
,,2024-06-30 0:00,,-0.632500635,2.129721205,0.0661987721,2.223454231,-0.783466591,,,,,,,,,,,,
,,2024-07-01 0:00,,-0.338069415,-0.708476628,0.220813466,-0.313685113,-0.922248954,,,,,,,,,,,,
,,2024-07-02 0:00,,-0.712417681,0.785311705,0.556798016,4.815748778,-0.956052531,,,,,,,,,,,,
,,2024-07-03 0:00,,-0.426398781,1.980342372,0.71558167,-0.250650595,-0.970155071,,,,,,,,,,,,
,,2024-07-04 0:00,,0.095165096,1.084069372,-0.298183557,-0.0300297823,-0.989402887,,,,,,,,,,,,
,,2024-07-05 0:00,,-0.674562238,1.532205872,-0.0166986794,0.00936679138,-1.007291037,,,,,,,,,,,,
,,2024-07-06 0:00,,-0.258152369,1.382827039,0.406694173,-0.0930643001,-1.008890633,,,,,,,,,,,,
,,2024-07-07 0:00,,-0.544171269,-0.708476628,0.622009319,1.947678215,-1.014382397,,,,,,,,,,,,
,,2024-07-08 0:00,,-0.973199619,-0.708476628,0.72866758,1.348850296,-0.856754251,,,,,,,,,,,,
,,2024-07-09 0:00,,-0.792334727,-0.708476628,0.370043132,-0.290047168,-0.837853012,,,,,,,,,,,,
,,2024-07-10 0:00,,-0.935344177,-0.110961295,0.68571147,-0.203374706,-0.833880837,,,,,,,,,,,,
,,2024-07-11 0:00,,0.0362788518,-0.260340128,0.556747203,-0.313685113,-0.816259256,,,,,,,,,,,,
,,2024-07-12 0:00,,0.103577417,-1.007234295,0.539678549,-0.313685113,-0.791679688,,,,,,,,,,,,
,,2024-07-13 0:00,,0.587285851,-0.559097795,0.438523731,-0.313685113,-0.761661634,,,,,,,,,,,,
,,2024-07-14 0:00,,-0.1277614,0.187796372,0.722574856,-0.282167854,-0.742493825,,,,,,,,,,,,
,,2024-07-15 0:00,,-0.973199619,0.187796372,0.428746954,-0.313685113,-0.808097349,,,,,,,,,,,,
,,2024-07-16 0:00,,-0.905901055,0.0384175385,0.428987653,1.025798392,-0.797247192,,,,,,,,,,,,
,,2024-07-17 0:00,,-0.998436581,0.337175205,0.725172641,7.471077842,-0.799886429,,,,,,,,,,,,
,,2024-07-18 0:00,,-1.065735146,-0.110961295,0.843741236,9.834872262,-0.810443376,,,,,,,,,,,,
,,2024-07-19 0:00,,-0.460048063,-0.110961295,0.826487064,-0.305805798,-0.818307807,,,,,,,,,,,,
,,2024-07-20 0:00,,-0.779716246,0.635932872,0.659403061,0.860332782,-0.832117138,,,,,,,,,,,,
,,2024-07-21 0:00,,-0.645119116,1.980342372,0.672497651,0.35605664,-0.838222049,,,,,,,,,,,,
,,2024-07-22 0:00,,-0.863839452,1.233448205,0.76185183,5.981887358,-0.996118855,,,,,,,,,,,,
,,2024-07-23 0:00,,-0.960581139,1.382827039,0.993828569,-0.156098818,-1.009315039,,,,,,,,,,,,
,,2024-07-24 0:00,,-0.855427131,0.486554039,1.118117816,0.844574153,-1.00771553,,,,,,,,,,,,
,,2024-07-25 0:00,,-0.611469834,-0.708476628,1.049571605,1.679781514,-0.992200046,,,,,,,,,,,,
,,2024-07-26 0:00,,-0.821777849,0.0384175385,1.093548959,0.119677198,-0.994839283,,,,,,,,,,,,
,,2024-07-27 0:00,,-0.783922406,-0.857855462,0.99569698,2.325885322,-0.996652169,,,,,,,,,,,,
,,2024-07-28 0:00,,-0.725036162,1.382827039,0.402764267,-0.313685113,-0.966500918,,,,,,,,,,,,
,,2024-07-29 0:00,,-0.594645193,2.279100039,0.794618608,-0.313685113,-0.92656579,,,,,,,,,,,,
,,2024-07-30 0:00,,-0.468460384,0.785311705,1.004941255,-0.313685113,-0.896467817,,,,,,,,,,,,
,,2024-07-31 0:00,,-0.762891605,0.486554039,1.121806038,-0.313685113,-0.866129914,,,,,,,,,,,,
,,2024-08-01 0:00,,-0.682974559,0.486554039,1.082303756,-0.290047168,-0.855626246,,,,,,,,,,,,
,,2024-08-02 0:00,,-0.380131018,0.486554039,1.353784735,-0.313685113,-0.838057945,,,,,,,,,,,,
,,2024-08-03 0:00,,-0.140379881,-0.110961295,1.288188081,-0.313685113,-0.842376696,,,,,,,,,,,,
,,2024-08-04 0:00,,-0.245533888,-1.007234295,0.881578425,-0.313685113,-0.889536382,,,,,,,,,,,,
,,2024-08-05 0:00,,-0.308626293,-0.559097795,1.062643741,-0.211254021,-1.126155067,,,,,,,,,,,,
,,2024-08-06 0:00,,-0.788128566,-0.559097795,1.234426169,-0.313685113,-1.173048183,,,,,,,,,,,,
,,2024-08-07 0:00,,-0.69138688,-0.857855462,1.216213441,-0.0457884117,-1.219114861,,,,,,,,,,,,
,,2024-08-08 0:00,,-0.628294475,-1.007234295,1.553453257,-0.313685113,-1.2557176,,,,,,,,,,,,
,,2024-08-09 0:00,,-0.317038613,-1.007234295,1.721373977,-0.313685113,-1.279444091,,,,,,,,,,,,
,,2024-08-10 0:00,,-0.0856997968,-0.857855462,1.538879885,-0.313685113,-1.282163247,,,,,,,,,,,,
,,2024-08-11 0:00,,-0.249740048,-0.708476628,0.779324393,-0.313685113,-1.278697573,,,,,,,,,,,,
,,2024-08-12 0:00,,-0.338069415,-0.559097795,0.882901948,-0.313685113,-0.961066524,,,,,,,,,,,,
,,2024-08-13 0:00,,-0.430604941,-0.708476628,0.91491024,-0.313685113,-0.944911167,,,,,,,,,,,,
,,2024-08-14 0:00,,-0.439017262,-0.559097795,0.88164298,-0.0773056707,-0.915293055,,,,,,,,,,,,
,,2024-08-15 0:00,,-0.531552788,-0.708476628,1.089693239,0.19059103,-0.890100341,,,,,,,,,,,,
,,2024-08-16 0:00,,-0.565202071,-0.409718961,1.300326452,-0.313685113,-0.890286905,,,,,,,,,,,,
,,2024-08-17 0:00,,-0.531552788,-0.857855462,1.334545167,0.553039508,-0.895005599,,,,,,,,,,,,
,,2024-08-18 0:00,,-0.594645193,-0.409718961,1.217242848,-0.313685113,-0.892739578,,,,,,,,,,,,
,,2024-08-19 0:00,,-0.430604941,-0.559097795,0.611434012,-0.132460874,-0.954692866,,,,,,,,,,,,
,,2024-08-20 0:00,,-0.371718697,0.0384175385,1.129175424,-0.313685113,-0.962264001,,,,,,,,,,,,
,,2024-08-21 0:00,,-0.905901055,1.382827039,0.562582979,3.011385704,-0.982818028,,,,,,,,,,,,
,,2024-08-22 0:00,,-0.809159368,1.681584705,0.833069215,-0.266409224,-0.99142889,,,,,,,,,,,,
,,2024-08-23 0:00,,-0.354894056,0.635932872,1.109798066,-0.313685113,-0.984844205,,,,,,,,,,,,
,,2024-08-24 0:00,,0.179288302,-1.305991962,0.700464321,-0.156098818,-0.974447183,,,,,,,,,,,,
,,2024-08-25 0:00,,0.107783577,-1.305991962,0.82658864,-0.313685113,-0.96940864,,,,,,,,,,,,
,,2024-08-26 0:00,,0.0446911724,-1.156613128,0.74398794,-0.313685113,-0.82953327,,,,,,,,,,,,
,,2024-08-27 0:00,,-0.531552788,-0.559097795,0.581139698,-0.290047168,-0.796476211,,,,,,,,,,,,
,,2024-08-28 0:00,,-0.863839452,0.934690539,0.73191025,-0.313685113,-0.775042467,,,,,,,,,,,,
,,2024-08-29 0:00,,-1.044704345,1.233448205,1.062014871,-0.313685113,-0.764645445,,,,,,,,,,,,
,,2024-08-30 0:00,,-0.859633291,0.187796372,0.941700138,-0.313685113,-0.754568272,,,,,,,,,,,,
,,2024-08-31 0:00,,0.0867527754,-0.559097795,0.932916289,-0.313685113,-0.746623922,,,,,,,,,,,,
,,2024-09-01 0:00,,-0.169823003,-0.409718961,1.29682547,-0.313685113,-0.730255361,,,,,,,,,,,,
,,2024-09-02 0:00,,-0.632500635,0.486554039,1.375611513,-0.100943615,-0.358002227,,,,,,,,,,,,
,,2024-09-03 0:00,,-0.943756497,0.934690539,1.391155585,-0.313685113,-0.343153168,,,,,,,,,,,,
,,2024-09-04 0:00,,-0.653531437,-0.110961295,1.086242144,-0.313685113,-0.292101226,,,,,,,,,,,,
,,2024-09-05 0:00,,-0.472666544,0.187796372,0.765095619,0.229987604,-0.26056367,,,,,,,,,,,,
,,2024-09-06 0:00,,-0.830190169,0.486554039,0.608363224,-0.258529909,-0.220841833,,,,,,,,,,,,
,,2024-09-07 0:00,,-0.523140468,-0.559097795,1.065709702,-0.313685113,-0.170029822,,,,,,,,,,,,
,,2024-09-08 0:00,,-0.224503087,-1.007234295,1.082107615,-0.313685113,-0.123030061,,,,,,,,,,,,
,,2024-09-09 0:00,,-0.287595491,-0.559097795,0.973245614,-0.313685113,0.104551267,,,,,,,,,,,,
,,2024-09-10 0:00,,-0.203472285,-0.708476628,0.917876626,-0.313685113,0.125958458,,,,,,,,,,,,
,,2024-09-11 0:00,,-0.161410682,-0.708476628,0.911049479,-0.282167854,0.127158111,,,,,,,,,,,,
,,2024-09-12 0:00,,-1.006848902,-0.260340128,1.117082093,2.262850805,0.156029791,,,,,,,,,,,,
,,2024-09-13 0:00,,-0.83439633,-0.110961295,1.249431348,0.285142807,0.184901471,,,,,,,,,,,,
,,2024-09-14 0:00,,-0.926931856,-0.857855462,1.214370651,-0.313685113,0.288444938,,,,,,,,,,,,
,,2024-09-15 0:00,,-0.893282574,0.785311705,1.214164406,-0.313685113,0.50350295,,,,,,,,,,,,
,,2024-09-16 0:00,,-1.141446031,0.785311705,1.334627119,0.434849787,0.763801116,,,,,,,,,,,,
,,2024-09-17 0:00,,-0.910107215,-0.857855462,1.058772818,-0.313685113,1.043187172,,,,,,,,,,,,
,,2024-09-18 0:00,,-0.746066963,-1.007234295,1.241360132,-0.258529909,1.085388321,,,,,,,,,,,,
,,2024-09-19 0:00,,-0.653531437,-0.857855462,1.372378294,-0.313685113,1.0930661,,,,,,,,,,,,
,,2024-09-20 0:00,,-0.863839452,0.187796372,1.41034928,3.980541416,1.062754837,,,,,,,,,,,,
,,2024-09-21 0:00,,-1.229775398,3.025994205,1.334216356,1.813729865,0.95505263,,,,,,,,,,,,
,,2024-09-22 0:00,,-1.229775398,0.635932872,1.446154982,-0.313685113,0.773771556,,,,,,,,,,,,
,,2024-09-23 0:00,,-1.099384428,1.233448205,1.672059749,-0.313685113,0.787439156,,,,,,,,,,,,
,,2024-09-24 0:00,,-0.922725696,-0.110961295,1.420317598,-0.313685113,0.552946852,,,,,,,,,,,,
,,2024-09-25 0:00,,-0.741860803,-0.857855462,1.378779385,-0.313685113,0.595041442,,,,,,,,,,,,
,,2024-09-26 0:00,,-0.666149918,-1.007234295,1.421930969,-0.219133336,0.626339068,,,,,,,,,,,,
,,2024-09-27 0:00,,-0.716623841,0.187796372,1.246896154,-0.313685113,0.690693839,,,,,,,,,,,,
,,2024-09-28 0:00,,-0.905901055,1.681584705,1.36717031,-0.313685113,0.759313995,,,,,,,,,,,,
,,2024-09-29 0:00,,-1.057322825,0.635932872,1.475865841,-0.313685113,0.789731904,,,,,,,,,,,,
,,2024-09-30 0:00,,-0.859633291,-0.260340128,1.590536623,-0.313685113,0.54557299,,,,,,,,,,,,
,,2024-10-01 0:00,,-0.804953208,0.337175205,1.588587891,-0.116702244,0.577830338,,,,,,,,,,,,
,,2024-10-02 0:00,,-0.804953208,0.337175205,1.614291391,-0.313685113,0.610354256,,,,,,,,,,,,
,,2024-10-03 0:00,,-0.792334727,-0.559097795,1.449864535,-0.313685113,0.737970791,,,,,,,,,,,,
,,2024-10-04 0:00,,-0.792334727,-0.708476628,1.351270147,-0.313685113,0.794194561,,,,,,,,,,,,
,,2024-10-05 0:00,,-0.476872704,-1.007234295,1.472580871,-0.313685113,0.805551306,,,,,,,,,,,,
,,2024-10-06 0:00,,-0.510521987,-1.305991962,1.45364319,-0.313685113,0.76841534,,,,,,,,,,,,
,,2024-10-07 0:00,,0.0909589357,-1.455370795,1.390641349,-0.313685113,0.725174463,,,,,,,,,,,,
,,2024-10-08 0:00,,0.212937584,-0.708476628,1.428315648,-0.313685113,0.713391136,,,,,,,,,,,,
,,2024-10-09 0:00,,-0.889076414,0.0384175385,1.644098541,-0.313685113,0.686278976,,,,,,,,,,,,
,,2024-10-10 0:00,,-0.661943758,-0.559097795,1.13647194,-0.313685113,0.557729358,,,,,,,,,,,,
,,2024-10-11 0:00,,-0.0941121174,-0.708476628,1.228226459,-0.313685113,0.504438035,,,,,,,,,,,,
,,2024-10-12 0:00,,0.0825466151,-1.156613128,1.284738475,-0.313685113,0.520113531,,,,,,,,,,,,
,,2024-10-13 0:00,,-0.321244773,-0.409718961,1.141391913,-0.313685113,0.55996874,,,,,,,,,,,,
,,2024-10-14 0:00,,-0.628294475,-0.559097795,1.25764966,-0.313685113,0.741536582,,,,,,,,,,,,
,,2024-10-15 0:00,,-0.666149918,-0.708476628,1.203358914,-0.274288539,0.697469354,,,,,,,,,,,,
,,2024-10-16 0:00,,-0.0899059571,-1.156613128,1.140516729,-0.313685113,0.644684532,,,,,,,,,,,,
,,2024-10-17 0:00,,0.0573096533,-0.857855462,1.401342888,-0.313685113,0.633674363,,,,,,,,,,,,
,,2024-10-18 0:00,,-0.544171269,0.337175205,1.434200709,3.397472126,0.593552671,,,,,,,,,,,,
,,2024-10-19 0:00,,-1.099384428,1.532205872,1.358853838,-0.234891965,0.556469984,,,,,,,,,,,,
,,2024-10-20 0:00,,-0.939550337,2.129721205,1.300136174,-0.313685113,0.531943695,,,,,,,,,,,,
,,2024-10-21 0:00,,-0.800747047,0.0384175385,1.259170642,-0.313685113,0.315692559,,,,,,,,,,,,
,,2024-10-22 0:00,,-0.968993459,-0.409718961,0.895418451,1.309453722,0.291699411,,,,,,,,,,,,
,,2024-10-23 0:00,,-0.859633291,2.129721205,1.374904115,-0.132460874,0.263307679,,,,,,,,,,,,
,,2024-10-24 0:00,,-0.367512537,-0.708476628,1.380185289,-0.313685113,0.25531005,,,,,,,,,,,,
,,2024-10-25 0:00,,-0.321244773,-0.857855462,1.007791716,-0.313685113,0.279969537,,,,,,,,,,,,
,,2024-10-26 0:00,,-0.497903506,-0.708476628,0.775337804,-0.313685113,0.303802674,,,,,,,,,,,,
,,2024-10-27 0:00,,-0.342275575,-1.007234295,1.151425715,-0.313685113,0.313559823,,,,,,,,,,,,
,,2024-10-28 0:00,,-0.0478443541,-0.260340128,1.212362433,-0.313685113,0.0390362795,,,,,,,,,,,,
,,2024-10-29 0:00,,-0.863839452,0.0384175385,1.348457052,-0.313685113,0.0608433259,,,,,,,,,,,,
,,2024-10-30 0:00,,-0.321244773,-1.007234295,1.457846625,-0.313685113,0.0788914013,,,,,,,,,,,,
,,2024-10-31 0:00,,-0.0394320335,-1.305991962,1.368255032,-0.313685113,0.0762254378,,,,,,,,,,,,
,,2024-11-01 0:00,,0.179288302,-1.305991962,0.76631723,-0.313685113,0.0631892658,,,,,,,,,,,,
,,2024-11-02 0:00,,-0.0730813159,-0.559097795,0.818067127,-0.313685113,0.0805709156,,,,,,,,,,,,
,,2024-11-03 0:00,,-0.388543338,0.187796372,1.163391906,-0.313685113,0.0905147164,,,,,,,,,,,,
,,2024-11-04 0:00,,-0.40957414,0.934690539,1.193975625,-0.305805798,0.133913429,,,,,,,,,,,,
,,2024-11-05 0:00,,-0.401161819,-0.260340128,1.119474212,-0.313685113,0.122690056,,,,,,,,,,,,
,,2024-11-06 0:00,,-0.384337178,0.337175205,1.262851598,-0.313685113,0.0959777519,,,,,,,,,,,,
,,2024-11-07 0:00,,0.204525264,-1.156613128,1.345075911,-0.313685113,0.0697186693,,,,,,,,,,,,
,,2024-11-08 0:00,,0.0362788518,-1.156613128,1.307999362,-0.313685113,0.0655064766,,,,,,,,,,,,
,,2024-11-09 0:00,,-0.0730813159,-1.305991962,0.74671727,-0.313685113,0.0279173759,,,,,,,,,,,,
,,2024-11-10 0:00,,-0.371718697,-0.708476628,0.267055152,-0.313685113,0.0168272883,,,,,,,,,,,,
,,2024-11-11 0:00,,0.629347454,-1.604749628,0.625198001,-0.313685113,0.00235144546,,,,,,,,,,,,
,,2024-11-12 0:00,,0.128814378,-0.110961295,0.720183649,-0.313685113,-0.00713913367,,,,,,,,,,,,
,,2024-11-13 0:00,,0.137226699,-0.857855462,0.744861614,-0.313685113,-0.0380635435,,,,,,,,,,,,
,,2024-11-14 0:00,,-0.13617372,-0.708476628,0.8751756,-0.305805798,-0.0682414348,,,,,,,,,,,,
,,2024-11-15 0:00,,-0.333863254,-0.708476628,0.787293915,-0.313685113,-0.0876224484,,,,,,,,,,,,
,,2024-11-16 0:00,,-0.535758949,0.486554039,0.726243609,0.198470345,-0.109216291,,,,,,,,,,,,
,,2024-11-17 0:00,,-0.628294475,1.980342372,0.943451478,-0.313685113,-0.160454884,,,,,,,,,,,,
,,2024-11-18 0:00,,-0.750273124,0.0384175385,0.945700138,-0.313685113,-0.261037089,,,,,,,,,,,,
,,2024-11-19 0:00,,-0.4137803,-0.409718961,0.877828068,-0.313685113,-0.284923592,,,,,,,,,,,,
,,2024-11-20 0:00,,0.191906783,-1.455370795,0.356659559,-0.313685113,-0.302678458,,,,,,,,,,,,
,,2024-11-21 0:00,,0.835449308,-0.110961295,0.265487647,-0.313685113,-0.309529887,,,,,,,,,,,,
,,2024-11-22 0:00,,0.0278665312,-0.110961295,0.279019252,-0.313685113,-0.340374378,,,,,,,,,,,,
,,2024-11-23 0:00,,-0.439017262,-0.857855462,0.384038941,-0.313685113,-0.38025614,,,,,,,,,,,,
,,2024-11-24 0:00,,-0.687180719,-1.007234295,0.369045113,-0.313685113,-0.39814429,,,,,,,,,,,,
,,2024-11-25 0:00,,-0.506315827,0.337175205,-0.00889698948,-0.313685113,-0.344161991,,,,,,,,,,,,
,,2024-11-26 0:00,,-0.994230421,1.681584705,0.135188515,1.734936718,-0.370474353,,,,,,,,,,,,
,,2024-11-27 0:00,,-1.019467383,-1.305991962,0.214824492,1.451281387,-0.35573194,,,,,,,,,,,,
,,2024-11-28 0:00,,-0.729242322,-0.708476628,0.449628717,0.0724013092,-0.339816513,,,,,,,,,,,,
,,2024-11-29 0:00,,-0.123555239,-1.156613128,0.421499077,-0.313685113,-0.355811859,,,,,,,,,,,,
,,2024-11-30 0:00,,-0.354894056,-0.708476628,0.369712689,-0.313685113,-0.396733436,,,,,,,,,,,,
,,2024-12-01 0:00,,-0.0562566747,0.187796372,0.445182338,-0.274288539,-0.425178533,,,,,,,,,,,,
,,2024-12-02 0:00,,0.398008637,-0.110961295,0.363074253,-0.313685113,-0.503713674,,,,,,,,,,,,
,,2024-12-03 0:00,,-0.712417681,0.187796372,0.419971285,-0.313685113,-0.50352711,,,,,,,,,,,,
,,2024-12-04 0:00,,-0.502109666,-0.260340128,0.222598647,-0.313685113,-0.551113378,,,,,,,,,,,,
,,2024-12-05 0:00,,-0.502109666,0.0384175385,0.226082899,-0.171857447,-0.585530101,,,,,,,,,,,,
,,2024-12-06 0:00,,-0.371718697,0.337175205,0.388924189,-0.313685113,-0.603284967,,,,,,,,,,,,
,,2024-12-07 0:00,,-0.485285025,0.337175205,0.0274940417,-0.313685113,-0.641407295,,,,,,,,,,,,
,,2024-12-08 0:00,,-0.476872704,-0.110961295,0.0910511707,-0.313685113,-0.673371433,,,,,,,,,,,,
,,2024-12-09 0:00,,-0.0814936365,-1.007234295,0.0240033085,-0.313685113,-0.933154654,,,,,,,,,,,,
,,2024-12-10 0:00,,0.271823828,-0.559097795,0.0246318882,-0.313685113,-0.945204464,,,,,,,,,,,,
,,2024-12-11 0:00,,1.054169644,-1.007234295,-0.225078476,-0.313685113,-0.93611374,,,,,,,,,,,,
,,2024-12-12 0:00,,0.28864847,-0.260340128,-0.301538705,-0.313685113,-0.945604319,,,,,,,,,,,,
,,2024-12-13 0:00,,-0.253946209,-0.110961295,-0.269483419,-0.313685113,-0.944084816,,,,,,,,,,,,
,,2024-12-14 0:00,,-0.232915407,-0.110961295,0.064704665,-0.313685113,-0.92819603,,,,,,,,,,,,
,,2024-12-15 0:00,,-0.573614391,0.187796372,0.217616412,-0.313685113,-0.90518933,,,,,,,,,,,,
,,2024-12-16 0:00,,-0.224503087,-1.604749628,-0.0260562665,-0.313685113,-0.774697893,,,,,,,,,,,,
,,2024-12-17 0:00,,-0.367512537,-0.110961295,-0.0103733889,-0.313685113,-0.754250512,,,,,,,,,,,,
,,2024-12-18 0:00,,-0.169823003,-0.110961295,0.068017296,-0.313685113,-0.736495646,,,,,,,,,,,,
,,2024-12-19 0:00,,0.793387705,-1.156613128,0.0496748683,-0.313685113,-0.725245547,,,,,,,,,,,,
,,2024-12-20 0:00,,0.974252598,-0.409718961,0.115167374,-0.282167854,-0.71316901,,,,,,,,,,,,
,,2024-12-21 0:00,,0.662996736,0.785311705,0.016490972,-0.0851849854,-0.69317485,,,,,,,,,,,,
,,2024-12-22 0:00,,-0.573614391,-0.260340128,0.447342436,-0.313685113,-0.692081843,,,,,,,,,,,,
,,2024-12-23 0:00,,-0.262358529,-0.110961295,0.240961581,-0.313685113,-0.677925936,,,,,,,,,,,,
,,2024-12-24 0:00,,-0.0983182777,-1.305991962,0.0824114053,-0.313685113,-0.663156797,,,,,,,,,,,,
,,2024-12-25 0:00,,-0.0730813159,-0.409718961,-0.312922453,-0.305805798,-0.64342912,,,,,,,,,,,,
,,2024-12-26 0:00,,1.2813023,1.681584705,-0.417943334,-0.313685113,-0.628899998,,,,,,,,,,,,
,,2024-12-27 0:00,,-0.195059965,0.635932872,-0.416272926,-0.313685113,-0.639510224,,,,,,,,,,,,
,,2024-12-28 0:00,,-0.182441484,0.337175205,-0.219241888,-0.313685113,-0.645028628,,,,,,,,,,,,
,,2024-12-29 0:00,,-0.392749498,-1.156613128,-0.0223369363,-0.313685113,-0.646681503,,,,,,,,,,,,
,,2024-12-30 0:00,,0.755532263,0.0384175385,0.0166720536,-0.313685113,-0.768695362,,,,,,,,,,,,
,,2024-12-31 0:00,,0.801800026,0.486554039,0.0298355291,-0.313685113,-0.778559244,,,,,,,,,,,,
,,,,,,-0.0300866418,,,,,,,,,,,,,,
,,,,,,0.0114359744,,,,,,,,,,,,,,
,,,,,,-0.0016315287,,,,,,,,,,,,,,
,,,,,,0.259029783,,,,,,,,,,,,,,
,,,,,,0.163261362,,,,,,,,,,,,,,
,,,,,,-0.487223352,,,,,,,,,,,,,,
,,,,,,-0.659161488,,,,,,,,,,,,,,
,,,,,,-0.640122287,,,,,,,,,,,,,,
,,,,,,-0.78790521,,,,,,,,,,,,,,
,,,,,,-0.554390814,,,,,,,,,,,,,,
,,,,,,-0.570591774,,,,,,,,,,,,,,
,,,,,,-0.538658665,,,,,,,,,,,,,,
,,,,,,-0.597039768,,,,,,,,,,,,,,
,,,,,,-0.321053086,,,,,,,,,,,,,,
,,,,,,-1.143624455,,,,,,,,,,,,,,
,,,,,,-1.828165004,,,,,,,,,,,,,,
,,,,,,-1.583647534,,,,,,,,,,,,,,
,,,,,,-1.561755262,,,,,,,,,,,,,,
,,,,,,-1.40755401,,,,,,,,,,,,,,
,,,,,,-1.244485962,,,,,,,,,,,,,,
,,,,,,-0.993177344,,,,,,,,,,,,,,
,,,,,,-1.055978685,,,,,,,,,,,,,,
,,,,,,-0.930229479,,,,,,,,,,,,,,
,,,,,,-1.002683372,,,,,,,,,,,,,,
,,,,,,-0.988051071,,,,,,,,,,,,,,
,,,,,,-1.282534644,,,,,,,,,,,,,,
,,,,,,-1.171720658,,,,,,,,,,,,,,
,,,,,,-1.192614425,,,,,,,,,,,,,,
,,,,,,-1.075521922,,,,,,,,,,,,,,
,,,,,,-0.914523947,,,,,,,,,,,,,,
,,,,,,-1.093639061,,,,,,,,,,,,,,
,,,,,,-0.992082434,,,,,,,,,,,,,,
,,,,,,-1.295183966,,,,,,,,,,,,,,
,,,,,,-1.144400058,,,,,,,,,,,,,,
,,,,,,-1.451611564,,,,,,,,,,,,,,
,,,,,,-1.30676732,,,,,,,,,,,,,,
,,,,,,-1.491513278,,,,,,,,,,,,,,
,,,,,,-1.301412458,,,,,,,,,,,,,,
,,,,,,-1.221999424,,,,,,,,,,,,,,
,,,,,,-1.61969709,,,,,,,,,,,,,,
,,,,,,-1.576795163,,,,,,,,,,,,,,
,,,,,,-1.295741672,,,,,,,,,,,,,,
,,,,,,-1.246045944,,,,,,,,,,,,,,
,,,,,,-1.125239855,,,,,,,,,,,,,,
,,,,,,-1.306743753,,,,,,,,,,,,,,
,,,,,,-1.476658315,,,,,,,,,,,,,,
,,,,,,-1.47022432,,,,,,,,,,,,,,
,,,,,,-1.18281368,,,,,,,,,,,,,,
,,,,,,-0.92437507,,,,,,,,,,,,,,
,,,,,,-1.083927284,,,,,,,,,,,,,,
