덕수궁,Unnamed: 1,Date,달러환율,미세먼지(PM10),Windspeed(m/s),Rainfall(mm),total_7d_avg,불쾌지수,weekday_0,weekday_1,weekday_2,weekday_3,weekday_4,weekday_5,weekday_6,season_0,season_1,season_2,season_3,운항수_표준화
5035,,2023-01-01 0:00,,0.831243148,0.635932872,-0.313685113,-0.780520681,-1.287139588,FALSE,TRUE,FALSE,FALSE,FALSE,FALSE,FALSE,TRUE,FALSE,FALSE,FALSE,-1.389810215
6282,,2023-01-03 0:00,-1.183150828,-0.207678445,-0.708476628,-0.313685113,-1.100433646,-1.580707801,FALSE,FALSE,TRUE,FALSE,FALSE,FALSE,FALSE,TRUE,FALSE,FALSE,FALSE,-1.429029717
6028,,2023-01-04 0:00,-1.150647178,0.01104189,-0.559097795,-0.313685113,-1.108599721,-1.675281134,FALSE,FALSE,FALSE,TRUE,FALSE,FALSE,FALSE,TRUE,FALSE,FALSE,FALSE,-1.523156522
6405,,2023-01-05 0:00,-1.248158129,0.57046121,-1.007234295,-0.313685113,-1.115070963,-1.398577128,FALSE,FALSE,FALSE,FALSE,TRUE,FALSE,FALSE,TRUE,FALSE,FALSE,FALSE,-1.30352731
6436,,2023-01-06 0:00,-1.280661779,1.668269047,-0.110961295,-0.00639183808,-1.115070963,-1.476530403,FALSE,FALSE,FALSE,FALSE,FALSE,TRUE,FALSE,TRUE,FALSE,FALSE,FALSE,-1.099585899
6853,,2023-01-07 0:00,-1.508187331,3.460093334,-0.110961295,-0.305805798,-1.099971434,-1.458677988,FALSE,FALSE,FALSE,FALSE,FALSE,FALSE,TRUE,TRUE,FALSE,FALSE,FALSE,-1.217244405
5312,,2023-01-08 0:00,-1.735712883,4.196171386,-0.857855462,-0.313685113,-1.098379279,-1.497767718,TRUE,FALSE,FALSE,FALSE,FALSE,FALSE,FALSE,TRUE,FALSE,FALSE,FALSE,-1.099585899
7902,,2023-01-10 0:00,-2.028245735,0.982664919,-1.156613128,-0.313685113,-1.169106279,-1.351943155,FALSE,TRUE,FALSE,FALSE,FALSE,FALSE,FALSE,TRUE,FALSE,FALSE,FALSE,-1.201556605
8286,,2023-01-11 0:00,-1.963238435,1.512641116,-1.007234295,-0.313685113,-1.146354227,-1.043368051,FALSE,FALSE,TRUE,FALSE,FALSE,FALSE,FALSE,TRUE,FALSE,FALSE,FALSE,-1.279995609
8273,,2023-01-12 0:00,-2.060749386,1.176148292,-0.110961295,-0.313685113,-1.142964509,-1.188043123,FALSE,FALSE,FALSE,TRUE,FALSE,FALSE,FALSE,TRUE,FALSE,FALSE,FALSE,-1.240776107
4718,,2023-01-13 0:00,-2.093253036,-0.56099591,0.337175205,2.625299282,-1.150308837,-1.118078453,FALSE,FALSE,FALSE,FALSE,TRUE,FALSE,FALSE,TRUE,FALSE,FALSE,FALSE,-1.146649302
5816,,2023-01-14 0:00,-2.190763987,-0.893282574,0.337175205,-0.187616077,-1.160734688,-0.580323463,FALSE,FALSE,FALSE,FALSE,FALSE,TRUE,FALSE,TRUE,FALSE,FALSE,FALSE,-0.981927393
3507,,2023-01-15 0:00,-2.255771287,-0.876457933,0.785311705,-0.0615470412,-1.168079016,-1.065965874,FALSE,FALSE,FALSE,FALSE,FALSE,FALSE,TRUE,TRUE,FALSE,FALSE,FALSE,-1.1231176
6142,,2023-01-17 0:00,-2.255771287,-0.216090766,-0.708476628,-0.313685113,-1.030412319,-1.153084715,TRUE,FALSE,FALSE,FALSE,FALSE,FALSE,FALSE,TRUE,FALSE,FALSE,FALSE,-1.021146895
6243,,2023-01-18 0:00,-2.255771287,0.71767682,-0.409718961,-0.313685113,-1.044587423,-1.855577819,FALSE,TRUE,FALSE,FALSE,FALSE,FALSE,FALSE,TRUE,FALSE,FALSE,FALSE,-1.146649302
6071,,2023-01-19 0:00,-2.353282238,1.037345003,0.337175205,-0.234891965,-1.059995148,-1.845108167,FALSE,FALSE,TRUE,FALSE,FALSE,FALSE,FALSE,TRUE,FALSE,FALSE,FALSE,-1.232932206
3316,,2023-01-20 0:00,-2.255771287,1.251859178,2.129721205,-0.313685113,-1.067442207,-1.785816652,FALSE,FALSE,FALSE,TRUE,FALSE,FALSE,FALSE,TRUE,FALSE,FALSE,FALSE,-1.264307808
5065,,2023-01-21 0:00,-2.288274938,-0.455841903,-0.708476628,-0.313685113,-1.048079874,-1.540962564,FALSE,FALSE,FALSE,FALSE,TRUE,FALSE,FALSE,TRUE,FALSE,FALSE,FALSE,-1.130961501
7293,,2023-01-22 0:00,-2.288274938,-0.325450934,0.486554039,-0.313685113,-0.952449487,-1.520494136,FALSE,FALSE,FALSE,FALSE,FALSE,TRUE,FALSE,TRUE,FALSE,FALSE,FALSE,-0.92702009
8421,,2023-01-23 0:00,-2.320778588,0.776563064,0.635932872,-0.313685113,-0.302935665,-1.55967449,FALSE,FALSE,FALSE,FALSE,FALSE,FALSE,TRUE,TRUE,FALSE,FALSE,FALSE,-1.185868804
1944,,2023-01-24 0:00,-2.320778588,-0.249740048,3.474130705,-0.313685113,-0.330823608,-1.721296289,TRUE,FALSE,FALSE,FALSE,FALSE,FALSE,FALSE,TRUE,FALSE,FALSE,FALSE,-0.879956687
4553,,2023-01-26 0:00,-2.385785889,-0.287595491,0.337175205,-0.250650595,-0.34263615,-1.446321202,FALSE,TRUE,FALSE,FALSE,FALSE,FALSE,FALSE,TRUE,FALSE,FALSE,FALSE,-1.30352731
4501,,2023-01-27 0:00,-2.418289539,0.0446911724,1.830963539,-0.313685113,-0.339092361,-1.521059371,FALSE,FALSE,TRUE,FALSE,FALSE,FALSE,FALSE,TRUE,FALSE,FALSE,FALSE,-1.358434613
5704,,2023-01-28 0:00,-2.450793189,0.107783577,0.187796372,-0.313685113,-0.363744655,-2.665476195,FALSE,FALSE,FALSE,TRUE,FALSE,FALSE,FALSE,TRUE,FALSE,FALSE,FALSE,-1.429029717
5828,,2023-01-29 0:00,-2.450793189,0.385390156,0.486554039,-0.313685113,-0.457937012,-2.228858466,FALSE,FALSE,FALSE,FALSE,TRUE,FALSE,FALSE,TRUE,FALSE,FALSE,FALSE,-1.413341916
6681,,2023-01-31 0:00,-2.418289539,0.0867527754,0.635932872,-0.313685113,-0.905925911,-2.236947121,FALSE,FALSE,FALSE,FALSE,FALSE,TRUE,FALSE,TRUE,FALSE,FALSE,FALSE,-1.327059011
6096,,2023-02-01 0:00,-2.353282238,1.096231247,1.382827039,-0.313685113,-0.888053,-2.012092578,FALSE,FALSE,FALSE,FALSE,FALSE,FALSE,TRUE,TRUE,FALSE,FALSE,FALSE,-1.366278513
6147,,2023-02-02 0:00,-2.873340643,0.233968386,0.337175205,-0.313685113,-0.881633097,-1.860752602,TRUE,FALSE,FALSE,FALSE,FALSE,FALSE,FALSE,TRUE,FALSE,FALSE,FALSE,-1.162337102
6273,,2023-02-03 0:00,-2.51580049,0.124608218,-0.110961295,-0.313685113,-0.860319128,-1.499079559,FALSE,TRUE,FALSE,FALSE,FALSE,FALSE,FALSE,TRUE,FALSE,FALSE,FALSE,-1.468249219
12060,,2023-02-04 0:00,-2.255771287,0.0236603709,-0.409718961,-0.313685113,-0.82888745,-1.375931028,FALSE,FALSE,TRUE,FALSE,FALSE,FALSE,FALSE,TRUE,FALSE,FALSE,FALSE,-1.413341916
6153,,2023-02-05 0:00,-2.028245735,1.037345003,-0.708476628,-0.313685113,-0.809422385,-1.240040198,FALSE,FALSE,FALSE,TRUE,FALSE,FALSE,FALSE,TRUE,FALSE,FALSE,FALSE,-1.366278513
8102,,2023-02-07 0:00,-1.605698282,1.777629215,-1.156613128,-0.313685113,-0.600347724,-1.378703093,FALSE,FALSE,FALSE,FALSE,TRUE,FALSE,FALSE,TRUE,FALSE,FALSE,FALSE,-1.178024903
7291,,2023-02-08 0:00,-1.508187331,1.335982384,0.337175205,-0.313685113,-0.589767749,-1.441058883,FALSE,FALSE,FALSE,FALSE,FALSE,TRUE,FALSE,TRUE,FALSE,FALSE,FALSE,-1.083898098
8024,,2023-02-09 0:00,-1.475683681,0.0362788518,0.337175205,-0.313685113,-0.591411242,-1.320863654,FALSE,FALSE,FALSE,FALSE,FALSE,FALSE,TRUE,TRUE,FALSE,FALSE,FALSE,-1.154493202
6888,,2023-02-10 0:00,-1.34566908,-0.527346628,-0.110961295,-0.266409224,-0.585761747,-1.219330967,TRUE,FALSE,FALSE,FALSE,FALSE,FALSE,FALSE,TRUE,FALSE,FALSE,FALSE,-1.091741999
10683,,2023-02-11 0:00,-1.215654478,0.347534714,-0.708476628,-0.313685113,-0.565834469,-1.336531624,FALSE,TRUE,FALSE,FALSE,FALSE,FALSE,FALSE,TRUE,FALSE,FALSE,FALSE,-1.240776107
6810,,2023-02-12 0:00,-1.085639877,1.390662467,-0.708476628,-0.313685113,-0.521306236,-1.225845051,FALSE,FALSE,TRUE,FALSE,FALSE,FALSE,FALSE,TRUE,FALSE,FALSE,FALSE,-1.232932206
8709,,2023-02-14 0:00,-1.215654478,0.0867527754,0.635932872,-0.313685113,-0.203396245,-1.184606329,FALSE,FALSE,FALSE,TRUE,FALSE,FALSE,FALSE,TRUE,FALSE,FALSE,FALSE,-1.31137121
7418,,2023-02-15 0:00,-0.825610675,-0.741860803,0.337175205,-0.313685113,-0.192970393,-1.170178415,FALSE,FALSE,FALSE,FALSE,TRUE,FALSE,FALSE,TRUE,FALSE,FALSE,FALSE,-1.091741999
5363,,2023-02-16 0:00,-0.825610675,-0.283389331,0.635932872,-0.313685113,-0.182544542,-0.811391645,FALSE,FALSE,FALSE,FALSE,FALSE,TRUE,FALSE,TRUE,FALSE,FALSE,FALSE,-1.021146895
8891,,2023-02-17 0:00,-0.175537669,0.347534714,-0.708476628,-0.313685113,-0.175200214,-1.249117196,FALSE,FALSE,FALSE,FALSE,FALSE,FALSE,TRUE,TRUE,FALSE,FALSE,FALSE,-1.154493202
9937,,2023-02-18 0:00,-0.24054497,1.903814024,-1.156613128,-0.313685113,-0.184804319,-1.255644169,TRUE,FALSE,FALSE,FALSE,FALSE,FALSE,FALSE,TRUE,FALSE,FALSE,FALSE,-1.028990795
6289,,2023-02-19 0:00,-0.27304862,0.591492011,1.532205872,-0.282167854,-0.214643896,-1.123852174,FALSE,TRUE,FALSE,FALSE,FALSE,FALSE,FALSE,TRUE,FALSE,FALSE,FALSE,-1.248620007
8438,,2023-02-21 0:00,-0.30555227,-0.220296926,-0.260340128,-0.313685113,-0.530910394,-0.856942725,FALSE,FALSE,TRUE,FALSE,FALSE,FALSE,FALSE,TRUE,FALSE,FALSE,FALSE,-1.232932206
9996,,2023-02-22 0:00,-0.0455230682,0.305473111,-0.110961295,-0.313685113,-0.531218535,-1.106893306,FALSE,FALSE,FALSE,TRUE,FALSE,FALSE,FALSE,TRUE,FALSE,FALSE,FALSE,-1.217244405
10784,,2023-02-23 0:00,-0.370559571,0.238174546,-0.559097795,-0.313685113,-0.518584246,-0.839901286,FALSE,FALSE,FALSE,FALSE,TRUE,FALSE,FALSE,TRUE,FALSE,FALSE,FALSE,-1.130961501
9032,,2023-02-24 0:00,-0.143034019,0.654584415,1.084069372,-0.313685113,-0.519354654,-1.238584095,FALSE,FALSE,FALSE,FALSE,FALSE,TRUE,FALSE,TRUE,FALSE,FALSE,FALSE,-0.895644488
10076,,2023-02-25 0:00,0.0844915329,0.14563902,0.934690539,-0.313685113,-0.514013354,-1.122558506,FALSE,FALSE,FALSE,FALSE,FALSE,FALSE,TRUE,TRUE,FALSE,FALSE,FALSE,-1.091741999
8394,,2023-02-26 0:00,0.312017085,0.0909589357,-0.260340128,-0.313685113,-0.50456332,-0.762598406,TRUE,FALSE,FALSE,FALSE,FALSE,FALSE,FALSE,TRUE,FALSE,FALSE,FALSE,-1.091741999
8655,,2023-02-28 0:00,0.507038987,0.0993712563,-0.409718961,-0.313685113,-0.213224918,-0.947595782,FALSE,TRUE,FALSE,FALSE,FALSE,FALSE,FALSE,TRUE,FALSE,FALSE,FALSE,-1.130961501
10071,,2023-03-01 0:00,0.377024385,0.0320726915,1.233448205,-0.313685113,-0.206240124,-1.199428801,FALSE,FALSE,TRUE,FALSE,FALSE,FALSE,FALSE,TRUE,FALSE,FALSE,FALSE,-1.178024903
6620,,2023-03-02 0:00,0.247009784,0.700852179,0.785311705,-0.313685113,-0.246659624,-1.219074955,FALSE,FALSE,FALSE,TRUE,FALSE,FALSE,FALSE,TRUE,FALSE,FALSE,FALSE,-1.170181003
8158,,2023-03-03 0:00,-0.20804132,0.191906783,-0.260340128,-0.313685113,-0.27269861,-1.094327524,FALSE,FALSE,FALSE,FALSE,TRUE,FALSE,FALSE,TRUE,FALSE,FALSE,FALSE,-1.036834696
10594,,2023-03-04 0:00,-0.24054497,1.42010559,-0.559097795,-0.313685113,-0.282610909,-1.139500468,FALSE,FALSE,FALSE,FALSE,FALSE,TRUE,FALSE,TRUE,FALSE,FALSE,FALSE,-0.919176189
6768,,2023-03-05 0:00,-0.30555227,1.622001284,-0.857855462,-0.313685113,-0.298275383,-0.972989769,FALSE,FALSE,FALSE,FALSE,FALSE,FALSE,TRUE,TRUE,FALSE,FALSE,FALSE,-1.146649302
10321,,2023-03-07 0:00,-0.20804132,1.066788125,0.0384175385,-0.313685113,-0.417877047,-1.048386178,TRUE,FALSE,FALSE,FALSE,FALSE,FALSE,FALSE,TRUE,FALSE,FALSE,FALSE,-0.93486399
7888,,2023-03-08 0:00,0.474535336,1.209797575,-0.409718961,-0.219133336,-0.446586682,-0.939914897,FALSE,TRUE,FALSE,FALSE,FALSE,FALSE,FALSE,TRUE,FALSE,FALSE,FALSE,-1.076054198
7486,,2023-03-09 0:00,0.474535336,1.108849728,0.0384175385,-0.0221504675,-0.439704567,-0.737327799,FALSE,FALSE,TRUE,FALSE,FALSE,FALSE,FALSE,TRUE,FALSE,FALSE,FALSE,-1.146649302
10820,,2023-03-10 0:00,0.637053588,2.353873175,-0.260340128,-0.313685113,-0.426505334,-0.971672099,FALSE,FALSE,FALSE,TRUE,FALSE,FALSE,FALSE,TRUE,FALSE,FALSE,FALSE,-1.209400505
12335,,2023-03-11 0:00,0.344520735,2.740839923,0.187796372,-0.313685113,-0.417825654,-0.678961032,FALSE,FALSE,FALSE,FALSE,TRUE,FALSE,FALSE,FALSE,TRUE,FALSE,FALSE,-1.052522496
2854,,2023-03-12 0:00,0.0844915329,0.919572514,2.129721205,0.127556512,-0.460094111,-0.81477836,FALSE,FALSE,FALSE,FALSE,FALSE,TRUE,FALSE,FALSE,TRUE,FALSE,FALSE,-0.94270789
10085,,2023-03-14 0:00,0.0844915329,0.238174546,0.934690539,-0.313685113,-0.549394038,-0.964501105,FALSE,FALSE,FALSE,FALSE,FALSE,FALSE,TRUE,FALSE,TRUE,FALSE,FALSE,-1.240776107
7834,,2023-03-15 0:00,-0.143034019,0.43586408,1.084069372,-0.313685113,-0.537632835,-0.705027795,TRUE,FALSE,FALSE,FALSE,FALSE,FALSE,FALSE,FALSE,TRUE,FALSE,FALSE,-1.052522496
8706,,2023-03-16 0:00,0.149498833,1.096231247,0.187796372,-0.313685113,-0.503273704,-0.477752171,FALSE,TRUE,FALSE,FALSE,FALSE,FALSE,FALSE,FALSE,TRUE,FALSE,FALSE,-1.248620007
9545,,2023-03-17 0:00,-0.143034019,0.305473111,-0.857855462,-0.313685113,-0.474923549,-0.195614302,FALSE,FALSE,TRUE,FALSE,FALSE,FALSE,FALSE,FALSE,TRUE,FALSE,FALSE,-1.225088306
14131,,2023-03-18 0:00,-0.0130194179,1.028932682,0.486554039,-0.313685113,-0.445854379,-0.208252126,FALSE,FALSE,FALSE,TRUE,FALSE,FALSE,FALSE,FALSE,TRUE,FALSE,FALSE,-1.279995609
9275,,2023-03-19 0:00,0.0844915329,2.446408702,-0.260340128,-0.313685113,-0.376519727,-0.201498502,FALSE,FALSE,FALSE,FALSE,TRUE,FALSE,FALSE,FALSE,TRUE,FALSE,FALSE,-1.201556605
11252,,2023-03-21 0:00,0.116995183,1.121468208,-0.857855462,-0.313685113,0.219780525,-0.684053165,FALSE,FALSE,FALSE,FALSE,FALSE,TRUE,FALSE,FALSE,TRUE,FALSE,FALSE,-0.974083492
11039,,2023-03-22 0:00,0.0519878826,1.382250147,-0.708476628,-0.313685113,0.246641257,-0.0469852021,FALSE,FALSE,FALSE,FALSE,FALSE,FALSE,TRUE,FALSE,TRUE,FALSE,FALSE,-1.232932206
10070,,2023-03-23 0:00,-0.890617976,2.900674014,0.337175205,-0.313685113,0.269136507,0.252789814,TRUE,FALSE,FALSE,FALSE,FALSE,FALSE,FALSE,FALSE,TRUE,FALSE,FALSE,-1.028990795
11070,,2023-03-24 0:00,-0.403063221,4.503221087,0.0384175385,-0.313685113,0.301441324,-0.877793423,FALSE,TRUE,FALSE,FALSE,FALSE,FALSE,FALSE,FALSE,TRUE,FALSE,FALSE,-1.178024903
14865,,2023-03-25 0:00,-0.338055921,2.740839923,0.0384175385,-0.313685113,0.357473958,-0.762855189,FALSE,FALSE,TRUE,FALSE,FALSE,FALSE,FALSE,FALSE,TRUE,FALSE,FALSE,-1.225088306
10715,,2023-03-26 0:00,-0.30555227,1.184560613,1.980342372,-0.313685113,0.425267795,-0.250075985,FALSE,FALSE,FALSE,TRUE,FALSE,FALSE,FALSE,FALSE,TRUE,FALSE,FALSE,-1.240776107
12509,,2023-03-28 0:00,-0.24054497,1.277096139,-0.260340128,-0.313685113,1.229088604,-0.591263844,FALSE,FALSE,FALSE,FALSE,TRUE,FALSE,FALSE,FALSE,TRUE,FALSE,FALSE,-1.060366397
20940,,2023-03-29 0:00,-0.175537669,1.882783222,-0.559097795,-0.313685113,1.363854531,-0.569341393,FALSE,FALSE,FALSE,FALSE,FALSE,TRUE,FALSE,FALSE,TRUE,FALSE,FALSE,-0.974083492
14789,,2023-03-30 0:00,-0.24054497,1.811278497,-0.110961295,-0.313685113,1.499904418,-0.284385974,FALSE,FALSE,FALSE,FALSE,FALSE,FALSE,TRUE,FALSE,TRUE,FALSE,FALSE,-1.1152737
16963,,2023-03-31 0:00,-0.175537669,2.681953679,-0.260340128,-0.313685113,1.662147414,-0.402638093,TRUE,FALSE,FALSE,FALSE,FALSE,FALSE,FALSE,FALSE,TRUE,FALSE,FALSE,-1.052522496
21035,,2023-04-01 0:00,0.0194842324,2.248719168,-0.708476628,-0.313685113,1.824185001,-0.525086048,FALSE,TRUE,FALSE,FALSE,FALSE,FALSE,FALSE,FALSE,TRUE,FALSE,FALSE,-1.154493202
15952,,2023-04-02 0:00,0.182002484,0.549430408,0.187796372,-0.313685113,1.925670293,-0.282090846,FALSE,FALSE,TRUE,FALSE,FALSE,FALSE,FALSE,FALSE,TRUE,FALSE,FALSE,-1.193712704
13773,,2023-04-04 0:00,0.214506134,0.107783577,0.486554039,0.229987604,1.758491159,0.262505997,FALSE,FALSE,FALSE,TRUE,FALSE,FALSE,FALSE,FALSE,TRUE,FALSE,FALSE,-1.240776107
3175,,2023-04-05 0:00,0.214506134,-0.708211521,1.681584705,3.649610197,1.627474431,0.521745859,FALSE,FALSE,FALSE,FALSE,TRUE,FALSE,FALSE,FALSE,TRUE,FALSE,FALSE,-1.021146895
6031,,2023-04-06 0:00,0.344520735,0.831243148,0.337175205,-0.100943615,1.48325847,0.507639194,FALSE,FALSE,FALSE,FALSE,FALSE,TRUE,FALSE,FALSE,TRUE,FALSE,FALSE,-1.005459094
13001,,2023-04-07 0:00,0.377024385,1.84492778,0.934690539,-0.313685113,1.326100025,0.191747589,FALSE,FALSE,FALSE,FALSE,FALSE,FALSE,TRUE,FALSE,TRUE,FALSE,FALSE,-1.060366397
13491,,2023-04-08 0:00,0.409528036,0.128814378,1.382827039,-0.313685113,1.147370809,-0.116184095,TRUE,FALSE,FALSE,FALSE,FALSE,FALSE,FALSE,FALSE,TRUE,FALSE,FALSE,-1.076054198
11267,,2023-04-09 0:00,0.409528036,1.028932682,0.337175205,-0.313685113,1.000278734,-0.0688327742,FALSE,TRUE,FALSE,FALSE,FALSE,FALSE,FALSE,FALSE,TRUE,FALSE,FALSE,-1.076054198
6036,,2023-04-11 0:00,0.507038987,0.843861629,1.980342372,-0.0851849854,0.87196505,-0.419458673,FALSE,FALSE,TRUE,FALSE,FALSE,FALSE,FALSE,FALSE,TRUE,FALSE,FALSE,-0.997615193
9745,,2023-04-12 0:00,0.637053588,9.668385932,0.635932872,-0.313685113,0.874173488,-0.350830098,FALSE,FALSE,FALSE,TRUE,FALSE,FALSE,FALSE,FALSE,TRUE,FALSE,FALSE,-0.919176189
9305,,2023-04-13 0:00,0.149498833,6.589476595,-0.708476628,-0.313685113,0.881312405,-0.0564670148,FALSE,FALSE,FALSE,FALSE,TRUE,FALSE,FALSE,FALSE,TRUE,FALSE,FALSE,-0.809361583
11964,,2023-04-14 0:00,-0.27304862,2.450614862,-1.007234295,-0.313685113,0.86061472,0.193230628,FALSE,FALSE,FALSE,FALSE,FALSE,TRUE,FALSE,FALSE,TRUE,FALSE,FALSE,-0.683859176
9632,,2023-04-15 0:00,-0.110530369,1.020520361,-0.110961295,0.048763365,0.802116846,0.357846265,FALSE,FALSE,FALSE,FALSE,FALSE,FALSE,TRUE,FALSE,TRUE,FALSE,FALSE,-0.785829882
8661,,2023-04-16 0:00,0.0194842324,2.925910976,0.337175205,-0.313685113,0.765446546,0.627014913,TRUE,FALSE,FALSE,FALSE,FALSE,FALSE,FALSE,FALSE,TRUE,FALSE,FALSE,-0.801517683
8290,,2023-04-18 0:00,0.409528036,0.351740874,0.635932872,-0.195495392,0.814635062,0.890752606,FALSE,TRUE,FALSE,FALSE,FALSE,FALSE,FALSE,FALSE,TRUE,FALSE,FALSE,-0.825049384
12721,,2023-04-19 0:00,0.539542637,-0.0520505144,0.187796372,-0.313685113,0.827628885,0.912450083,FALSE,FALSE,TRUE,FALSE,FALSE,FALSE,FALSE,FALSE,TRUE,FALSE,FALSE,-0.958395691
11037,,2023-04-20 0:00,0.507038987,-0.430604941,0.187796372,-0.274288539,0.824085096,0.636680047,FALSE,FALSE,FALSE,TRUE,FALSE,FALSE,FALSE,FALSE,TRUE,FALSE,FALSE,-0.911332289
12881,,2023-04-21 0:00,0.702060888,0.675615217,0.337175205,-0.313685113,0.823982364,-0.682370976,FALSE,FALSE,FALSE,FALSE,TRUE,FALSE,FALSE,FALSE,TRUE,FALSE,FALSE,-0.75445428
13863,,2023-04-22 0:00,0.767068189,0.852273949,0.486554039,-0.313685113,0.862296158,-0.953680164,FALSE,FALSE,FALSE,FALSE,FALSE,TRUE,FALSE,FALSE,TRUE,FALSE,FALSE,-0.75445428
10257,,2023-04-23 0:00,0.86457914,0.751326102,-0.260340128,-0.313685113,0.888900087,-0.539763384,FALSE,FALSE,FALSE,FALSE,FALSE,FALSE,TRUE,FALSE,TRUE,FALSE,FALSE,-0.75445428
6329,,2023-04-25 0:00,0.86457914,-0.0520505144,-0.559097795,-0.282167854,0.726613437,-0.359906401,TRUE,FALSE,FALSE,FALSE,FALSE,FALSE,FALSE,FALSE,TRUE,FALSE,FALSE,-0.825049384
12320,,2023-04-26 0:00,0.994593741,-0.317038613,1.233448205,-0.313685113,0.738066498,-0.241575396,FALSE,TRUE,FALSE,FALSE,FALSE,FALSE,FALSE,FALSE,TRUE,FALSE,FALSE,-0.770142081
13400,,2023-04-27 0:00,1.027097391,0.0404850121,-0.559097795,-0.313685113,0.771193009,0.0734070866,FALSE,FALSE,TRUE,FALSE,FALSE,FALSE,FALSE,FALSE,TRUE,FALSE,FALSE,-0.895644488
13198,,2023-04-28 0:00,1.092104692,-0.0141950718,-0.260340128,-0.163978133,0.783262354,-0.236443101,FALSE,FALSE,FALSE,TRUE,FALSE,FALSE,FALSE,FALSE,TRUE,FALSE,FALSE,-0.864268886
7968,,2023-04-29 0:00,1.092104692,-0.325450934,0.934690539,1.664022885,0.756658424,-0.151832071,FALSE,FALSE,FALSE,FALSE,TRUE,FALSE,FALSE,FALSE,TRUE,FALSE,FALSE,-0.75445428
12161,,2023-04-30 0:00,1.059601041,0.095165096,1.532205872,-0.305805798,0.824965866,0.0242093042,FALSE,FALSE,FALSE,FALSE,FALSE,TRUE,FALSE,FALSE,TRUE,FALSE,FALSE,-0.75445428
4038,,2023-05-01 0:00,1.027097391,0.381183996,0.337175205,-0.313685113,0.177430417,0.264571974,FALSE,FALSE,FALSE,FALSE,FALSE,FALSE,TRUE,FALSE,TRUE,FALSE,FALSE,-0.785829882
12486,,2023-05-02 0:00,1.027097391,-0.165616842,-0.260340128,-0.313685113,0.208194473,-0.307891978,TRUE,FALSE,FALSE,FALSE,FALSE,FALSE,FALSE,FALSE,TRUE,FALSE,FALSE,-0.817205484
11841,,2023-05-03 0:00,1.059601041,0.196112943,-0.260340128,-0.313685113,0.203572134,-0.438342767,FALSE,TRUE,FALSE,FALSE,FALSE,FALSE,FALSE,FALSE,TRUE,FALSE,FALSE,-0.903488388
11015,,2023-05-04 0:00,0.539542637,0.322297752,-0.260340128,-0.313685113,0.15601377,-0.0452319864,FALSE,FALSE,TRUE,FALSE,FALSE,FALSE,FALSE,FALSE,TRUE,FALSE,FALSE,-0.75445428
4212,,2023-05-05 0:00,0.539542637,-0.931138017,0.337175205,2.065867936,0.111947802,-0.21553571,FALSE,FALSE,FALSE,TRUE,FALSE,FALSE,FALSE,FALSE,TRUE,FALSE,FALSE,-0.683859176
5485,,2023-05-06 0:00,0.507038987,-0.939550337,4.669161372,3.428989385,0.098594445,0.453717686,FALSE,FALSE,FALSE,FALSE,TRUE,FALSE,FALSE,FALSE,TRUE,FALSE,FALSE,-0.628951873
9881,,2023-05-07 0:00,0.507038987,-0.13196756,0.486554039,-0.313685113,0.033625329,-0.211735982,FALSE,FALSE,FALSE,FALSE,FALSE,TRUE,FALSE,FALSE,TRUE,FALSE,FALSE,-0.676015276
12073,,2023-05-09 0:00,0.474535336,0.562048889,0.0384175385,-0.313685113,0.76624924,0.420017927,FALSE,FALSE,FALSE,FALSE,FALSE,FALSE,TRUE,FALSE,TRUE,FALSE,FALSE,-0.597576272
11833,,2023-05-10 0:00,0.637053588,0.784975385,-0.708476628,-0.313685113,0.780218881,0.795654648,TRUE,FALSE,FALSE,FALSE,FALSE,FALSE,FALSE,FALSE,TRUE,FALSE,FALSE,-0.707390878
12110,,2023-05-11 0:00,0.637053588,0.587285851,0.0384175385,-0.313685113,0.822127804,0.573725377,FALSE,TRUE,FALSE,FALSE,FALSE,FALSE,FALSE,FALSE,TRUE,FALSE,FALSE,-0.730922579
12752,,2023-05-12 0:00,0.92958644,0.72188298,-0.708476628,-0.313685113,0.865115275,0.46140311,FALSE,FALSE,TRUE,FALSE,FALSE,FALSE,FALSE,FALSE,TRUE,FALSE,FALSE,-0.785829882
13966,,2023-05-13 0:00,0.92958644,0.250793027,-0.409718961,-0.313685113,0.896598346,-0.390697842,FALSE,FALSE,FALSE,TRUE,FALSE,FALSE,FALSE,FALSE,TRUE,FALSE,FALSE,-0.526981168
9862,,2023-05-14 0:00,0.89708279,-0.485285025,-0.409718961,-0.313685113,0.881293407,-0.477646619,FALSE,FALSE,FALSE,FALSE,TRUE,FALSE,FALSE,FALSE,TRUE,FALSE,FALSE,-0.495605566
10320,,2023-05-16 0:00,0.962090091,0.932190995,0.337175205,-0.313685113,0.43734285,-0.0994527218,FALSE,FALSE,FALSE,FALSE,FALSE,TRUE,FALSE,FALSE,TRUE,FALSE,FALSE,-0.519137267
10778,,2023-05-17 0:00,1.059601041,0.0236603709,1.681584705,-0.313685113,0.410276708,0.17107678,FALSE,FALSE,FALSE,FALSE,FALSE,FALSE,TRUE,FALSE,TRUE,FALSE,FALSE,-0.38579096
8783,,2023-05-18 0:00,0.89708279,-0.0436381938,-0.260340128,-0.211254021,0.380693933,-0.421560629,TRUE,FALSE,FALSE,FALSE,FALSE,FALSE,FALSE,FALSE,TRUE,FALSE,FALSE,-0.613264073
12658,,2023-05-19 0:00,0.669557238,-0.502109666,0.0384175385,-0.313685113,0.389579023,-0.269587264,FALSE,TRUE,FALSE,FALSE,FALSE,FALSE,FALSE,FALSE,TRUE,FALSE,FALSE,-0.56620067
13092,,2023-05-20 0:00,0.572046287,-0.434811101,1.084069372,-0.313685113,0.386035233,0.128452908,FALSE,FALSE,TRUE,FALSE,FALSE,FALSE,FALSE,FALSE,TRUE,FALSE,FALSE,-0.668171376
9169,,2023-05-21 0:00,0.474535336,1.70612449,1.084069372,-0.297926483,0.376277005,0.548397085,FALSE,FALSE,FALSE,TRUE,FALSE,FALSE,FALSE,FALSE,TRUE,FALSE,FALSE,-0.503449467
11163,,2023-05-23 0:00,0.247009784,1.222416056,-0.110961295,-0.313685113,0.0483329835,0.666336183,FALSE,FALSE,FALSE,FALSE,TRUE,FALSE,FALSE,FALSE,TRUE,FALSE,FALSE,-0.542668969
12110,,2023-05-24 0:00,0.377024385,0.1582575,-0.409718961,-0.313685113,0.0411427264,0.688658485,FALSE,FALSE,FALSE,FALSE,FALSE,TRUE,FALSE,FALSE,TRUE,FALSE,FALSE,-0.472073865
10521,,2023-05-25 0:00,0.572046287,-0.0562566747,0.187796372,-0.313685113,0.0364690487,0.0101419096,FALSE,FALSE,FALSE,FALSE,FALSE,FALSE,TRUE,FALSE,TRUE,FALSE,FALSE,-0.511293367
10737,,2023-05-26 0:00,0.669557238,-0.13617372,-0.260340128,-0.274288539,0.00416423105,-0.448719199,TRUE,FALSE,FALSE,FALSE,FALSE,FALSE,FALSE,FALSE,TRUE,FALSE,FALSE,-0.511293367
6203,,2023-05-27 0:00,0.637053588,-0.216090766,-0.857855462,2.191936972,-0.0438563991,0.239181836,FALSE,TRUE,FALSE,FALSE,FALSE,FALSE,FALSE,FALSE,TRUE,FALSE,FALSE,-0.589732371
5422,,2023-05-28 0:00,0.637053588,-1.011055062,-0.708476628,2.979868445,-0.0575178981,0.21936303,FALSE,FALSE,TRUE,FALSE,FALSE,FALSE,FALSE,FALSE,TRUE,FALSE,FALSE,-0.57404457
8214,,2023-05-29 0:00,0.604549937,-0.897488734,-1.007234295,-0.132460874,-0.077412782,0.384564066,FALSE,FALSE,FALSE,TRUE,FALSE,FALSE,FALSE,FALSE,TRUE,FALSE,FALSE,-0.479917765
25,,2023-05-30 0:00,0.572046287,0.0404850121,-0.110961295,-0.313685113,-0.0762828403,0.548613433,FALSE,FALSE,FALSE,FALSE,TRUE,FALSE,FALSE,FALSE,TRUE,FALSE,FALSE,-0.448542164
13208,,2023-05-31 0:00,0.572046287,-0.291801651,0.337175205,-0.313685113,-0.0773100504,0.696877948,FALSE,FALSE,FALSE,FALSE,FALSE,TRUE,FALSE,FALSE,TRUE,FALSE,FALSE,-0.432854363
10593,,2023-06-01 0:00,0.539542637,0.14563902,-0.559097795,-0.313685113,-0.0910228886,0.579383234,FALSE,FALSE,FALSE,FALSE,FALSE,FALSE,TRUE,FALSE,TRUE,FALSE,FALSE,-0.464229964
10142,,2023-06-02 0:00,-0.0130194179,-0.178235323,0.0384175385,-0.313685113,-0.0970832039,0.377962653,TRUE,FALSE,FALSE,FALSE,FALSE,FALSE,FALSE,FALSE,TRUE,FALSE,FALSE,-0.393634861
12684,,2023-06-03 0:00,-0.0130194179,-0.0520505144,0.635932872,-0.313685113,-0.0416669068,0.478174429,FALSE,TRUE,FALSE,FALSE,FALSE,FALSE,FALSE,FALSE,TRUE,FALSE,FALSE,-0.487761666
10747,,2023-06-04 0:00,0.0194842324,0.0741342945,0.187796372,-0.313685113,0.0117464695,0.747277818,FALSE,FALSE,TRUE,FALSE,FALSE,FALSE,FALSE,FALSE,TRUE,FALSE,FALSE,-0.534825068
10638,,2023-06-06 0:00,-0.0130194179,-0.607263674,0.486554039,-0.313685113,-0.266289967,1.113372653,FALSE,FALSE,FALSE,TRUE,FALSE,FALSE,FALSE,FALSE,TRUE,FALSE,FALSE,-0.425010462
10239,,2023-06-07 0:00,-0.0780267185,-0.0310197129,-0.260340128,-0.313685113,-0.287347133,0.919701662,FALSE,FALSE,FALSE,FALSE,TRUE,FALSE,FALSE,FALSE,TRUE,FALSE,FALSE,-0.370103159
7964,,2023-06-08 0:00,-0.0455230682,-0.569408231,0.187796372,-0.163978133,-0.305322776,0.551910886,FALSE,FALSE,FALSE,FALSE,FALSE,TRUE,FALSE,FALSE,TRUE,FALSE,FALSE,-0.432854363
8664,,2023-06-09 0:00,-0.435566872,-0.451635743,-0.409718961,-0.219133336,-0.337678933,0.828779853,FALSE,FALSE,FALSE,FALSE,FALSE,FALSE,TRUE,FALSE,TRUE,FALSE,FALSE,-0.456386064
9458,,2023-06-10 0:00,-0.435566872,-0.0184012321,0.0384175385,-0.250650595,-0.403623813,0.651284152,TRUE,FALSE,FALSE,FALSE,FALSE,FALSE,FALSE,FALSE,TRUE,FALSE,FALSE,-0.472073865
7228,,2023-06-11 0:00,-0.468070522,-0.55678975,-0.110961295,2.223454231,-0.47614272,0.223491731,FALSE,TRUE,FALSE,FALSE,FALSE,FALSE,FALSE,FALSE,TRUE,FALSE,FALSE,-0.472073865
10178,,2023-06-13 0:00,-1.085639877,-0.333863254,-0.110961295,-0.313685113,-0.46804138,0.633115004,FALSE,FALSE,TRUE,FALSE,FALSE,FALSE,FALSE,FALSE,TRUE,FALSE,FALSE,-0.56620067
7939,,2023-06-14 0:00,-0.955625276,-0.249740048,-1.156613128,2.097385195,-0.470866101,0.820909795,FALSE,FALSE,FALSE,TRUE,FALSE,FALSE,FALSE,FALSE,TRUE,FALSE,FALSE,-0.464229964
9980,,2023-06-15 0:00,-0.890617976,-0.178235323,-0.260340128,-0.313685113,-0.443799959,0.807905278,FALSE,FALSE,FALSE,FALSE,TRUE,FALSE,FALSE,FALSE,TRUE,FALSE,FALSE,-0.503449467
9647,,2023-06-16 0:00,-1.053136227,-0.350687896,-0.260340128,-0.313685113,-0.411649265,0.906635709,FALSE,FALSE,FALSE,FALSE,FALSE,TRUE,FALSE,FALSE,TRUE,FALSE,FALSE,-0.323039757
10874,,2023-06-17 0:00,-0.955625276,-0.535758949,-0.409718961,-0.313685113,-0.376314317,0.790407598,FALSE,FALSE,FALSE,FALSE,FALSE,FALSE,TRUE,FALSE,TRUE,FALSE,FALSE,-0.519137267
5900,,2023-06-18 0:00,-0.890617976,-0.325450934,-0.409718961,-0.313685113,-0.376006122,0.202065796,TRUE,FALSE,FALSE,FALSE,FALSE,FALSE,FALSE,FALSE,TRUE,FALSE,FALSE,-0.519137267
1212,,2023-06-19 0:00,-0.793107025,0.389596317,-0.110961295,-0.313685113,-0.759539509,0.0453507284,FALSE,TRUE,FALSE,FALSE,FALSE,FALSE,FALSE,FALSE,TRUE,FALSE,FALSE,-0.503449467
7357,,2023-06-20 0:00,-0.890617976,0.0404850121,-0.559097795,0.19059103,-0.788197806,0.644463503,FALSE,FALSE,TRUE,FALSE,FALSE,FALSE,FALSE,FALSE,TRUE,FALSE,FALSE,-0.519137267
5844,,2023-06-21 0:00,-0.468070522,-0.98161194,-0.260340128,1.648264256,-0.800575346,0.896240779,FALSE,FALSE,FALSE,TRUE,FALSE,FALSE,FALSE,FALSE,TRUE,FALSE,FALSE,-0.417166562
8850,,2023-06-22 0:00,-0.435566872,-0.657737597,-0.110961295,-0.313685113,-0.812182425,0.885476896,FALSE,FALSE,FALSE,FALSE,TRUE,FALSE,FALSE,FALSE,TRUE,FALSE,FALSE,-0.354415358
9868,,2023-06-23 0:00,-0.143034019,-0.0352258732,-1.156613128,-0.313685113,-0.833034181,0.809588681,FALSE,FALSE,FALSE,FALSE,FALSE,TRUE,FALSE,FALSE,FALSE,TRUE,FALSE,-0.38579096
8569,,2023-06-24 0:00,-0.110530369,0.120402058,-0.409718961,-0.313685113,-0.863900915,0.439327927,FALSE,FALSE,FALSE,FALSE,FALSE,FALSE,TRUE,FALSE,FALSE,TRUE,FALSE,-0.401478761
5991,,2023-06-25 0:00,-0.0780267185,-0.1277614,-0.260340128,-0.313685113,-0.878640963,0.815503007,TRUE,FALSE,FALSE,FALSE,FALSE,FALSE,FALSE,FALSE,FALSE,TRUE,FALSE,-0.495605566
8610,,2023-06-27 0:00,-0.27304862,-0.628294475,1.382827039,-0.116702244,-0.564666636,0.814087264,FALSE,TRUE,FALSE,FALSE,FALSE,FALSE,FALSE,FALSE,FALSE,TRUE,FALSE,-0.432854363
9415,,2023-06-28 0:00,0.0194842324,-0.232915407,0.337175205,-0.313685113,-0.570932415,0.680966251,FALSE,FALSE,TRUE,FALSE,FALSE,FALSE,FALSE,FALSE,FALSE,TRUE,FALSE,-0.330883657
2492,,2023-06-29 0:00,0.344520735,-0.148792201,0.0384175385,4.713317686,-0.617925889,0.486298051,FALSE,FALSE,FALSE,TRUE,FALSE,FALSE,FALSE,FALSE,FALSE,TRUE,FALSE,-0.409322661
6356,,2023-06-30 0:00,0.409528036,-0.060462835,-0.708476628,-0.234891965,-0.645043423,0.565554619,FALSE,FALSE,FALSE,FALSE,TRUE,FALSE,FALSE,FALSE,FALSE,TRUE,FALSE,-0.338727558
6022,,2023-07-01 0:00,0.279513435,-0.300213972,-0.409718961,-0.313685113,-0.663943544,0.400119139,FALSE,FALSE,FALSE,FALSE,FALSE,TRUE,FALSE,FALSE,FALSE,TRUE,FALSE,-0.495605566
5115,,2023-07-02 0:00,0.182002484,-0.624088315,-0.559097795,-0.313685113,-0.678529469,0.895011603,FALSE,FALSE,FALSE,FALSE,FALSE,FALSE,TRUE,FALSE,FALSE,TRUE,FALSE,-0.393634861
4623,,2023-07-04 0:00,-0.143034019,-0.157204522,0.0384175385,4.555731392,-1.113440811,0.81070578,TRUE,FALSE,FALSE,FALSE,FALSE,FALSE,FALSE,FALSE,FALSE,TRUE,FALSE,-0.534825068
7687,,2023-07-05 0:00,-0.20804132,-0.375924857,2.129721205,0.891850041,-1.119809321,0.625319824,FALSE,TRUE,FALSE,FALSE,FALSE,FALSE,FALSE,FALSE,FALSE,TRUE,FALSE,-0.511293367
5096,,2023-07-06 0:00,-0.175537669,0.427451759,0.635932872,-0.313685113,-1.102244552,0.705251421,FALSE,FALSE,TRUE,FALSE,FALSE,FALSE,FALSE,FALSE,FALSE,TRUE,FALSE,-0.425010462
6265,,2023-07-07 0:00,-0.0455230682,0.330710073,0.0384175385,-0.313685113,-1.093718943,0.691656059,FALSE,FALSE,FALSE,TRUE,FALSE,FALSE,FALSE,FALSE,FALSE,TRUE,FALSE,-0.38579096
7806,,2023-07-08 0:00,-0.0455230682,-0.943756497,-0.110961295,-0.313685113,-1.090483296,0.422668295,FALSE,FALSE,FALSE,FALSE,TRUE,FALSE,FALSE,FALSE,FALSE,TRUE,FALSE,-0.330883657
3604,,2023-07-09 0:00,-0.0780267185,-0.809159368,-0.409718961,3.428989385,-1.094181156,0.751142266,FALSE,FALSE,FALSE,FALSE,FALSE,TRUE,FALSE,FALSE,FALSE,TRUE,FALSE,-0.448542164
3379,,2023-07-11 0:00,-0.468070522,-0.657737597,-0.559097795,4.279955376,-1.190844356,0.929542358,FALSE,FALSE,FALSE,FALSE,FALSE,FALSE,TRUE,FALSE,FALSE,TRUE,FALSE,-0.417166562
6675,,2023-07-12 0:00,-0.598085123,-0.472666544,-1.156613128,-0.258529909,-1.1914093,1.068838821,TRUE,FALSE,FALSE,FALSE,FALSE,FALSE,FALSE,FALSE,FALSE,TRUE,FALSE,-0.432854363
2677,,2023-07-13 0:00,-1.020632577,-0.485285025,-1.007234295,6.903767182,-1.205430334,1.194210406,FALSE,TRUE,FALSE,FALSE,FALSE,FALSE,FALSE,FALSE,FALSE,TRUE,FALSE,-0.456386064
3265,,2023-07-14 0:00,-1.41067638,-0.788128566,0.934690539,5.414576697,-1.231931585,1.48227847,FALSE,FALSE,TRUE,FALSE,FALSE,FALSE,FALSE,FALSE,FALSE,TRUE,FALSE,-0.393634861
6154,,2023-07-15 0:00,-1.37817273,-0.514728147,1.084069372,-0.132460874,-1.268036941,1.027039088,FALSE,FALSE,FALSE,TRUE,FALSE,FALSE,FALSE,FALSE,FALSE,TRUE,FALSE,-0.37794706
5050,,2023-07-16 0:00,-1.37817273,-0.165616842,0.0384175385,0.450608416,-1.267985602,0.257194408,FALSE,FALSE,FALSE,FALSE,TRUE,FALSE,FALSE,FALSE,FALSE,TRUE,FALSE,-0.37794706
969,,2023-07-17 0:00,-1.34566908,-0.41798646,-0.857855462,-0.203374706,-1.345575665,0.65274722,FALSE,FALSE,FALSE,FALSE,FALSE,TRUE,FALSE,FALSE,FALSE,TRUE,FALSE,-0.464229964
5112,,2023-07-18 0:00,-1.44318003,-0.872251772,-1.305991962,-0.132460874,-1.337717786,0.848559083,FALSE,FALSE,FALSE,FALSE,FALSE,FALSE,TRUE,FALSE,FALSE,TRUE,FALSE,-0.37794706
6035,,2023-07-19 0:00,-1.313165429,-0.296007812,-0.857855462,-0.313685113,-1.333711784,1.122106834,TRUE,FALSE,FALSE,FALSE,FALSE,FALSE,FALSE,FALSE,FALSE,TRUE,FALSE,-0.464229964
5659,,2023-07-20 0:00,-1.248158129,0.71767682,-0.708476628,-0.313685113,-1.324621231,1.367814976,FALSE,TRUE,FALSE,FALSE,FALSE,FALSE,FALSE,FALSE,FALSE,TRUE,FALSE,-0.432854363
4700,,2023-07-21 0:00,-0.760603374,1.083612766,-0.708476628,-0.313685113,-1.312295084,0.680766291,FALSE,FALSE,TRUE,FALSE,FALSE,FALSE,FALSE,FALSE,FALSE,TRUE,FALSE,-0.362259259
5106,,2023-07-22 0:00,-0.793107025,-0.115142919,0.486554039,0.655470599,-1.299249921,0.981146071,FALSE,FALSE,FALSE,TRUE,FALSE,FALSE,FALSE,FALSE,FALSE,TRUE,FALSE,-0.291664155
2965,,2023-07-23 0:00,-0.825610675,-1.040498184,-0.260340128,2.85379941,-1.294062638,1.048396405,FALSE,FALSE,FALSE,FALSE,TRUE,FALSE,FALSE,FALSE,FALSE,TRUE,FALSE,-0.213225151
6308,,2023-07-25 0:00,-0.988128926,-0.70400536,0.635932872,0.127556512,-1.255594721,0.596991903,FALSE,FALSE,FALSE,FALSE,FALSE,TRUE,FALSE,FALSE,FALSE,TRUE,FALSE,-0.213225151
8493,,2023-07-26 0:00,-0.988128926,-0.910107215,-0.110961295,-0.234891965,-1.240495191,0.776992781,FALSE,FALSE,FALSE,FALSE,FALSE,FALSE,TRUE,FALSE,FALSE,TRUE,FALSE,-0.283820255
5842,,2023-07-27 0:00,-0.988128926,-0.586232872,-0.559097795,-0.313685113,-1.212401839,1.174221876,TRUE,FALSE,FALSE,FALSE,FALSE,FALSE,FALSE,FALSE,FALSE,TRUE,FALSE,-0.291664155
4918,,2023-07-28 0:00,-0.988128926,-0.161410682,-0.260340128,-0.313685113,-1.187287278,1.042947841,FALSE,TRUE,FALSE,FALSE,FALSE,FALSE,FALSE,FALSE,FALSE,TRUE,FALSE,-0.275976354
5407,,2023-07-29 0:00,-0.988128926,-0.253946209,-0.409718961,-0.313685113,-1.157242291,1.372240541,FALSE,FALSE,TRUE,FALSE,FALSE,FALSE,FALSE,FALSE,FALSE,TRUE,FALSE,-0.20538125
4227,,2023-07-30 0:00,-1.020632577,-0.825984009,-0.559097795,1.65614357,-1.132641336,0.894194414,FALSE,FALSE,FALSE,TRUE,FALSE,FALSE,FALSE,FALSE,FALSE,TRUE,FALSE,-0.150473947
5186,,2023-08-01 0:00,-0.825610675,-0.232915407,-0.559097795,-0.313685113,-0.930448844,0.784773804,FALSE,FALSE,FALSE,FALSE,TRUE,FALSE,FALSE,FALSE,FALSE,TRUE,FALSE,-0.189693449
4458,,2023-08-02 0:00,-0.30555227,-0.0436381938,-0.260340128,-0.313685113,-0.929935239,1.206612196,FALSE,FALSE,FALSE,FALSE,FALSE,TRUE,FALSE,FALSE,FALSE,TRUE,FALSE,-0.283820255
5022,,2023-08-03 0:00,-0.24054497,-0.531552788,-0.260340128,-0.313685113,-0.940874695,1.219663612,FALSE,FALSE,FALSE,FALSE,FALSE,FALSE,TRUE,FALSE,FALSE,TRUE,FALSE,-0.134786147
4785,,2023-08-04 0:00,0.0194842324,-0.586232872,-0.559097795,-0.313685113,-0.953817179,0.969512794,TRUE,FALSE,FALSE,FALSE,FALSE,FALSE,FALSE,FALSE,FALSE,TRUE,FALSE,-0.221069051
4426,,2023-08-05 0:00,0.0194842324,-0.594645193,-0.409718961,-0.313685113,-0.981961871,0.758182112,FALSE,TRUE,FALSE,FALSE,FALSE,FALSE,FALSE,FALSE,FALSE,TRUE,FALSE,-0.221069051
3859,,2023-08-06 0:00,-0.0130194179,-0.548377429,-0.857855462,0.0724013092,-1.012931336,0.992011834,FALSE,FALSE,TRUE,FALSE,FALSE,FALSE,FALSE,FALSE,FALSE,TRUE,FALSE,-0.174005649
4465,,2023-08-08 0:00,0.312017085,-1.112002909,0.934690539,-0.313685113,-1.110172876,0.563151127,FALSE,FALSE,FALSE,TRUE,FALSE,FALSE,FALSE,FALSE,FALSE,TRUE,FALSE,-0.134786147
6710,,2023-08-09 0:00,0.344520735,-1.095178268,1.382827039,-0.297926483,-1.137187733,0.868869267,FALSE,FALSE,FALSE,FALSE,TRUE,FALSE,FALSE,FALSE,FALSE,TRUE,FALSE,-0.0563471422
1039,,2023-08-10 0:00,0.312017085,-1.225569237,2.129721205,6.470404871,-1.117311794,0.703287338,FALSE,FALSE,FALSE,FALSE,FALSE,TRUE,FALSE,FALSE,FALSE,TRUE,FALSE,-0.213225151
3757,,2023-08-11 0:00,0.539542637,-0.754479284,0.0384175385,3.365954867,-1.075197409,0.592097451,FALSE,FALSE,FALSE,FALSE,FALSE,FALSE,TRUE,FALSE,FALSE,TRUE,FALSE,-0.166161748
8106,,2023-08-12 0:00,0.637053588,-0.640912956,-0.559097795,-0.195495392,-1.00216495,0.650770842,TRUE,FALSE,FALSE,FALSE,FALSE,FALSE,FALSE,FALSE,FALSE,TRUE,FALSE,-0.268132454
7609,,2023-08-13 0:00,0.702060888,-0.253946209,-0.857855462,-0.313685113,-0.919168852,0.710035486,FALSE,TRUE,FALSE,FALSE,FALSE,FALSE,FALSE,FALSE,FALSE,TRUE,FALSE,-0.166161748
8141,,2023-08-15 0:00,0.92958644,-0.367512537,0.0384175385,-0.313685113,-0.332915919,0.842344103,FALSE,FALSE,TRUE,FALSE,FALSE,FALSE,FALSE,FALSE,FALSE,TRUE,FALSE,-0.111254445
6328,,2023-08-16 0:00,1.059601041,-0.645119116,-0.260340128,-0.290047168,-0.29552655,0.790144376,FALSE,FALSE,FALSE,TRUE,FALSE,FALSE,FALSE,FALSE,FALSE,TRUE,FALSE,-0.032815441
6230,,2023-08-17 0:00,1.157111992,-0.392749498,-0.857855462,-0.313685113,-0.302973609,1.101404625,FALSE,FALSE,FALSE,FALSE,TRUE,FALSE,FALSE,FALSE,FALSE,TRUE,FALSE,-0.111254445
5723,,2023-08-18 0:00,0.962090091,0.0404850121,-0.559097795,-0.305805798,-0.331272425,1.228983181,FALSE,FALSE,FALSE,FALSE,FALSE,TRUE,FALSE,FALSE,FALSE,TRUE,FALSE,-0.150473947
7621,,2023-08-19 0:00,0.994593741,-0.249740048,-0.559097795,-0.313685113,-0.38124469,1.440461596,FALSE,FALSE,FALSE,FALSE,FALSE,FALSE,TRUE,FALSE,FALSE,TRUE,FALSE,-0.0563471422
5752,,2023-08-20 0:00,1.059601041,-0.321244773,-1.007234295,-0.313685113,-0.441694199,1.210274204,TRUE,FALSE,FALSE,FALSE,FALSE,FALSE,FALSE,FALSE,FALSE,TRUE,FALSE,-0.181849549
4736,,2023-08-22 0:00,0.962090091,-0.603057513,0.187796372,3.042902963,-1.727201019,0.711850708,FALSE,TRUE,FALSE,FALSE,FALSE,FALSE,FALSE,FALSE,FALSE,TRUE,FALSE,-0.174005649
2639,,2023-08-23 0:00,0.962090091,-1.019467383,-0.110961295,2.979868445,-1.766079757,1.019442018,FALSE,FALSE,TRUE,FALSE,FALSE,FALSE,FALSE,FALSE,FALSE,TRUE,FALSE,0.022091862
7413,,2023-08-24 0:00,0.442031686,-1.141446031,0.785311705,0.0960392534,-1.78549343,1.140970588,FALSE,FALSE,FALSE,TRUE,FALSE,FALSE,FALSE,FALSE,FALSE,TRUE,FALSE,-0.0641910427
7610,,2023-08-25 0:00,0.572046287,-0.6997992,0.486554039,-0.313685113,-1.787753206,1.116137144,FALSE,FALSE,FALSE,FALSE,TRUE,FALSE,FALSE,FALSE,FALSE,TRUE,FALSE,-0.0485032418
8675,,2023-08-26 0:00,0.539542637,0.179288302,-0.708476628,-0.313685113,-1.773578156,1.229736373,FALSE,FALSE,FALSE,FALSE,FALSE,TRUE,FALSE,FALSE,FALSE,TRUE,FALSE,-0.142630047
6754,,2023-08-27 0:00,0.507038987,-0.228709247,-0.708476628,-0.313685113,-1.768750407,1.407248098,FALSE,FALSE,FALSE,FALSE,FALSE,FALSE,TRUE,FALSE,FALSE,TRUE,FALSE,-0.032815441
3035,,2023-08-29 0:00,0.442031686,-0.876457933,-0.260340128,4.00417936,-0.52497944,1.37105089,TRUE,FALSE,FALSE,FALSE,FALSE,FALSE,FALSE,FALSE,FALSE,TRUE,FALSE,-0.126942246
9500,,2023-08-30 0:00,0.442031686,-0.636706796,-1.754128462,-0.037909097,-0.481272954,1.336465071,FALSE,TRUE,FALSE,FALSE,FALSE,FALSE,FALSE,FALSE,FALSE,TRUE,FALSE,-0.134786147
8659,,2023-08-31 0:00,0.539542637,-0.523140468,-1.455370795,-0.313685113,-0.420772105,1.281184618,FALSE,FALSE,TRUE,FALSE,FALSE,FALSE,FALSE,FALSE,FALSE,TRUE,FALSE,-0.0406593414
7755,,2023-09-01 0:00,0.377024385,-0.359100216,-0.409718961,-0.313685113,-0.394989922,1.45647619,FALSE,FALSE,FALSE,TRUE,FALSE,FALSE,FALSE,FALSE,FALSE,TRUE,FALSE,-0.0485032418
9867,,2023-09-02 0:00,0.377024385,-0.211884606,-1.007234295,-0.313685113,-0.369310418,1.481616745,FALSE,FALSE,FALSE,FALSE,TRUE,FALSE,FALSE,FALSE,FALSE,TRUE,FALSE,0.0534674637
6719,,2023-09-03 0:00,0.344520735,-0.674562238,-0.110961295,-0.305805798,-0.353800015,1.471302702,FALSE,FALSE,FALSE,FALSE,FALSE,TRUE,FALSE,FALSE,FALSE,TRUE,FALSE,-0.126942246
7131,,2023-09-05 0:00,0.669557238,-0.725036162,-0.708476628,-0.313685113,-0.529048095,1.513685921,FALSE,FALSE,FALSE,FALSE,FALSE,FALSE,TRUE,FALSE,FALSE,TRUE,FALSE,-0.0249715405
5647,,2023-09-06 0:00,0.832075489,-0.645119116,0.187796372,-0.313685113,-0.535981603,1.526876153,TRUE,FALSE,FALSE,FALSE,FALSE,FALSE,FALSE,FALSE,FALSE,TRUE,FALSE,-0.119098346
7139,,2023-09-07 0:00,0.92958644,-0.661943758,0.337175205,-0.313685113,-0.568132296,1.388544912,FALSE,TRUE,FALSE,FALSE,FALSE,FALSE,FALSE,FALSE,FALSE,TRUE,FALSE,-0.0406593414
7406,,2023-09-08 0:00,0.86457914,-0.6997992,0.0384175385,-0.313685113,-0.571778764,1.54385886,FALSE,FALSE,TRUE,FALSE,FALSE,FALSE,FALSE,FALSE,FALSE,TRUE,FALSE,-0.0798788435
9686,,2023-09-09 0:00,0.86457914,-0.161410682,-0.708476628,-0.313685113,-0.562688264,1.68614799,FALSE,FALSE,FALSE,TRUE,FALSE,FALSE,FALSE,FALSE,FALSE,TRUE,FALSE,-0.683859176
7404,,2023-09-10 0:00,0.86457914,0.0320726915,-1.007234295,-0.313685113,-0.552467823,1.34538457,FALSE,FALSE,FALSE,FALSE,TRUE,FALSE,FALSE,FALSE,FALSE,TRUE,FALSE,0.131906468
9680,,2023-09-12 0:00,0.637053588,-0.228709247,-1.156613128,-0.313685113,0.198780408,0.437911552,FALSE,FALSE,FALSE,FALSE,FALSE,TRUE,FALSE,FALSE,FALSE,TRUE,FALSE,0.0299357624
3657,,2023-09-13 0:00,0.669557238,-0.523140468,-0.708476628,0.93912593,0.180804819,0.554484968,FALSE,FALSE,FALSE,FALSE,FALSE,FALSE,TRUE,FALSE,FALSE,TRUE,FALSE,-0.0641910427
9242,,2023-09-14 0:00,0.604549937,-1.065735146,0.187796372,-0.313685113,0.19867773,0.560279041,TRUE,FALSE,FALSE,FALSE,FALSE,FALSE,FALSE,FALSE,FALSE,TRUE,FALSE,-0.119098346
8368,,2023-09-15 0:00,0.637053588,-1.027879703,0.486554039,-0.148219503,0.204686706,1.104359004,FALSE,TRUE,FALSE,FALSE,FALSE,FALSE,FALSE,FALSE,FALSE,TRUE,FALSE,-0.417166562
10465,,2023-09-16 0:00,0.637053588,-0.960581139,-0.857855462,2.735609689,0.229647196,1.232117855,FALSE,FALSE,TRUE,FALSE,FALSE,FALSE,FALSE,FALSE,FALSE,TRUE,FALSE,0.0691552646
8454,,2023-09-17 0:00,0.637053588,-0.817571688,-1.305991962,-0.0773056707,0.262773707,1.329713936,FALSE,FALSE,FALSE,TRUE,FALSE,FALSE,FALSE,FALSE,FALSE,TRUE,FALSE,-0.032815441
10707,,2023-09-19 0:00,0.702060888,-0.380131018,-1.007234295,-0.313685113,0.392730884,1.193355003,FALSE,FALSE,FALSE,FALSE,TRUE,FALSE,FALSE,FALSE,FALSE,TRUE,FALSE,0.0456235633
3573,,2023-09-20 0:00,0.734564539,-0.569408231,0.635932872,2.507109561,0.427449549,1.270823518,FALSE,FALSE,FALSE,FALSE,FALSE,TRUE,FALSE,FALSE,FALSE,TRUE,FALSE,-0.0955666444
11988,,2023-09-21 0:00,1.027097391,-1.044704345,0.0384175385,-0.313685113,0.442292276,1.37105089,FALSE,FALSE,FALSE,FALSE,FALSE,FALSE,TRUE,FALSE,FALSE,TRUE,FALSE,-0.0877227439
13022,,2023-09-22 0:00,1.027097391,-0.632500635,-0.857855462,-0.313685113,0.484406662,1.409119737,TRUE,FALSE,FALSE,FALSE,FALSE,FALSE,FALSE,FALSE,FALSE,TRUE,FALSE,-0.0641910427
14837,,2023-09-23 0:00,0.994593741,-0.674562238,0.337175205,-0.313685113,0.503152658,1.295128981,FALSE,TRUE,FALSE,FALSE,FALSE,FALSE,FALSE,FALSE,FALSE,TRUE,FALSE,-0.174005649
10916,,2023-09-24 0:00,0.962090091,-0.968993459,0.934690539,-0.313685113,0.518457651,1.438089204,FALSE,FALSE,TRUE,FALSE,FALSE,FALSE,FALSE,FALSE,FALSE,TRUE,FALSE,-0.00928373968
6294,,2023-09-26 0:00,1.482148495,-1.196126115,0.187796372,1.876764383,1.786726895,1.123352792,FALSE,FALSE,FALSE,TRUE,FALSE,FALSE,FALSE,FALSE,FALSE,TRUE,FALSE,-0.0563471422
11911,,2023-09-27 0:00,1.417141195,-1.057322825,-0.708476628,0.0330047356,1.858680805,0.708131691,FALSE,FALSE,FALSE,FALSE,TRUE,FALSE,FALSE,FALSE,FALSE,TRUE,FALSE,0.00640406117
19750,,2023-09-28 0:00,1.482148495,0.389596317,-0.409718961,-0.313685113,2.07356677,0.818019224,FALSE,FALSE,FALSE,FALSE,FALSE,TRUE,FALSE,FALSE,FALSE,TRUE,FALSE,-0.103410545
31990,,2023-09-29 0:00,1.514652145,0.00683572973,-1.305991962,-0.313685113,2.441194305,1.042335857,FALSE,FALSE,FALSE,FALSE,FALSE,FALSE,TRUE,FALSE,FALSE,TRUE,FALSE,-0.158317848
27787,,2023-09-30 0:00,1.579659446,-0.371718697,-0.110961295,0.0408840503,2.692647838,1.100273314,TRUE,FALSE,FALSE,FALSE,FALSE,FALSE,FALSE,FALSE,FALSE,TRUE,FALSE,-0.0877227439
50250,,2023-10-01 0:00,1.612163096,-0.354894056,0.187796372,-0.313685113,3.049284524,1.037631039,FALSE,TRUE,FALSE,FALSE,FALSE,FALSE,FALSE,FALSE,FALSE,TRUE,FALSE,-0.0485032418
29967,,2023-10-02 0:00,1.677170397,-0.729242322,-0.857855462,-0.313685113,3.185958433,0.543238478,FALSE,FALSE,TRUE,FALSE,FALSE,FALSE,FALSE,FALSE,FALSE,TRUE,FALSE,-0.0171276401
23253,,2023-10-03 0:00,1.709674047,-0.628294475,-0.857855462,-0.313685113,3.311222933,0.6381762,FALSE,FALSE,FALSE,TRUE,FALSE,FALSE,FALSE,FALSE,FALSE,TRUE,FALSE,-0.0563471422
13848,,2023-10-05 0:00,1.384637544,-0.169823003,0.486554039,-0.313685113,3.149544828,0.547090103,FALSE,FALSE,FALSE,FALSE,TRUE,FALSE,FALSE,FALSE,FALSE,TRUE,FALSE,-0.738766479
14772,,2023-10-06 0:00,1.319630244,-0.535758949,-1.007234295,-0.313685113,2.829270247,0.794966285,FALSE,FALSE,FALSE,FALSE,FALSE,TRUE,FALSE,FALSE,FALSE,TRUE,FALSE,-0.338727558
17985,,2023-10-07 0:00,1.352133894,-0.502109666,-0.260340128,-0.313685113,2.648897537,0.9323,FALSE,FALSE,FALSE,FALSE,FALSE,FALSE,TRUE,FALSE,FALSE,FALSE,TRUE,1.198676926
17784,,2023-10-08 0:00,1.384637544,-0.952168818,0.337175205,-0.313685113,2.431238191,1.103481872,TRUE,FALSE,FALSE,FALSE,FALSE,FALSE,FALSE,FALSE,FALSE,FALSE,TRUE,1.065330619
14362,,2023-10-09 0:00,1.417141195,-0.935344177,-0.559097795,-0.219133336,1.8582092,0.973630677,FALSE,TRUE,FALSE,FALSE,FALSE,FALSE,FALSE,FALSE,FALSE,FALSE,TRUE,1.104550121
14125,,2023-10-11 0:00,1.027097391,-0.460048063,-0.857855462,-0.313685113,1.789388206,1.068125284,FALSE,FALSE,TRUE,FALSE,FALSE,FALSE,FALSE,FALSE,FALSE,FALSE,TRUE,1.065330619
13453,,2023-10-12 0:00,1.124608342,-0.304420132,-1.156613128,-0.313685113,1.800635857,1.342482881,FALSE,FALSE,FALSE,TRUE,FALSE,FALSE,FALSE,FALSE,FALSE,FALSE,TRUE,1.08886232
20167,,2023-10-13 0:00,1.417141195,-0.00578275116,-1.156613128,-0.313685113,1.820871277,1.33578467,FALSE,FALSE,FALSE,FALSE,TRUE,FALSE,FALSE,FALSE,FALSE,FALSE,TRUE,1.128081822
18056,,2023-10-14 0:00,1.449644845,-0.27918317,-1.305991962,0.143315142,1.787898837,1.302754126,FALSE,FALSE,FALSE,FALSE,FALSE,TRUE,FALSE,FALSE,FALSE,FALSE,TRUE,1.159457424
15797,,2023-10-15 0:00,1.482148495,-0.41798646,-0.409718961,-0.313685113,1.728579269,1.137622845,FALSE,FALSE,FALSE,FALSE,FALSE,FALSE,TRUE,FALSE,FALSE,FALSE,TRUE,1.230052528
4739,,2023-10-16 0:00,1.514652145,0.393802477,0.187796372,-0.313685113,0.704911756,1.11371861,TRUE,FALSE,FALSE,FALSE,FALSE,FALSE,FALSE,FALSE,FALSE,FALSE,TRUE,1.120237922
16703,,2023-10-17 0:00,1.482148495,-0.0436381938,-1.007234295,-0.313685113,0.708301475,1.081887404,FALSE,TRUE,FALSE,FALSE,FALSE,FALSE,FALSE,FALSE,FALSE,FALSE,TRUE,1.08101842
15860,,2023-10-18 0:00,1.384637544,-0.0941121174,-0.260340128,-0.313685113,0.710663983,1.071844586,FALSE,FALSE,TRUE,FALSE,FALSE,FALSE,FALSE,FALSE,FALSE,FALSE,TRUE,1.112394021
11779,,2023-10-19 0:00,1.612163096,-0.190853804,-1.156613128,0.332418695,0.701727501,1.061164069,FALSE,FALSE,FALSE,TRUE,FALSE,FALSE,FALSE,FALSE,FALSE,FALSE,TRUE,0.7280429
15435,,2023-10-20 0:00,1.514652145,-0.55678975,1.382827039,-0.313685113,0.714875448,0.520310122,FALSE,FALSE,FALSE,FALSE,TRUE,FALSE,FALSE,FALSE,FALSE,FALSE,TRUE,1.159457424
23305,,2023-10-21 0:00,1.514652145,-0.674562238,0.0384175385,-0.227012651,0.784107315,0.800814124,FALSE,FALSE,FALSE,FALSE,FALSE,TRUE,FALSE,FALSE,FALSE,FALSE,TRUE,1.112394021
18313,,2023-10-22 0:00,1.547155796,-0.455841903,-0.857855462,-0.313685113,0.781642075,0.567866771,FALSE,FALSE,FALSE,FALSE,FALSE,FALSE,TRUE,FALSE,FALSE,FALSE,TRUE,1.292803731
17709,,2023-10-24 0:00,1.254622943,-0.0310197129,-0.857855462,-0.313685113,1.714212097,0.660398417,TRUE,FALSE,FALSE,FALSE,FALSE,FALSE,FALSE,FALSE,FALSE,FALSE,TRUE,1.151613523
27402,,2023-10-25 0:00,1.352133894,0.0362788518,-1.305991962,-0.313685113,1.763054474,0.777824631,FALSE,TRUE,FALSE,FALSE,FALSE,FALSE,FALSE,FALSE,FALSE,FALSE,TRUE,1.159457424
15681,,2023-10-26 0:00,1.644666746,0.625141293,-0.260340128,-0.313685113,1.807582707,0.847801104,FALSE,FALSE,TRUE,FALSE,FALSE,FALSE,FALSE,FALSE,FALSE,FALSE,TRUE,1.143769623
20280,,2023-10-27 0:00,1.547155796,-0.232915407,-0.559097795,-0.313685113,1.871832755,0.763147823,FALSE,FALSE,FALSE,TRUE,FALSE,FALSE,FALSE,FALSE,FALSE,FALSE,TRUE,1.112394021
27784,,2023-10-28 0:00,1.514652145,0.0404850121,-1.305991962,-0.313685113,1.991088279,0.295098016,FALSE,FALSE,FALSE,FALSE,TRUE,FALSE,FALSE,FALSE,FALSE,FALSE,TRUE,1.206520826
26831,,2023-10-29 0:00,1.514652145,-0.199266125,-0.857855462,-0.313685113,2.104334775,0.49175415,FALSE,FALSE,FALSE,FALSE,FALSE,TRUE,FALSE,FALSE,FALSE,FALSE,TRUE,1.245740329
21121,,2023-10-31 0:00,1.449644845,0.536811927,-0.708476628,-0.313685113,2.781685146,0.563066882,FALSE,FALSE,FALSE,FALSE,FALSE,FALSE,TRUE,FALSE,FALSE,FALSE,TRUE,1.371242735
16525,,2023-11-01 0:00,1.579659446,0.498956484,0.187796372,-0.313685113,2.792881405,0.748229555,TRUE,FALSE,FALSE,FALSE,FALSE,FALSE,FALSE,FALSE,FALSE,FALSE,TRUE,1.214364727
21040,,2023-11-02 0:00,1.124608342,0.221349905,0.934690539,-0.313685113,2.835817484,0.842182566,FALSE,TRUE,FALSE,FALSE,FALSE,FALSE,FALSE,FALSE,FALSE,FALSE,TRUE,1.230052528
18821,,2023-11-03 0:00,0.409528036,-0.0983182777,0.785311705,0.35605664,2.802639581,0.697132456,FALSE,FALSE,TRUE,FALSE,FALSE,FALSE,FALSE,FALSE,FALSE,FALSE,TRUE,1.261428129
30455,,2023-11-04 0:00,0.214506134,0.671409057,0.486554039,-0.313685113,2.765044855,0.155886482,FALSE,FALSE,FALSE,TRUE,FALSE,FALSE,FALSE,FALSE,FALSE,FALSE,TRUE,1.230052528
12673,,2023-11-05 0:00,0.0194842324,-0.868045612,1.532205872,0.505763619,2.602339646,0.389737086,FALSE,FALSE,FALSE,FALSE,TRUE,FALSE,FALSE,FALSE,FALSE,FALSE,TRUE,1.543808545
13888,,2023-11-07 0:00,0.0194842324,-0.611469834,1.382827039,-0.313685113,1.227608894,0.657772302,FALSE,FALSE,FALSE,FALSE,FALSE,TRUE,FALSE,FALSE,FALSE,FALSE,TRUE,1.708530454
17869,,2023-11-08 0:00,0.0844915329,-0.460048063,-0.857855462,-0.313685113,1.144766867,0.709362792,FALSE,FALSE,FALSE,FALSE,FALSE,FALSE,TRUE,FALSE,FALSE,FALSE,TRUE,1.418306138
14530,,2023-11-09 0:00,0.0844915329,-0.195059965,-0.260340128,0.0881599387,1.032907063,0.374518207,TRUE,FALSE,FALSE,FALSE,FALSE,FALSE,FALSE,FALSE,FALSE,FALSE,TRUE,1.347711034
13195,,2023-11-10 0:00,0.377024385,-0.70400536,2.428478872,-0.313685113,0.919865978,0.469124779,FALSE,TRUE,FALSE,FALSE,FALSE,FALSE,FALSE,FALSE,FALSE,FALSE,TRUE,1.441837839
17862,,2023-11-11 0:00,0.442031686,-0.628294475,-0.110961295,-0.313685113,0.718281977,0.5226413,FALSE,FALSE,TRUE,FALSE,FALSE,FALSE,FALSE,FALSE,FALSE,FALSE,TRUE,1.371242735
12026,,2023-11-12 0:00,0.539542637,-0.628294475,-0.110961295,-0.313685113,0.659116428,0.292944021,FALSE,FALSE,FALSE,TRUE,FALSE,FALSE,FALSE,FALSE,FALSE,FALSE,TRUE,1.300647632
12486,,2023-11-14 0:00,0.702060888,-0.338069415,-0.857855462,-0.313685113,0.170740423,0.154341278,FALSE,FALSE,FALSE,FALSE,TRUE,FALSE,FALSE,FALSE,FALSE,FALSE,TRUE,1.316335432
13788,,2023-11-15 0:00,-0.143034019,0.364359355,-1.156613128,-0.313685113,0.107466193,0.232919358,FALSE,FALSE,FALSE,FALSE,FALSE,TRUE,FALSE,FALSE,FALSE,FALSE,TRUE,1.355554935
4164,,2023-11-16 0:00,-0.30555227,0.398008637,-0.559097795,0.348177325,0.0256513226,0.238950701,FALSE,FALSE,FALSE,FALSE,FALSE,FALSE,TRUE,FALSE,FALSE,FALSE,TRUE,1.418306138
10701,,2023-11-17 0:00,-0.30555227,-0.636706796,0.934690539,-0.313685113,-0.0307921846,0.271670198,TRUE,FALSE,FALSE,FALSE,FALSE,FALSE,FALSE,FALSE,FALSE,FALSE,TRUE,1.441837839
12375,,2023-11-18 0:00,-0.403063221,-0.523140468,1.830963539,-0.313685113,-0.0814321257,0.243042187,FALSE,TRUE,FALSE,FALSE,FALSE,FALSE,FALSE,FALSE,FALSE,FALSE,TRUE,1.253584229
11079,,2023-11-19 0:00,-0.500574172,0.259205348,0.187796372,-0.313685113,-0.103516449,0.259822341,FALSE,FALSE,TRUE,FALSE,FALSE,FALSE,FALSE,FALSE,FALSE,FALSE,TRUE,1.379086636
14677,,2023-11-21 0:00,-0.468070522,0.0657219739,-0.857855462,-0.313685113,0.090683145,0.243042187,FALSE,FALSE,FALSE,TRUE,FALSE,FALSE,FALSE,FALSE,FALSE,FALSE,TRUE,1.292803731
13280,,2023-11-22 0:00,-0.20804132,0.313885431,-0.708476628,-0.313685113,0.0855985939,0.416263572,FALSE,FALSE,FALSE,FALSE,TRUE,FALSE,FALSE,FALSE,FALSE,FALSE,TRUE,1.347711034
13139,,2023-11-23 0:00,-0.24054497,2.379110137,1.532205872,-0.305805798,0.0984897388,0.343248133,FALSE,FALSE,FALSE,FALSE,FALSE,TRUE,FALSE,FALSE,FALSE,FALSE,TRUE,1.371242735
9390,,2023-11-24 0:00,-0.0455230682,-0.754479284,2.279100039,-0.313685113,0.0829279437,0.250379004,FALSE,FALSE,FALSE,FALSE,FALSE,FALSE,TRUE,FALSE,FALSE,FALSE,TRUE,1.339867134
10358,,2023-11-25 0:00,-0.0455230682,-0.670356078,-0.708476628,-0.313685113,0.0527802246,-0.22835423,TRUE,FALSE,FALSE,FALSE,FALSE,FALSE,FALSE,FALSE,FALSE,FALSE,TRUE,1.300647632
9091,,2023-11-26 0:00,-0.0780267185,-0.4137803,-1.305991962,-0.313685113,0.0325961443,-0.0238659128,FALSE,TRUE,FALSE,FALSE,FALSE,FALSE,FALSE,FALSE,FALSE,FALSE,TRUE,1.237896428
8305,,2023-11-28 0:00,-0.403063221,-0.1277614,1.382827039,-0.313685113,-0.311661027,0.138261428,FALSE,FALSE,TRUE,FALSE,FALSE,FALSE,FALSE,FALSE,FALSE,FALSE,TRUE,1.284959831
11728,,2023-11-29 0:00,-0.565581473,-0.729242322,0.337175205,-0.313685113,-0.328506782,0.0684900705,FALSE,FALSE,FALSE,TRUE,FALSE,FALSE,FALSE,FALSE,FALSE,FALSE,TRUE,1.198676926
6200,,2023-11-30 0:00,-0.500574172,-0.6997992,0.785311705,-0.313685113,-0.358397751,0.105806935,FALSE,FALSE,FALSE,FALSE,TRUE,FALSE,FALSE,FALSE,FALSE,FALSE,TRUE,1.316335432
7215,,2023-12-01 0:00,-0.0455230682,-0.493697346,-0.409718961,-0.313685113,-0.375808397,0.0338445756,FALSE,FALSE,FALSE,FALSE,FALSE,TRUE,FALSE,FALSE,FALSE,FALSE,TRUE,1.379086636
10796,,2023-12-02 0:00,-0.0780267185,-0.00578275116,0.187796372,-0.313685113,-0.385155699,-0.0303807163,FALSE,FALSE,FALSE,FALSE,FALSE,FALSE,TRUE,FALSE,FALSE,FALSE,TRUE,1.371242735
7725,,2023-12-03 0:00,-0.0780267185,0.14563902,-0.857855462,-0.313685113,-0.40174465,-0.253779029,TRUE,FALSE,FALSE,FALSE,FALSE,FALSE,FALSE,FALSE,FALSE,FALSE,TRUE,1.230052528
9867,,2023-12-05 0:00,0.149498833,0.28864847,-0.409718961,-0.313685113,-0.407805019,-0.214828878,FALSE,TRUE,FALSE,FALSE,FALSE,FALSE,FALSE,FALSE,FALSE,FALSE,TRUE,1.245740329
6904,,2023-12-06 0:00,0.247009784,1.243446857,0.0384175385,-0.0142711528,-0.427886368,-0.0327282208,FALSE,FALSE,TRUE,FALSE,FALSE,FALSE,FALSE,FALSE,FALSE,FALSE,TRUE,1.284959831
10421,,2023-12-07 0:00,0.604549937,1.180354453,0.486554039,-0.313685113,-0.420439308,-0.0543079388,FALSE,FALSE,FALSE,TRUE,FALSE,FALSE,FALSE,FALSE,FALSE,FALSE,TRUE,1.284959831
11862,,2023-12-08 0:00,-0.0130194179,2.000555711,1.084069372,-0.313685113,-0.405031637,0.0443367446,FALSE,FALSE,FALSE,FALSE,TRUE,FALSE,FALSE,FALSE,FALSE,FALSE,TRUE,1.410462238
13564,,2023-12-09 0:00,0.116995183,1.56311504,-0.409718961,-0.313685113,-0.377965495,0.0939677884,FALSE,FALSE,FALSE,FALSE,FALSE,TRUE,FALSE,FALSE,FALSE,FALSE,TRUE,1.426150038
9940,,2023-12-10 0:00,0.247009784,1.836515459,-3.397295628,-0.313685113,-0.367026039,0.0522856621,FALSE,FALSE,FALSE,FALSE,FALSE,FALSE,TRUE,FALSE,FALSE,FALSE,TRUE,1.418306138
10106,,2023-12-12 0:00,0.344520735,-1.133033711,0.635932872,-0.282167854,-0.494710044,0.0114359744,TRUE,FALSE,FALSE,FALSE,FALSE,FALSE,FALSE,FALSE,FALSE,FALSE,TRUE,1.300647632
11181,,2023-12-13 0:00,0.442031686,-0.872251772,0.187796372,-0.313685113,-0.494915507,0.0975123418,FALSE,TRUE,FALSE,FALSE,FALSE,FALSE,FALSE,FALSE,FALSE,FALSE,TRUE,1.347711034
4189,,2023-12-14 0:00,-0.370559571,-1.040498184,3.324751872,1.025798392,-0.51289115,-0.0190914227,FALSE,FALSE,TRUE,FALSE,FALSE,FALSE,FALSE,FALSE,FALSE,FALSE,TRUE,1.245740329
4212,,2023-12-15 0:00,-0.435566872,-1.217156917,1.980342372,2.136781769,-0.5353864,0.0681023049,FALSE,FALSE,FALSE,TRUE,FALSE,FALSE,FALSE,FALSE,FALSE,FALSE,TRUE,1.222208627
6402,,2023-12-16 0:00,-0.370559571,-0.741860803,4.370403706,-0.195495392,-0.57965783,0.243358453,FALSE,FALSE,FALSE,FALSE,TRUE,FALSE,FALSE,FALSE,FALSE,FALSE,TRUE,1.292803731
3533,,2023-12-17 0:00,-0.30555227,-0.851220971,1.382827039,-0.313685113,-0.608932464,0.561254238,FALSE,FALSE,FALSE,FALSE,FALSE,TRUE,FALSE,FALSE,FALSE,FALSE,TRUE,1.292803731
6731,,2023-12-19 0:00,0.0519878826,-0.41798646,-0.559097795,-0.290047168,-1.45435971,0.274383525,FALSE,FALSE,FALSE,FALSE,FALSE,FALSE,TRUE,FALSE,FALSE,FALSE,TRUE,1.379086636
5030,,2023-12-20 0:00,-0.175537669,0.330710073,1.681584705,-0.250650595,-1.461190433,0.164309596,TRUE,FALSE,FALSE,FALSE,FALSE,FALSE,FALSE,FALSE,FALSE,FALSE,TRUE,1.253584229
3587,,2023-12-21 0:00,-0.0455230682,-0.607263674,1.084069372,-0.313685113,-1.477368511,0.00580997552,FALSE,TRUE,FALSE,FALSE,FALSE,FALSE,FALSE,FALSE,FALSE,FALSE,TRUE,1.324179333
4149,,2023-12-22 0:00,-0.175537669,-0.573614391,0.635932872,-0.313685113,-1.491286759,-0.369047398,FALSE,FALSE,TRUE,FALSE,FALSE,FALSE,FALSE,FALSE,FALSE,FALSE,TRUE,1.002579415
6607,,2023-12-23 0:00,-0.20804132,-0.216090766,-0.708476628,-0.313685113,-1.486407618,-0.811196891,FALSE,FALSE,FALSE,TRUE,FALSE,FALSE,FALSE,FALSE,FALSE,FALSE,TRUE,1.284959831
11500,,2023-12-24 0:00,-0.27304862,-0.0310197129,-1.007234295,-0.227012651,-1.446963883,-0.453674719,FALSE,FALSE,FALSE,FALSE,TRUE,FALSE,FALSE,FALSE,FALSE,FALSE,TRUE,1.300647632
8952,,2023-12-25 0:00,-0.338055921,0.309679271,-1.156613128,-0.258529909,-1.004040537,-0.401568515,FALSE,FALSE,FALSE,FALSE,FALSE,TRUE,FALSE,FALSE,FALSE,FALSE,TRUE,1.347711034
12353,,2023-12-27 0:00,-0.435566872,1.676681368,-1.305991962,-0.313685113,-0.974714564,-0.915047303,FALSE,FALSE,FALSE,FALSE,FALSE,FALSE,TRUE,FALSE,FALSE,FALSE,TRUE,1.300647632
9471,,2023-12-28 0:00,-0.630588773,0.801800026,-1.007234295,-0.313685113,-0.950832624,-1.007050559,TRUE,FALSE,FALSE,FALSE,FALSE,FALSE,FALSE,FALSE,FALSE,FALSE,TRUE,1.230052528
8570,,2023-12-29 0:00,-0.533077822,0.351740874,-0.857855462,-0.313685113,-0.927772483,-1.140108126,FALSE,TRUE,FALSE,FALSE,FALSE,FALSE,FALSE,FALSE,FALSE,FALSE,TRUE,1.386930536
6431,,2023-12-30 0:00,,0.166669821,0.486554039,0.718505117,-0.911645797,-1.064708562,FALSE,FALSE,TRUE,FALSE,FALSE,FALSE,FALSE,FALSE,FALSE,FALSE,TRUE,1.292803731
7473,,2023-12-31 0:00,,-0.506315827,-0.409718961,0.0566426798,-0.921455365,-0.940366645,FALSE,FALSE,FALSE,TRUE,FALSE,FALSE,FALSE,FALSE,FALSE,FALSE,TRUE,1.182989125
,,2024-01-01 0:00,,-0.455841903,-0.857855462,-0.313685113,-0.318813287,-0.815793074,FALSE,FALSE,FALSE,FALSE,TRUE,FALSE,FALSE,FALSE,FALSE,FALSE,TRUE,1.26927203
,,2024-01-02 0:00,,0.217143745,-1.007234295,-0.313685113,-0.324514121,-1.043748705,FALSE,FALSE,FALSE,FALSE,FALSE,TRUE,FALSE,FALSE,FALSE,FALSE,TRUE,1.347711034
,,2024-01-03 0:00,,0.284442309,-1.007234295,-0.266409224,-0.335094097,-1.17947999,FALSE,FALSE,FALSE,FALSE,FALSE,FALSE,TRUE,FALSE,FALSE,FALSE,TRUE,1.386930536
,,2024-01-04 0:00,,0.730295301,-0.559097795,-0.313685113,-0.338483762,-1.272020549,TRUE,FALSE,FALSE,FALSE,FALSE,FALSE,FALSE,FALSE,FALSE,FALSE,TRUE,1.46536954
,,2024-01-05 0:00,,1.929050985,0.0384175385,-0.313685113,-0.338535101,-0.881963563,FALSE,TRUE,FALSE,FALSE,FALSE,FALSE,FALSE,FALSE,FALSE,FALSE,TRUE,1.418306138
,,2024-01-06 0:00,,-0.375924857,-0.110961295,-0.124581559,-0.345571288,-0.714887118,FALSE,FALSE,TRUE,FALSE,FALSE,FALSE,FALSE,FALSE,FALSE,FALSE,TRUE,1.308491532
,,2024-01-07 0:00,,-0.472666544,1.233448205,-0.313685113,-0.367347522,-0.613564848,FALSE,FALSE,FALSE,TRUE,FALSE,FALSE,FALSE,FALSE,FALSE,FALSE,TRUE,1.222208627
,,2024-01-08 0:00,,-0.502109666,-0.708476628,-0.313685113,-0.916589619,-0.522625129,FALSE,FALSE,FALSE,FALSE,TRUE,FALSE,FALSE,FALSE,FALSE,FALSE,TRUE,1.371242735
,,2024-01-09 0:00,,-0.0562566747,-0.409718961,-0.187616077,-0.892142735,-0.523672405,FALSE,FALSE,FALSE,FALSE,FALSE,TRUE,FALSE,FALSE,FALSE,FALSE,TRUE,1.418306138
,,2024-01-10 0:00,,1.348600864,-0.857855462,-0.313685113,-0.880227461,-1.375112545,FALSE,FALSE,FALSE,FALSE,FALSE,FALSE,TRUE,FALSE,FALSE,FALSE,TRUE,1.481057341
,,2024-01-11 0:00,,1.201385254,-0.559097795,-0.313685113,-0.871445103,-1.224883908,TRUE,FALSE,FALSE,FALSE,FALSE,FALSE,FALSE,FALSE,FALSE,FALSE,TRUE,1.363398835
,,2024-01-12 0:00,,0.835449308,0.0384175385,-0.313685113,-0.852596374,-0.722784778,FALSE,TRUE,FALSE,FALSE,FALSE,FALSE,FALSE,FALSE,FALSE,FALSE,TRUE,1.332023233
,,2024-01-13 0:00,,-0.388543338,-1.305991962,-0.313685113,-0.814744793,-1.054813648,FALSE,FALSE,TRUE,FALSE,FALSE,FALSE,FALSE,FALSE,FALSE,FALSE,TRUE,1.300647632
,,2024-01-14 0:00,,-0.060462835,-0.260340128,-0.0694263559,-0.79060605,-1.183229109,FALSE,FALSE,FALSE,TRUE,FALSE,FALSE,FALSE,FALSE,FALSE,FALSE,TRUE,1.27711593
,,2024-01-15 0:00,,-0.485285025,0.337175205,-0.313685113,-0.669444572,-1.468519176,FALSE,FALSE,FALSE,FALSE,TRUE,FALSE,FALSE,FALSE,FALSE,FALSE,TRUE,1.386930536
,,2024-01-16 0:00,,-0.140379881,-1.156613128,-0.313685113,-0.673912787,-1.599714452,FALSE,FALSE,FALSE,FALSE,FALSE,TRUE,FALSE,FALSE,FALSE,FALSE,TRUE,1.426150038
,,2024-01-17 0:00,,0.0615158136,-0.409718961,0.450608416,-0.659326809,-1.592496548,FALSE,FALSE,FALSE,FALSE,FALSE,FALSE,TRUE,TRUE,FALSE,FALSE,FALSE,1.567340246
,,2024-01-18 0:00,,-0.405367979,0.187796372,-0.274288539,-0.639553602,-1.161522449,TRUE,FALSE,FALSE,FALSE,FALSE,FALSE,FALSE,TRUE,FALSE,FALSE,FALSE,1.418306138
,,2024-01-19 0:00,,-0.851220971,3.324751872,-0.313685113,-0.638218251,-1.215084115,FALSE,TRUE,FALSE,FALSE,FALSE,FALSE,FALSE,TRUE,FALSE,FALSE,FALSE,1.379086636
,,2024-01-20 0:00,,-1.208744596,4.519782539,-0.282167854,-0.665489856,-1.074203114,FALSE,FALSE,TRUE,FALSE,FALSE,FALSE,FALSE,TRUE,FALSE,FALSE,FALSE,1.363398835
,,2024-01-21 0:00,,-0.939550337,0.337175205,-0.282167854,-0.680846188,-0.614495265,FALSE,FALSE,FALSE,TRUE,FALSE,FALSE,FALSE,TRUE,FALSE,FALSE,FALSE,1.284959831
,,2024-01-22 0:00,,-0.1277614,2.727236539,-0.297926483,-0.744961217,-0.970440193,FALSE,FALSE,FALSE,FALSE,TRUE,FALSE,FALSE,TRUE,FALSE,FALSE,FALSE,1.371242735
,,2024-01-23 0:00,,-0.523140468,2.428478872,-0.313685113,-0.779577204,-0.753108676,FALSE,FALSE,FALSE,FALSE,FALSE,TRUE,FALSE,TRUE,FALSE,FALSE,FALSE,1.535964644
,,2024-01-24 0:00,,-0.481078865,1.532205872,-0.313685113,-0.808954515,-0.425496488,FALSE,FALSE,FALSE,FALSE,FALSE,FALSE,TRUE,TRUE,FALSE,FALSE,FALSE,1.535964644
,,2024-01-25 0:00,,-0.514728147,-0.260340128,-0.313685113,-0.835353035,-0.302395903,TRUE,FALSE,FALSE,FALSE,FALSE,FALSE,FALSE,TRUE,FALSE,FALSE,FALSE,1.308491532
,,2024-01-26 0:00,,-0.0562566747,-0.559097795,-0.313685113,-0.844494927,-0.331756482,FALSE,TRUE,FALSE,FALSE,FALSE,FALSE,FALSE,TRUE,FALSE,FALSE,FALSE,1.46536954
,,2024-01-27 0:00,,0.709264499,-0.708476628,-0.313685113,-0.840078052,-0.78394326,FALSE,FALSE,TRUE,FALSE,FALSE,FALSE,FALSE,TRUE,FALSE,FALSE,FALSE,1.410462238
,,2024-01-28 0:00,,-0.102524438,-0.559097795,-0.313685113,-0.827649173,-1.033282867,FALSE,FALSE,FALSE,TRUE,FALSE,FALSE,FALSE,TRUE,FALSE,FALSE,FALSE,1.245740329
,,2024-01-29 0:00,,0.355947034,-0.857855462,-0.313685113,-0.997742364,-0.87298024,FALSE,FALSE,FALSE,FALSE,TRUE,FALSE,FALSE,TRUE,FALSE,FALSE,FALSE,1.418306138
,,2024-01-30 0:00,,0.957427957,-1.305991962,-0.313685113,-0.968005518,-0.954247846,FALSE,FALSE,FALSE,FALSE,FALSE,TRUE,FALSE,TRUE,FALSE,FALSE,FALSE,1.394774437
,,2024-01-31 0:00,,0.949015636,-0.559097795,-0.313685113,-0.945869803,-1.360068256,FALSE,FALSE,FALSE,FALSE,FALSE,FALSE,TRUE,TRUE,FALSE,FALSE,FALSE,1.661467051
,,2024-02-01 0:00,,1.98793723,-0.260340128,-0.313685113,-0.937344194,-1.881434695,TRUE,FALSE,FALSE,FALSE,FALSE,FALSE,FALSE,TRUE,FALSE,FALSE,FALSE,1.308491532
,,2024-02-02 0:00,,0.376977836,-0.260340128,-0.313685113,-0.935906164,-2.141247536,FALSE,TRUE,FALSE,FALSE,FALSE,FALSE,FALSE,TRUE,FALSE,FALSE,FALSE,1.575184146
,,2024-02-03 0:00,,0.120402058,-0.110961295,-0.313685113,-0.934981739,-1.879452157,FALSE,FALSE,TRUE,FALSE,FALSE,FALSE,FALSE,TRUE,FALSE,FALSE,FALSE,1.473213441
,,2024-02-04 0:00,,-0.426398781,-0.708476628,-0.313685113,-0.92234745,-1.75635728,FALSE,FALSE,FALSE,TRUE,FALSE,FALSE,FALSE,TRUE,FALSE,FALSE,FALSE,1.371242735
,,2024-02-05 0:00,,-1.175095314,4.071646039,-0.00639183808,-0.740287592,-2.136271323,FALSE,FALSE,FALSE,FALSE,TRUE,FALSE,FALSE,TRUE,FALSE,FALSE,FALSE,1.504589043
,,2024-02-06 0:00,,-0.901694894,-0.110961295,-0.297926483,-0.742341906,-2.457356048,FALSE,FALSE,FALSE,FALSE,FALSE,TRUE,FALSE,TRUE,FALSE,FALSE,FALSE,0.563320991
,,2024-02-07 0:00,,-0.106730598,-0.260340128,-0.313685113,-0.746912852,-2.361236502,FALSE,FALSE,FALSE,FALSE,FALSE,FALSE,TRUE,TRUE,FALSE,FALSE,FALSE,1.245740329
,,2024-02-08 0:00,,0.128814378,-1.007234295,-0.313685113,-0.724879868,-1.916579462,TRUE,FALSE,FALSE,FALSE,FALSE,FALSE,FALSE,TRUE,FALSE,FALSE,FALSE,1.677154852
,,2024-02-09 0:00,,-0.00157659086,-0.110961295,-0.313685113,-0.66602246,-1.758820376,FALSE,TRUE,FALSE,FALSE,FALSE,FALSE,FALSE,TRUE,FALSE,FALSE,FALSE,1.551652445
,,2024-02-10 0:00,,0.448482561,-0.559097795,-0.313685113,-0.550567474,-1.716649808,FALSE,FALSE,TRUE,FALSE,FALSE,FALSE,FALSE,TRUE,FALSE,FALSE,FALSE,1.606559748
,,2024-02-11 0:00,,1.092025086,-0.110961295,-0.313685113,-0.46053519,-1.34374008,FALSE,FALSE,FALSE,TRUE,FALSE,FALSE,FALSE,TRUE,FALSE,FALSE,FALSE,0.406442983
,,2024-02-12 0:00,,1.222416056,-0.708476628,-0.313685113,-0.450917743,-1.43636146,FALSE,FALSE,FALSE,FALSE,TRUE,FALSE,FALSE,TRUE,FALSE,FALSE,FALSE,1.198676926
,,2024-02-13 0:00,,1.314951582,0.337175205,-0.313685113,-0.439670145,-1.364719206,FALSE,FALSE,FALSE,FALSE,FALSE,TRUE,FALSE,TRUE,FALSE,FALSE,FALSE,1.653623151
,,2024-02-14 0:00,,0.402214798,-0.110961295,-0.313685113,-0.435099199,-1.376249415,FALSE,FALSE,FALSE,FALSE,FALSE,FALSE,TRUE,TRUE,FALSE,FALSE,FALSE,1.575184146
,,2024-02-15 0:00,,-0.523140468,0.934690539,0.545160193,-0.462011271,-1.747279104,TRUE,FALSE,FALSE,FALSE,FALSE,FALSE,FALSE,TRUE,FALSE,FALSE,FALSE,1.473213441
,,2024-02-16 0:00,,-0.371718697,-0.708476628,-0.313685113,-0.517684424,-1.645416952,FALSE,TRUE,FALSE,FALSE,FALSE,FALSE,FALSE,TRUE,FALSE,FALSE,FALSE,1.520276843
,,2024-02-17 0:00,,0.385390156,-0.857855462,-0.313685113,-0.613674345,-1.352811032,,,,,,,,,,,,
,,2024-02-18 0:00,,0.111989737,0.785311705,1.033677706,-0.727126303,-1.240033607,,,,,,,,,,,,
,,2024-02-19 0:00,,-0.876457933,0.0384175385,0.387573899,-0.922912341,-1.460595528,,,,,,,,,,,,
,,2024-02-20 0:00,,-0.245533888,1.681584705,-0.10882293,-0.948026901,-1.413474205,,,,,,,,,,,,
,,2024-02-21 0:00,,-1.26342468,4.370403706,1.08883291,-0.972679249,-1.094126899,,,,,,,,,,,,
,,2024-02-22 0:00,,-1.191919955,2.876615372,0.379694584,-0.965694456,-1.333943752,,,,,,,,,,,,
,,2024-02-23 0:00,,-1.065735146,1.830963539,-0.282167854,-0.968108303,-1.74108189,,,,,,,,,,,,
,,2024-02-24 0:00,,-0.889076414,0.934690539,-0.132460874,-0.982386086,-1.77644424,,,,,,,,,,,,
,,2024-02-25 0:00,,-0.863839452,-0.409718961,-0.171857447,-0.967235217,-1.752913845,,,,,,,,,,,,
,,2024-02-26 0:00,,-0.195059965,-0.559097795,-0.313685113,-1.101768998,-1.820624087,,,,,,,,,,,,
,,2024-02-27 0:00,,-0.69559304,1.084069372,-0.313685113,-1.078246592,-1.473458821,,,,,,,,,,,,
,,2024-02-28 0:00,,-0.0941121174,-0.260340128,-0.313685113,-1.041319489,-1.281243104,,,,,,,,,,,,
,,2024-02-29 0:00,,0.877510911,-0.110961295,-0.313685113,-1.024114254,-1.081787528,,,,,,,,,,,,
,,2024-03-01 0:00,,0.128814378,3.175373039,-0.313685113,-1.013739741,-1.615525632,,,,,,,,,,,,
,,2024-03-02 0:00,,-0.0310197129,1.382827039,-0.313685113,-1.03258847,-1.58254698,,,,,,,,,,,,
,,2024-03-03 0:00,,3.203517556,0.934690539,-0.313685113,-1.062273923,-1.404511201,,,,,,,,,,,,
,,2024-03-04 0:00,,1.579939681,-1.007234295,-0.313685113,-1.240616922,-1.553442533,,,,,,,,,,,,
,,2024-03-05 0:00,,0.494750324,0.934690539,-0.313685113,-1.265628751,-1.205731719,,,,,,,,,,,,
,,2024-03-06 0:00,,-0.855427131,0.785311705,-0.313685113,-1.291359595,-0.891057596,,,,,,,,,,,,
,,2024-03-07 0:00,,-0.228709247,1.084069372,-0.148219503,-1.322431739,-1.1465564,,,,,,,,,,,,
,,2024-03-08 0:00,,0.376977836,1.681584705,-0.313685113,-1.329930137,-1.404995223,,,,,,,,,,,,
,,2024-03-09 0:00,,-0.0394320335,0.635932872,-0.313685113,-1.325924136,-2.287321698,,,,,,,,,,,,
,,2024-03-10 0:00,,-0.241327728,-0.260340128,-0.313685113,-1.277338561,-2.398757373,,,,,,,,,,,,
,,2024-03-11 0:00,,-0.0394320335,-3.397295628,-0.313685113,-1.174428527,-2.012766997,,,,,,,,,,,,
,,2024-03-12 0:00,,-0.106730598,-3.397295628,-0.148219503,-1.162821395,-1.68665792,,,,,,,,,,,,
,,2024-03-13 0:00,,0.347534714,0.635932872,-0.313685113,-1.140274806,-1.550398925,,,,,,,,,,,,
,,2024-03-14 0:00,,0.957427957,-3.397295628,-0.313685113,-1.104631716,-1.540526195,,,,,,,,,,,,
,,2024-03-15 0:00,,0.620935133,0.0384175385,-0.313685113,-0.981267511,-1.52777894,,,,,,,,,,,,
,,2024-03-16 0:00,,0.692439858,-0.260340128,-0.313685113,-0.924669933,-1.481493603,,,,,,,,,,,,
,,2024-03-17 0:00,,2.538944229,2.129721205,-0.305805798,-0.933606415,-1.199136763,,,,,,,,,,,,
,,2024-03-18 0:00,,-0.565202071,0.187796372,-0.313685113,-0.47417785,-0.801978597,,,,,,,,,,,,
,,2024-03-19 0:00,,0.519987286,2.129721205,-0.297926483,-0.423743319,-1.180388498,,,,,,,,,,,,
,,2024-03-20 0:00,,0.170875981,1.681584705,-0.313685113,-0.429752295,-1.119736588,,,,,,,,,,,,
,,2024-03-21 0:00,,0.0362788518,-0.409718961,-0.313685113,-0.43298789,-0.939218954,,,,,,,,,,,,
,,2024-03-22 0:00,,0.263411508,1.681584705,0.111797883,-0.534010969,-0.641309224,,,,,,,,,,,,
,,2024-03-23 0:00,,0.915366354,0.0384175385,-0.305805798,-0.522763371,-1.390347369,,,,,,,,,,,,
,,2024-03-24 0:00,,-0.0352258732,0.187796372,-0.313685113,-0.491228961,-1.565009341,,,,,,,,,,,,
,,2024-03-25 0:00,,-0.636706796,2.577857705,0.0881599387,-0.26308111,-1.526161831,,,,,,,,,,,,
,,2024-03-26 0:00,,-1.158270673,0.486554039,0.592436082,-0.280851289,-1.386886665,,,,,,,,,,,,
,,2024-03-27 0:00,,-0.41798646,-0.409718961,-0.313685113,-0.236477127,-1.335984992,,,,,,,,,,,,
,,2024-03-28 0:00,,-0.41798646,-0.708476628,-0.163978133,-0.225486331,-1.313710425,,,,,,,,,,,,
,,2024-03-29 0:00,,8.419156324,0.785311705,-0.203374706,-0.221069456,-1.400308273,,,,,,,,,,,,
,,2024-03-30 0:00,,2.320223893,0.187796372,-0.313685113,-0.22040178,-1.042117846,,,,,,,,,,,,
,,2024-03-31 0:00,,0.334916233,-0.559097795,-0.313685113,-0.197136176,-0.685636802,,,,,,,,,,,,
,,2024-04-01 0:00,,0.389596317,-0.708476628,-0.313685113,0.424284293,-0.296230933,,,,,,,,,,,,
,,2024-04-02 0:00,,0.608316652,-0.409718961,-0.313685113,0.495159653,-1.323511424,,,,,,,,,,,,
,,2024-04-03 0:00,,0.313885431,-0.708476628,-0.313685113,0.533473447,-1.296850931,,,,,,,,,,,,
,,2024-04-04 0:00,,-0.102524438,0.934690539,-0.313685113,0.622067701,-1.103511613,,,,,,,,,,,,
,,2024-04-05 0:00,,0.242380706,0.337175205,-0.313685113,0.770289718,-1.03400182,,,,,,,,,,,,
,,2024-04-06 0:00,,1.226622216,-0.559097795,-0.313685113,0.934227546,-0.93962914,,,,,,,,,,,,
,,2024-04-07 0:00,,0.86489243,-0.409718961,-0.313685113,0.997039564,-1.293157618,,,,,,,,,,,,
,,2024-04-08 0:00,,0.776563064,-0.260340128,-0.313685113,0.863276138,-1.622961174,,,,,,,,,,,,
,,2024-04-09 0:00,,0.271823828,1.830963539,-0.313685113,0.881200388,-1.679776348,,,,,,,,,,,,
,,2024-04-10 0:00,,0.309679271,0.486554039,-0.313685113,0.861016308,-1.295242031,,,,,,,,,,,,
,,2024-04-11 0:00,,0.541018087,-0.708476628,-0.313685113,0.783310171,-1.272573674,,,,,,,,,,,,
,,2024-04-12 0:00,,0.503162645,-0.260340128,-0.313685113,0.66980682,-1.366156399,,,,,,,,,,,,
,,2024-04-13 0:00,,0.200319103,-0.559097795,-0.313685113,0.504379568,-1.047746634,,,,,,,,,,,,
,,2024-04-14 0:00,,0.351740874,-0.559097795,-0.313685113,0.405051321,-0.713977963,,,,,,,,,,,,
,,2024-04-15 0:00,,-0.535758949,0.337175205,1.033677706,-0.38664875,-0.710488897,,,,,,,,,,,,
,,2024-04-16 0:00,,1.781835375,0.337175205,-0.132460874,-0.475705163,-0.92515219,,,,,,,,,,,,
,,2024-04-17 0:00,,4.360211637,-0.110961295,-0.313685113,-0.508215391,-1.438507576,,,,,,,,,,,,
,,2024-04-18 0:00,,3.401207089,-0.110961295,-0.313685113,-0.519976594,-1.401774713,,,,,,,,,,,,
,,2024-04-19 0:00,,2.429584061,-0.260340128,-0.313685113,-0.556800965,-1.115186617,,,,,,,,,,,,
,,2024-04-20 0:00,,1.188766773,1.084069372,0.0645219945,-0.622951309,-0.613578881,,,,,,,,,,,,
,,2024-04-21 0:00,,-0.779716246,2.279100039,-0.313685113,-0.646730518,-0.355652418,,,,,,,,,,,,
,,2024-04-22 0:00,,-0.186647644,1.233448205,-0.313685113,-0.418479988,-0.720436939,,,,,,,,,,,,
,,2024-04-23 0:00,,-0.590439032,1.980342372,-0.313685113,-0.420226213,-0.997054084,,,,,,,,,,,,
,,2024-04-24 0:00,,-0.943756497,1.084069372,0.395453213,-0.421099353,-1.006548379,,,,,,,,,,,,
,,2024-04-25 0:00,,-0.224503087,-0.559097795,-0.313685113,-0.413806364,-1.019149085,,,,,,,,,,,,
,,2024-04-26 0:00,,1.129880529,-0.559097795,-0.313685113,-0.399374511,-0.849491218,,,,,,,,,,,,
,,2024-04-27 0:00,,0.71347066,-0.559097795,-0.313685113,-0.344471765,-0.768997872,,,,,,,,,,,,
,,2024-04-28 0:00,,0.107783577,-1.007234295,-0.313685113,-0.321360179,-0.946868695,,,,,,,,,,,,
,,2024-04-29 0:00,,0.305473111,1.084069372,-0.313685113,0.232915077,-0.674346369,,,,,,,,,,,,
,,2024-04-30 0:00,,0.965840277,-0.110961295,-0.313685113,0.266452515,-0.487645442,,,,,,,,,,,,
,,2024-05-01 0:00,,-0.27918317,0.187796372,-0.313685113,0.307488351,-0.587508053,,,,,,,,,,,,
,,2024-05-02 0:00,,0.00262956943,0.187796372,-0.313685113,0.329367264,-0.200790871,,,,,,,,,,,,
,,2024-05-03 0:00,,0.427451759,-0.559097795,-0.313685113,0.345853484,-0.317591489,,,,,,,,,,,,
,,2024-05-04 0:00,,0.898541713,-0.559097795,-0.313685113,0.381188433,-0.215356584,,,,,,,,,,,,
,,2024-05-05 0:00,,-0.443223422,0.337175205,3.492023903,0.358333649,-0.698979328,,,,,,,,,,,,
,,2024-05-06 0:00,,-1.002642742,1.233448205,0.655470599,0.0698200217,-0.724700771,,,,,,,,,,,,
,,2024-05-07 0:00,,-0.531552788,1.084069372,-0.124581559,0.0311980329,-0.666393829,,,,,,,,,,,,
,,2024-05-08 0:00,,-0.598851353,0.0384175385,-0.313685113,-0.00187713893,-0.283504918,,,,,,,,,,,,
,,2024-05-09 0:00,,-0.228709247,0.934690539,-0.313685113,-0.00891332515,-0.148068093,,,,,,,,,,,,
,,2024-05-10 0:00,,-0.203472285,0.486554039,-0.313685113,-0.0167712047,0.474045538,,,,,,,,,,,,
,,2024-05-11 0:00,,-0.607263674,1.830963539,2.184057657,-0.0917039063,-0.344854835,,,,,,,,,,,,
,,2024-05-12 0:00,,1.369631666,0.635932872,-0.313685113,-0.0446077012,-0.857309771,,,,,,,,,,,,
,,2024-05-13 0:00,,-0.190853804,0.0384175385,-0.313685113,0.847780625,-0.437539074,,,,,,,,,,,,
,,2024-05-14 0:00,,-0.291801651,0.187796372,-0.313685113,0.892719731,-0.628619501,,,,,,,,,,,,
,,2024-05-15 0:00,,-0.472666544,0.635932872,1.309453722,0.876592992,-0.778201456,,,,,,,,,,,,
,,2024-05-16 0:00,,-0.796540887,1.233448205,-0.305805798,0.89405503,-0.433616247,,,,,,,,,,,,
,,2024-05-17 0:00,,0.259205348,-0.110961295,-0.313685113,0.920658959,-0.033132055,,,,,,,,,,,,
,,2024-05-18 0:00,,-0.308626293,-0.409718961,-0.313685113,1.012899628,0.226955664,,,,,,,,,,,,
,,2024-05-19 0:00,,-0.430604941,-0.559097795,-0.313685113,1.027280142,0.461978767,,,,,,,,,,,,
,,2024-05-20 0:00,,-0.178235323,0.0384175385,-0.313685113,0.675094753,0.338897154,,,,,,,,,,,,
,,2024-05-21 0:00,,0.334916233,-0.559097795,-0.313685113,0.649877514,0.280778683,,,,,,,,,,,,
,,2024-05-22 0:00,,0.806006186,0.0384175385,-0.313685113,0.680795641,0.144846408,,,,,,,,,,,,
,,2024-05-23 0:00,,-0.123555239,0.337175205,-0.313685113,0.694611211,0.0539210787,,,,,,,,,,,,
,,2024-05-24 0:00,,0.0741342945,-0.260340128,-0.313685113,0.705088455,0.457978266,,,,,,,,,,,,
,,2024-05-25 0:00,,-0.0226073923,-0.708476628,-0.313685113,0.716746979,0.422002417,,,,,,,,,,,,
,,2024-05-26 0:00,,-0.405367979,0.635932872,0.371815269,0.66020074,0.519090134,,,,,,,,,,,,
,,2024-05-27 0:00,,-0.384337178,1.532205872,-0.313685113,1.076160623,-0.0240365288,,,,,,,,,,,,
,,2024-05-28 0:00,,-0.767097765,0.337175205,-0.313685113,1.084942981,0.164444608,,,,,,,,,,,,
,,2024-05-29 0:00,,-0.41798646,-0.260340128,-0.313685113,1.085918798,0.349870971,,,,,,,,,,,,
,,2024-05-30 0:00,,-0.321244773,-1.007234295,-0.313685113,1.069021705,0.628533611,,,,,,,,,,,,
,,2024-05-31 0:00,,-0.41798646,0.486554039,-0.234891965,1.010626509,0.861454236,,,,,,,,,,,,
,,2024-06-01 0:00,,-0.258152369,0.785311705,-0.313685113,0.950690552,-1.55E-07,,,,,,,,,,,,
,,2024-06-02 0:00,,-0.535758949,0.635932872,-0.313685113,0.967382235,-0.338546468,,,,,,,,,,,,
,,2024-06-03 0:00,,-0.830190169,0.187796372,-0.313685113,0.13320264,0.0588371929,,,,,,,,,,,,
,,2024-06-04 0:00,,-0.712417681,0.187796372,-0.313685113,0.124728424,0.441071271,,,,,,,,,,,,
,,2024-06-05 0:00,,0.141432859,-0.559097795,-0.313685113,0.114867517,0.48973573,,,,,,,,,,,,
,,2024-06-06 0:00,,0.351740874,-0.409718961,-0.313685113,0.159960694,-0.108519868,,,,,,,,,,,,
,,2024-06-07 0:00,,-0.13617372,-0.559097795,-0.250650595,0.198479951,0.273616993,,,,,,,,,,,,
,,2024-06-08 0:00,,-0.460048063,-1.007234295,1.017919077,0.180298899,0.637585852,,,,,,,,,,,,
,,2024-06-09 0:00,,-0.26656469,-0.708476628,-0.313685113,0.168024091,0.41911447,,,,,,,,,,,,
,,2024-06-10 0:00,,0.456894882,-0.110961295,-0.313685113,0.55717458,-0.315401333,,,,,,,,,,,,
,,2024-06-11 0:00,,1.129880529,0.187796372,-0.313685113,0.521326026,-0.136056554,,,,,,,,,,,,
,,2024-06-12 0:00,,-0.148792201,-0.260340128,-0.313685113,0.489945687,0.389547973,,,,,,,,,,,,
,,2024-06-13 0:00,,-0.144586041,-0.708476628,-0.313685113,0.423692612,0.489262432,,,,,,,,,,,,
,,2024-06-14 0:00,,-0.0226073923,0.0384175385,-0.313685113,0.370484699,0.770949899,,,,,,,,,,,,
,,2024-06-15 0:00,,-0.359100216,-0.559097795,0.166953086,0.343572574,0.859832916,,,,,,,,,,,,
,,2024-06-16 0:00,,-0.493697346,0.785311705,-0.313685113,0.32421024,0.450374582,,,,,,,,,,,,
,,2024-06-17 0:00,,-0.548377429,0.187796372,-0.313685113,-0.241280273,0.651918417,,,,,,,,,,,,
,,2024-06-18 0:00,,-0.359100216,-0.260340128,-0.313685113,-0.244413189,0.582232405,,,,,,,,,,,,
,,2024-06-19 0:00,,0.263411508,-1.007234295,-0.313685113,-0.257612476,0.75704286,,,,,,,,,,,,
,,2024-06-20 0:00,,0.330710073,-0.409718961,-0.313685113,-0.30373281,0.948683998,,,,,,,,,,,,
,,2024-06-21 0:00,,0.103577417,-0.409718961,-0.313685113,-0.326022596,0.050999201,,,,,,,,,,,,
,,2024-06-22 0:00,,-0.220296926,-0.409718961,0.986401818,-0.356375725,-0.414425909,,,,,,,,,,,,
,,2024-06-23 0:00,,-0.771303925,-0.110961295,0.0881599387,-0.369318209,-0.268261714,,,,,,,,,,,,
,,2024-06-24 0:00,,0.696646018,0.934690539,-0.313685113,-0.682143649,0.114608805,,,,,,,,,,,,
,,2024-06-25 0:00,,-0.603057513,1.084069372,-0.313685113,-0.683119467,0.189652544,,,,,,,,,,,,
,,2024-06-26 0:00,,-0.422192621,-0.559097795,-0.313685113,-0.683170806,0.470143572,,,,,,,,,,,,
,,2024-06-27 0:00,,-0.211884606,-1.007234295,-0.313685113,-0.686714595,0.0661987721,,,,,,,,,,,,
,,2024-06-28 0:00,,0.225556065,-0.260340128,-0.313685113,-0.694212994,0.220813466,,,,,,,,,,,,
,,2024-06-29 0:00,,-0.174029163,-0.110961295,2.70409243,-0.696061897,0.556798016,,,,,,,,,,,,
,,2024-06-30 0:00,,-0.632500635,2.129721205,2.223454231,-0.705409199,0.71558167,,,,,,,,,,,,
,,2024-07-01 0:00,,-0.338069415,-0.708476628,-0.313685113,-0.822718746,-0.298183557,,,,,,,,,,,,
,,2024-07-02 0:00,,-0.712417681,0.785311705,4.815748778,-0.843929983,-0.0166986794,,,,,,,,,,,,
,,2024-07-03 0:00,,-0.426398781,1.980342372,-0.250650595,-0.857231948,0.406694173,,,,,,,,,,,,
,,2024-07-04 0:00,,0.095165096,1.084069372,-0.0300297823,-0.866322501,0.622009319,,,,,,,,,,,,
,,2024-07-05 0:00,,-0.674562238,1.532205872,0.00936679138,-0.876594282,0.72866758,,,,,,,,,,,,
,,2024-07-06 0:00,,-0.258152369,1.382827039,-0.0930643001,-0.882603311,0.370043132,,,,,,,,,,,,
,,2024-07-07 0:00,,-0.544171269,-0.708476628,1.947678215,-0.880754408,0.68571147,,,,,,,,,,,,
,,2024-07-08 0:00,,-0.973199619,-0.708476628,1.348850296,0.112168102,0.556747203,,,,,,,,,,,,
,,2024-07-09 0:00,,-0.792334727,-0.708476628,-0.290047168,0.113811595,0.539678549,,,,,,,,,,,,
,,2024-07-10 0:00,,-0.935344177,-0.110961295,-0.203374706,0.116174104,0.438523731,,,,,,,,,,,,
,,2024-07-11 0:00,,0.0362788518,-0.260340128,-0.313685113,0.127729897,0.722574856,,,,,,,,,,,,
,,2024-07-12 0:00,,0.103577417,-1.007234295,-0.313685113,0.180218741,0.428746954,,,,,,,,,,,,
,,2024-07-13 0:00,,0.587285851,-0.559097795,-0.313685113,0.207182205,0.428987653,,,,,,,,,,,,
,,2024-07-14 0:00,,-0.1277614,0.187796372,-0.282167854,0.225157848,0.725172641,,,,,,,,,,,,
,,2024-07-15 0:00,,-0.973199619,0.187796372,-0.313685113,-0.420971912,0.843741236,,,,,,,,,,,,
,,2024-07-16 0:00,,-0.905901055,0.0384175385,1.025798392,-0.417941728,0.826487064,,,,,,,,,,,,
,,2024-07-17 0:00,,-0.998436581,0.337175205,7.471077842,-0.412394964,0.659403061,,,,,,,,,,,,
,,2024-07-18 0:00,,-1.065735146,-0.110961295,9.834872262,-0.427597225,0.672497651,,,,,,,,,,,,
,,2024-07-19 0:00,,-0.460048063,-0.110961295,-0.305805798,-0.45964524,0.76185183,,,,,,,,,,,,
,,2024-07-20 0:00,,-0.779716246,0.635932872,0.860332782,-0.462880834,0.993828569,,,,,,,,,,,,
,,2024-07-21 0:00,,-0.645119116,1.980342372,0.35605664,-0.458772101,1.118117816,,,,,,,,,,,,
,,2024-07-22 0:00,,-0.863839452,1.233448205,5.981887358,-0.0550356339,1.049571605,,,,,,,,,,,,
,,2024-07-23 0:00,,-0.960581139,1.382827039,-0.156098818,-0.0457396709,1.093548959,,,,,,,,,,,,
,,2024-07-24 0:00,,-0.855427131,0.486554039,0.844574153,-0.0425040766,0.99569698,,,,,,,,,,,,
,,2024-07-25 0:00,,-0.611469834,-0.708476628,1.679781514,-0.0243743631,0.402764267,,,,,,,,,,,,
,,2024-07-26 0:00,,-0.821777849,0.0384175385,0.119677198,-0.0175435869,0.794618608,,,,,,,,,,,,
,,2024-07-27 0:00,,-0.783922406,-0.857855462,2.325885322,-0.0129726408,1.004941255,,,,,,,,,,,,
,,2024-07-28 0:00,,-0.725036162,1.382827039,-0.313685113,0.00032932411,1.121806038,,,,,,,,,,,,
,,2024-07-29 0:00,,-0.594645193,2.279100039,-0.313685113,1.082635387,1.082303756,,,,,,,,,,,,
,,2024-07-30 0:00,,-0.468460384,0.785311705,-0.313685113,1.143598501,1.353784735,,,,,,,,,,,,
,,2024-07-31 0:00,,-0.762891605,0.486554039,-0.313685113,1.254944754,1.288188081,,,,,,,,,,,,
,,2024-08-01 0:00,,-0.682974559,0.486554039,-0.290047168,1.32879896,0.881578425,,,,,,,,,,,,
,,2024-08-02 0:00,,-0.380131018,0.486554039,-0.313685113,1.376768251,1.062643741,,,,,,,,,,,,
,,2024-08-03 0:00,,-0.140379881,-0.110961295,-0.313685113,1.415030652,1.234426169,,,,,,,,,,,,
,,2024-08-04 0:00,,-0.245533888,-1.007234295,-0.313685113,1.409535227,1.216213441,,,,,,,,,,,,
,,2024-08-05 0:00,,-0.308626293,-0.559097795,-0.211254021,-0.339136015,1.553453257,,,,,,,,,,,,
,,2024-08-06 0:00,,-0.788128566,-0.559097795,-0.313685113,-0.390700434,1.721373977,,,,,,,,,,,,
,,2024-08-07 0:00,,-0.69138688,-0.857855462,-0.0457884117,-0.504665998,1.538879885,,,,,,,,,,,,
,,2024-08-08 0:00,,-0.628294475,-1.007234295,-0.313685113,-0.574616934,0.779324393,,,,,,,,,,,,
,,2024-08-09 0:00,,-0.317038613,-1.007234295,-0.313685113,-0.578520257,0.882901948,,,,,,,,,,,,
,,2024-08-10 0:00,,-0.0856997968,-0.857855462,-0.313685113,-0.610414148,0.91491024,,,,,,,,,,,,
,,2024-08-11 0:00,,-0.249740048,-0.708476628,-0.313685113,-0.620634589,0.88164298,,,,,,,,,,,,
,,2024-08-12 0:00,,-0.338069415,-0.559097795,-0.313685113,-0.658556509,1.089693239,,,,,,,,,,,,
,,2024-08-13 0:00,,-0.430604941,-0.708476628,-0.313685113,-0.663692399,1.300326452,,,,,,,,,,,,
,,2024-08-14 0:00,,-0.439017262,-0.559097795,-0.0773056707,-0.662511118,1.334545167,,,,,,,,,,,,
,,2024-08-15 0:00,,-0.531552788,-0.708476628,0.19059103,-0.658556455,1.217242848,,,,,,,,,,,,
,,2024-08-16 0:00,,-0.565202071,-0.409718961,-0.313685113,-0.713099666,0.611434012,,,,,,,,,,,,
,,2024-08-17 0:00,,-0.531552788,-0.857855462,0.553039508,-0.743247386,1.129175424,,,,,,,,,,,,
,,2024-08-18 0:00,,-0.594645193,-0.409718961,-0.313685113,-0.772470626,0.562582979,,,,,,,,,,,,
,,2024-08-19 0:00,,-0.430604941,-0.559097795,-0.132460874,-1.307794422,0.833069215,,,,,,,,,,,,
,,2024-08-20 0:00,,-0.371718697,0.0384175385,-0.313685113,-1.327875771,1.109798066,,,,,,,,,,,,
,,2024-08-21 0:00,,-0.905901055,1.382827039,3.011385704,-1.357766687,0.700464321,,,,,,,,,,,,
,,2024-08-22 0:00,,-0.809159368,1.681584705,-0.266409224,-1.381648628,0.82658864,,,,,,,,,,,,
,,2024-08-23 0:00,,-0.354894056,0.635932872,-0.313685113,-1.391766337,0.74398794,,,,,,,,,,,,
,,2024-08-24 0:00,,0.179288302,-1.305991962,-0.156098818,-1.385911432,0.581139698,,,,,,,,,,,,
,,2024-08-25 0:00,,0.107783577,-1.305991962,-0.313685113,-1.378156231,0.73191025,,,,,,,,,,,,
,,2024-08-26 0:00,,0.0446911724,-1.156613128,-0.313685113,-0.968359449,1.062014871,,,,,,,,,,,,
,,2024-08-27 0:00,,-0.531552788,-0.559097795,-0.290047168,-0.963172219,0.941700138,,,,,,,,,,,,
,,2024-08-28 0:00,,-0.863839452,0.934690539,-0.313685113,-0.934873457,0.932916289,,,,,,,,,,,,
,,2024-08-29 0:00,,-1.044704345,1.233448205,-0.313685113,-0.927477737,1.29682547,,,,,,,,,,,,
,,2024-08-30 0:00,,-0.859633291,0.187796372,-0.313685113,-0.91140239,1.375611513,,,,,,,,,,,,
,,2024-08-31 0:00,,0.0867527754,-0.559097795,-0.313685113,-0.898922172,1.391155585,,,,,,,,,,,,
,,2024-09-01 0:00,,-0.169823003,-0.409718961,-0.313685113,-0.894248494,1.086242144,,,,,,,,,,,,
,,2024-09-02 0:00,,-0.632500635,0.486554039,-0.100943615,-0.35943825,0.765095619,,,,,,,,,,,,
,,2024-09-03 0:00,,-0.943756497,0.934690539,-0.313685113,-0.328674247,0.608363224,,,,,,,,,,,,
,,2024-09-04 0:00,,-0.653531437,-0.110961295,-0.313685113,-0.318299735,1.065709702,,,,,,,,,,,,
,,2024-09-05 0:00,,-0.472666544,0.187796372,0.229987604,-0.305665446,1.082107615,,,,,,,,,,,,
,,2024-09-06 0:00,,-0.830190169,0.486554039,-0.258529909,-0.303867882,0.973245614,,,,,,,,,,,,
,,2024-09-07 0:00,,-0.523140468,-0.559097795,-0.313685113,-0.281526703,0.917876626,,,,,,,,,,,,
,,2024-09-08 0:00,,-0.224503087,-1.007234295,-0.313685113,-0.260623608,0.911049479,,,,,,,,,,,,
,,2024-09-09 0:00,,-0.287595491,-0.559097795,-0.313685113,0.0145367153,1.117082093,,,,,,,,,,,,
,,2024-09-10 0:00,,-0.203472285,-0.708476628,-0.313685113,0.00590842821,1.249431348,,,,,,,,,,,,
,,2024-09-11 0:00,,-0.161410682,-0.708476628,-0.282167854,-0.00123043633,1.214370651,,,,,,,,,,,,
,,2024-09-12 0:00,,-1.006848902,-0.260340128,2.262850805,-0.000665492131,1.214164406,,,,,,,,,,,,
,,2024-09-13 0:00,,-0.83439633,-0.110961295,0.285142807,-0.000408689613,1.334627119,,,,,,,,,,,,
,,2024-09-14 0:00,,-0.926931856,-0.857855462,-0.313685113,0.029995832,1.058772818,,,,,,,,,,,,
,,2024-09-15 0:00,,-0.893282574,0.785311705,-0.313685113,0.129426811,1.241360132,,,,,,,,,,,,
,,2024-09-16 0:00,,-1.141446031,0.785311705,0.434849787,0.746186891,1.372378294,,,,,,,,,,,,
,,2024-09-17 0:00,,-0.910107215,-0.857855462,-0.313685113,0.902574982,1.41034928,,,,,,,,,,,,
,,2024-09-18 0:00,,-0.746066963,-1.007234295,-0.258529909,0.947411357,1.334216356,,,,,,,,,,,,
,,2024-09-19 0:00,,-0.653531437,-0.857855462,-0.313685113,0.957837261,1.446154982,,,,,,,,,,,,
,,2024-09-20 0:00,,-0.863839452,0.187796372,3.980541416,0.956810105,1.672059749,,,,,,,,,,,,
,,2024-09-21 0:00,,-1.229775398,3.025994205,1.813729865,0.92594337,1.420317598,,,,,,,,,,,,
,,2024-09-22 0:00,,-1.229775398,0.635932872,-0.313685113,0.876638728,1.378779385,,,,,,,,,,,,
,,2024-09-23 0:00,,-1.099384428,1.233448205,-0.313685113,1.352816026,1.421930969,,,,,,,,,,,,
,,2024-09-24 0:00,,-0.922725696,-0.110961295,-0.313685113,1.256980175,1.246896154,,,,,,,,,,,,
,,2024-09-25 0:00,,-0.741860803,-0.857855462,-0.313685113,1.272233775,1.36717031,,,,,,,,,,,,
,,2024-09-26 0:00,,-0.666149918,-1.007234295,-0.219133336,1.326057972,1.475865841,,,,,,,,,,,,
,,2024-09-27 0:00,,-0.716623841,0.187796372,-0.313685113,1.426875588,1.590536623,,,,,,,,,,,,
,,2024-09-28 0:00,,-0.905901055,1.681584705,-0.313685113,1.580438905,1.588587891,,,,,,,,,,,,
,,2024-09-29 0:00,,-1.057322825,0.635932872,-0.313685113,1.751772454,1.614291391,,,,,,,,,,,,
,,2024-09-30 0:00,,-0.859633291,-0.260340128,-0.313685113,2.197001313,1.449864535,,,,,,,,,,,,
,,2024-10-01 0:00,,-0.804953208,0.337175205,-0.116702244,2.350770039,1.351270147,,,,,,,,,,,,
,,2024-10-02 0:00,,-0.804953208,0.337175205,-0.313685113,2.510650527,1.472580871,,,,,,,,,,,,
,,2024-10-03 0:00,,-0.792334727,-0.559097795,-0.313685113,2.759844231,1.45364319,,,,,,,,,,,,
,,2024-10-04 0:00,,-0.792334727,-0.708476628,-0.313685113,2.887265883,1.390641349,,,,,,,,,,,,
,,2024-10-05 0:00,,-0.476872704,-1.007234295,-0.313685113,2.92085466,1.428315648,,,,,,,,,,,,
,,2024-10-06 0:00,,-0.510521987,-1.305991962,-0.313685113,2.801650475,1.644098541,,,,,,,,,,,,
,,2024-10-07 0:00,,0.0909589357,-1.455370795,-0.313685113,2.558441092,1.13647194,,,,,,,,,,,,
,,2024-10-08 0:00,,0.212937584,-0.708476628,-0.313685113,2.492444819,1.228226459,,,,,,,,,,,,
,,2024-10-09 0:00,,-0.889076414,0.0384175385,-0.313685113,2.478218376,1.284738475,,,,,,,,,,,,
,,2024-10-10 0:00,,-0.661943758,-0.559097795,-0.313685113,2.26441096,1.141391913,,,,,,,,,,,,
,,2024-10-11 0:00,,-0.0941121174,-0.708476628,-0.313685113,2.160049501,1.25764966,,,,,,,,,,,,
,,2024-10-12 0:00,,0.0825466151,-1.156613128,-0.313685113,2.132983305,1.203358914,,,,,,,,,,,,
,,2024-10-13 0:00,,-0.321244773,-0.409718961,-0.313685113,2.133240108,1.140516729,,,,,,,,,,,,
,,2024-10-14 0:00,,-0.628294475,-0.559097795,-0.313685113,1.391871836,1.401342888,,,,,,,,,,,,
,,2024-10-15 0:00,,-0.666149918,-0.708476628,-0.274288539,1.310467892,1.434200709,,,,,,,,,,,,
,,2024-10-16 0:00,,-0.0899059571,-1.156613128,-0.313685113,1.178013134,1.358853838,,,,,,,,,,,,
,,2024-10-17 0:00,,0.0573096533,-0.857855462,-0.313685113,1.157880446,1.300136174,,,,,,,,,,,,
,,2024-10-18 0:00,,-0.544171269,0.337175205,3.397472126,1.099074431,1.259170642,,,,,,,,,,,,
,,2024-10-19 0:00,,-1.099384428,1.532205872,-0.234891965,1.068259036,0.895418451,,,,,,,,,,,,
,,2024-10-20 0:00,,-0.939550337,2.129721205,-0.313685113,1.072265037,1.374904115,,,,,,,,,,,,
,,2024-10-21 0:00,,-0.800747047,0.0384175385,-0.313685113,0.379193143,1.380185289,,,,,,,,,,,,
,,2024-10-22 0:00,,-0.968993459,-0.409718961,1.309453722,0.342060577,1.007791716,,,,,,,,,,,,
,,2024-10-23 0:00,,-0.859633291,2.129721205,-0.132460874,0.330864318,0.775337804,,,,,,,,,,,,
,,2024-10-24 0:00,,-0.367512537,-0.708476628,-0.313685113,0.320387074,1.151425715,,,,,,,,,,,,
,,2024-10-25 0:00,,-0.321244773,-0.857855462,-0.313685113,0.360703842,1.212362433,,,,,,,,,,,,
,,2024-10-26 0:00,,-0.497903506,-0.708476628,-0.313685113,0.376779189,1.348457052,,,,,,,,,,,,
,,2024-10-27 0:00,,-0.342275575,-1.007234295,-0.313685113,0.377087331,1.457846625,,,,,,,,,,,,
,,2024-10-28 0:00,,-0.0478443541,-0.260340128,-0.313685113,0.976372084,1.368255032,,,,,,,,,,,,
,,2024-10-29 0:00,,-0.863839452,0.0384175385,-0.313685113,1.046579822,0.76631723,,,,,,,,,,,,
,,2024-10-30 0:00,,-0.321244773,-1.007234295,-0.313685113,1.101379836,0.818067127,,,,,,,,,,,,
,,2024-10-31 0:00,,-0.0394320335,-1.305991962,-0.313685113,1.142467012,1.163391906,,,,,,,,,,,,
,,2024-11-01 0:00,,0.179288302,-1.305991962,-0.313685113,1.156744848,1.193975625,,,,,,,,,,,,
,,2024-11-02 0:00,,-0.0730813159,-0.559097795,-0.313685113,1.219043314,1.119474212,,,,,,,,,,,,
,,2024-11-03 0:00,,-0.388543338,0.187796372,-0.313685113,1.271378141,1.262851598,,,,,,,,,,,,
,,2024-11-04 0:00,,-0.40957414,0.934690539,-0.305805798,1.178669549,1.345075911,,,,,,,,,,,,
,,2024-11-05 0:00,,-0.401161819,-0.260340128,-0.313685113,1.179953509,1.307999362,,,,,,,,,,,,
,,2024-11-06 0:00,,-0.384337178,0.337175205,-0.313685113,1.143437279,0.74671727,,,,,,,,,,,,
,,2024-11-07 0:00,,0.204525264,-1.156613128,-0.313685113,1.102196033,0.267055152,,,,,,,,,,,,
,,2024-11-08 0:00,,0.0362788518,-1.156613128,-0.313685113,1.085042137,0.625198001,,,,,,,,,,,,
,,2024-11-09 0:00,,-0.0730813159,-1.305991962,-0.313685113,1.039435354,0.720183649,,,,,,,,,,,,
,,2024-11-10 0:00,,-0.371718697,-0.708476628,-0.313685113,1.005641114,0.744861614,,,,,,,,,,,,
,,2024-11-11 0:00,,0.629347454,-1.604749628,-0.313685113,0.412827602,0.8751756,,,,,,,,,,,,
,,2024-11-12 0:00,,0.128814378,-0.110961295,-0.313685113,0.393311198,0.787293915,,,,,,,,,,,,
,,2024-11-13 0:00,,0.137226699,-0.857855462,-0.313685113,0.382012207,0.726243609,,,,,,,,,,,,
,,2024-11-14 0:00,,-0.13617372,-0.708476628,-0.305805798,0.372613513,0.943451478,,,,,,,,,,,,
,,2024-11-15 0:00,,-0.333863254,-0.708476628,-0.313685113,0.352634842,0.945700138,,,,,,,,,,,,
,,2024-11-16 0:00,,-0.535758949,0.486554039,0.198470345,0.306411777,0.877828068,,,,,,,,,,,,
,,2024-11-17 0:00,,-0.628294475,1.980342372,-0.313685113,0.266095009,0.356659559,,,,,,,,,,,,
,,2024-11-18 0:00,,-0.750273124,0.0384175385,-0.313685113,1.500126799,0.265487647,,,,,,,,,,,,
,,2024-11-19 0:00,,-0.4137803,-0.409718961,-0.313685113,1.522159782,0.279019252,,,,,,,,,,,,
,,2024-11-20 0:00,,0.191906783,-1.455370795,-0.313685113,1.509628225,0.384038941,,,,,,,,,,,,
,,2024-11-21 0:00,,0.835449308,-0.110961295,-0.313685113,1.501410811,0.369045113,,,,,,,,,,,,
,,2024-11-22 0:00,,0.0278665312,-0.110961295,-0.313685113,1.461967129,-0.00889698948,,,,,,,,,,,,
,,2024-11-23 0:00,,-0.439017262,-0.857855462,-0.313685113,1.398333365,0.135188515,,,,,,,,,,,,
,,2024-11-24 0:00,,-0.687180719,-1.007234295,-0.313685113,1.382360696,0.214824492,,,,,,,,,,,,
,,2024-11-25 0:00,,-0.506315827,0.337175205,-0.313685113,1.508677063,0.449628717,,,,,,,,,,,,
,,2024-11-26 0:00,,-0.994230421,1.681584705,1.734936718,1.395995512,0.421499077,,,,,,,,,,,,
,,2024-11-27 0:00,,-1.019467383,-1.305991962,1.451281387,1.359736085,0.369712689,,,,,,,,,,,,
,,2024-11-28 0:00,,-0.729242322,-0.708476628,0.0724013092,1.320189671,0.445182338,,,,,,,,,,,,
,,2024-11-29 0:00,,-0.123555239,-1.156613128,-0.313685113,1.279616101,0.363074253,,,,,,,,,,,,
,,2024-11-30 0:00,,-0.354894056,-0.708476628,-0.313685113,1.209408363,0.419971285,,,,,,,,,,,,
,,2024-12-01 0:00,,-0.0562566747,0.187796372,-0.274288539,1.13432159,0.222598647,,,,,,,,,,,,
,,2024-12-02 0:00,,0.398008637,-0.110961295,-0.313685113,-0.310614765,0.226082899,,,,,,,,,,,,
,,2024-12-03 0:00,,-0.712417681,0.187796372,-0.313685113,-0.320732475,0.388924189,,,,,,,,,,,,
,,2024-12-04 0:00,,-0.502109666,-0.260340128,-0.313685113,-0.368701766,0.0274940417,,,,,,,,,,,,
,,2024-12-05 0:00,,-0.502109666,0.0384175385,-0.171857447,-0.403934036,0.0910511707,,,,,,,,,,,,
,,2024-12-06 0:00,,-0.371718697,0.337175205,-0.313685113,-0.429818951,0.0240033085,,,,,,,,,,,,
,,2024-12-07 0:00,,-0.485285025,0.337175205,-0.313685113,-0.472036015,0.0246318882,,,,,,,,,,,,
,,2024-12-08 0:00,,-0.476872704,-0.110961295,-0.313685113,-0.508038693,-0.225078476,,,,,,,,,,,,
,,2024-12-09 0:00,,-0.0814936365,-1.007234295,-0.313685113,-0.119401755,-0.301538705,,,,,,,,,,,,
,,2024-12-10 0:00,,0.271823828,-0.559097795,-0.313685113,-0.131214351,-0.269483419,,,,,,,,,,,,
,,2024-12-11 0:00,,1.054169644,-1.007234295,-0.313685113,-0.133165986,0.064704665,,,,,,,,,,,,
,,2024-12-12 0:00,,0.28864847,-0.260340128,-0.313685113,-0.136504312,0.217616412,,,,,,,,,,,,
,,2024-12-13 0:00,,-0.253946209,-0.110961295,-0.313685113,-0.14235927,-0.0260562665,,,,,,,,,,,,
,,2024-12-14 0:00,,-0.232915407,-0.110961295,-0.313685113,-0.137069309,-0.0103733889,,,,,,,,,,,,
,,2024-12-15 0:00,,-0.573614391,0.187796372,-0.313685113,-0.128903235,0.068017296,,,,,,,,,,,,
,,2024-12-16 0:00,,-0.224503087,-1.604749628,-0.313685113,-0.643529399,0.0496748683,,,,,,,,,,,,
,,2024-12-17 0:00,,-0.367512537,-0.110961295,-0.313685113,-0.639831538,0.115167374,,,,,,,,,,,,
,,2024-12-18 0:00,,-0.169823003,-0.110961295,-0.313685113,-0.636133731,0.016490972,,,,,,,,,,,,
,,2024-12-19 0:00,,0.793387705,-1.156613128,-0.313685113,-0.635671519,0.447342436,,,,,,,,,,,,
,,2024-12-20 0:00,,0.974252598,-0.409718961,-0.282167854,-0.627762247,0.240961581,,,,,,,,,,,,
,,2024-12-21 0:00,,0.662996736,0.785311705,-0.0851849854,-0.619493441,0.0824114053,,,,,,,,,,,,
,,2024-12-22 0:00,,-0.573614391,-0.260340128,-0.313685113,-0.615744241,-0.312922453,,,,,,,,,,,,
,,2024-12-23 0:00,,-0.262358529,-0.110961295,-0.313685113,-0.428753903,-0.417943334,,,,,,,,,,,,
,,2024-12-24 0:00,,-0.0983182777,-1.305991962,-0.313685113,-0.418738925,-0.416272926,,,,,,,,,,,,
,,2024-12-25 0:00,,-0.0730813159,-0.409718961,-0.305805798,-0.390183307,-0.219241888,,,,,,,,,,,,
,,2024-12-26 0:00,,1.2813023,1.681584705,-0.313685113,-0.382736248,-0.0223369363,,,,,,,,,,,,
,,2024-12-27 0:00,,-0.195059965,0.635932872,-0.313685113,-0.388591153,0.0166720536,,,,,,,,,,,,
,,2024-12-28 0:00,,-0.182441484,0.337175205,-0.313685113,-0.387409872,0.0298355291,,,,,,,,,,,,
,,2024-12-29 0:00,,-0.392749498,-1.156613128,-0.313685113,-0.386588125,-0.0300866418,,,,,,,,,,,,
,,2024-12-30 0:00,,0.755532263,0.0384175385,-0.313685113,-1.01410696,0.0114359744,,,,,,,,,,,,
,,2024-12-31 0:00,,0.801800026,0.486554039,-0.313685113,-1.015288188,-0.0016315287,,,,,,,,,,,,
,,,,,,,,0.259029783,,,,,,,,,,,,
,,,,,,,,0.163261362,,,,,,,,,,,,
,,,,,,,,-0.487223352,,,,,,,,,,,,
,,,,,,,,-0.659161488,,,,,,,,,,,,
,,,,,,,,-0.640122287,,,,,,,,,,,,
,,,,,,,,-0.78790521,,,,,,,,,,,,
,,,,,,,,-0.554390814,,,,,,,,,,,,
,,,,,,,,-0.570591774,,,,,,,,,,,,
,,,,,,,,-0.538658665,,,,,,,,,,,,
,,,,,,,,-0.597039768,,,,,,,,,,,,
,,,,,,,,-0.321053086,,,,,,,,,,,,
,,,,,,,,-1.143624455,,,,,,,,,,,,
,,,,,,,,-1.828165004,,,,,,,,,,,,
,,,,,,,,-1.583647534,,,,,,,,,,,,
,,,,,,,,-1.561755262,,,,,,,,,,,,
,,,,,,,,-1.40755401,,,,,,,,,,,,
,,,,,,,,-1.244485962,,,,,,,,,,,,
,,,,,,,,-0.993177344,,,,,,,,,,,,
,,,,,,,,-1.055978685,,,,,,,,,,,,
,,,,,,,,-0.930229479,,,,,,,,,,,,
,,,,,,,,-1.002683372,,,,,,,,,,,,
,,,,,,,,-0.988051071,,,,,,,,,,,,
,,,,,,,,-1.282534644,,,,,,,,,,,,
,,,,,,,,-1.171720658,,,,,,,,,,,,
,,,,,,,,-1.192614425,,,,,,,,,,,,
,,,,,,,,-1.075521922,,,,,,,,,,,,
,,,,,,,,-0.914523947,,,,,,,,,,,,
,,,,,,,,-1.093639061,,,,,,,,,,,,
,,,,,,,,-0.992082434,,,,,,,,,,,,
,,,,,,,,-1.295183966,,,,,,,,,,,,
,,,,,,,,-1.144400058,,,,,,,,,,,,
,,,,,,,,-1.451611564,,,,,,,,,,,,
,,,,,,,,-1.30676732,,,,,,,,,,,,
,,,,,,,,-1.491513278,,,,,,,,,,,,
,,,,,,,,-1.301412458,,,,,,,,,,,,
,,,,,,,,-1.221999424,,,,,,,,,,,,
,,,,,,,,-1.61969709,,,,,,,,,,,,
,,,,,,,,-1.576795163,,,,,,,,,,,,
,,,,,,,,-1.295741672,,,,,,,,,,,,
,,,,,,,,-1.246045944,,,,,,,,,,,,
,,,,,,,,-1.125239855,,,,,,,,,,,,
,,,,,,,,-1.306743753,,,,,,,,,,,,
,,,,,,,,-1.476658315,,,,,,,,,,,,
,,,,,,,,-1.47022432,,,,,,,,,,,,
,,,,,,,,-1.18281368,,,,,,,,,,,,
,,,,,,,,-0.92437507,,,,,,,,,,,,
,,,,,,,,-1.083927284,,,,,,,,,,,,
