서울대공원,Unnamed: 1,Date,달러환율,미세먼지(PM10),불쾌지수,Windspeed(m/s),Rainfall(mm),total_7d_avg,weekday_0,weekday_1,weekday_2,weekday_3,weekday_4,weekday_5,weekday_6,season_0,season_1,season_2,season_3,운항수_표준화
1268,,2023-01-01 0:00,,0.831243148,-1.287139588,0.635932872,-0.313685113,-1.042308222,FALSE,TRUE,FALSE,FALSE,FALSE,FALSE,FALSE,TRUE,FALSE,FALSE,FALSE,-1.389810215
365,,2023-01-02 0:00,-1.118143528,-0.422192621,-1.580707801,0.337175205,-0.313685113,-0.828396945,FALSE,FALSE,TRUE,FALSE,FALSE,FALSE,FALSE,TRUE,FALSE,FALSE,FALSE,-1.429029717
345,,2023-01-03 0:00,-1.183150828,-0.207678445,-1.675281134,-0.708476628,-0.313685113,-0.827237747,FALSE,FALSE,FALSE,TRUE,FALSE,FALSE,FALSE,TRUE,FALSE,FALSE,FALSE,-1.523156522
428,,2023-01-04 0:00,-1.150647178,0.01104189,-1.398577128,-0.559097795,-0.313685113,-0.825498925,FALSE,FALSE,FALSE,FALSE,TRUE,FALSE,FALSE,TRUE,FALSE,FALSE,FALSE,-1.30352731
439,,2023-01-05 0:00,-1.248158129,0.57046121,-1.476530403,-1.007234295,-0.313685113,-0.828504355,FALSE,FALSE,FALSE,FALSE,FALSE,TRUE,FALSE,TRUE,FALSE,FALSE,FALSE,-1.099585899
424,,2023-01-06 0:00,-1.280661779,1.668269047,-1.458677988,-0.110961295,-0.00639183808,-0.826529374,FALSE,FALSE,FALSE,FALSE,FALSE,FALSE,TRUE,TRUE,FALSE,FALSE,FALSE,-1.217244405
878,,2023-01-07 0:00,-1.508187331,3.460093334,-1.497767718,-0.110961295,-0.305805798,-0.823781544,TRUE,FALSE,FALSE,FALSE,FALSE,FALSE,FALSE,TRUE,FALSE,FALSE,FALSE,-1.099585899
1260,,2023-01-08 0:00,-1.735712883,4.196171386,-1.351943155,-0.857855462,-0.313685113,-0.829062487,FALSE,TRUE,FALSE,FALSE,FALSE,FALSE,FALSE,TRUE,FALSE,FALSE,FALSE,-1.201556605
542,,2023-01-09 0:00,-1.963238435,2.538944229,-1.043368051,0.0384175385,-0.313685113,-1.284057423,FALSE,FALSE,TRUE,FALSE,FALSE,FALSE,FALSE,TRUE,FALSE,FALSE,FALSE,-1.279995609
608,,2023-01-10 0:00,-2.028245735,0.982664919,-1.188043123,-1.156613128,-0.313685113,-1.278218348,FALSE,FALSE,FALSE,TRUE,FALSE,FALSE,FALSE,TRUE,FALSE,FALSE,FALSE,-1.240776107
578,,2023-01-11 0:00,-1.963238435,1.512641116,-1.118078453,-1.007234295,-0.313685113,-1.274461561,FALSE,FALSE,FALSE,FALSE,TRUE,FALSE,FALSE,TRUE,FALSE,FALSE,FALSE,-1.146649302
960,,2023-01-12 0:00,-2.060749386,1.176148292,-0.580323463,-0.110961295,-0.313685113,-1.269567017,FALSE,FALSE,FALSE,FALSE,FALSE,TRUE,FALSE,TRUE,FALSE,FALSE,FALSE,-0.981927393
235,,2023-01-13 0:00,-2.093253036,-0.56099591,-1.065965874,0.337175205,2.625299282,-1.276221824,FALSE,FALSE,FALSE,FALSE,FALSE,FALSE,TRUE,TRUE,FALSE,FALSE,FALSE,-1.1231176
542,,2023-01-14 0:00,-2.190763987,-0.893282574,-1.153084715,0.337175205,-0.187616077,-1.281223676,TRUE,FALSE,FALSE,FALSE,FALSE,FALSE,FALSE,TRUE,FALSE,FALSE,FALSE,-1.021146895
499,,2023-01-15 0:00,-2.255771287,-0.876457933,-1.855577819,0.785311705,-0.0615470412,-1.291678204,FALSE,TRUE,FALSE,FALSE,FALSE,FALSE,FALSE,TRUE,FALSE,FALSE,FALSE,-1.146649302
317,,2023-01-16 0:00,-2.353282238,-0.573614391,-1.845108167,0.635932872,-0.313685113,-1.299599568,FALSE,FALSE,TRUE,FALSE,FALSE,FALSE,FALSE,TRUE,FALSE,FALSE,FALSE,-1.232932206
356,,2023-01-17 0:00,-2.255771287,-0.216090766,-1.785816652,-0.708476628,-0.313685113,-1.307177466,FALSE,FALSE,FALSE,TRUE,FALSE,FALSE,FALSE,TRUE,FALSE,FALSE,FALSE,-1.264307808
356,,2023-01-18 0:00,-2.255771287,0.71767682,-1.540962564,-0.409718961,-0.313685113,-1.312501342,FALSE,FALSE,FALSE,FALSE,TRUE,FALSE,FALSE,TRUE,FALSE,FALSE,FALSE,-1.130961501
453,,2023-01-19 0:00,-2.353282238,1.037345003,-1.520494136,0.337175205,-0.234891965,-1.319821692,FALSE,FALSE,FALSE,FALSE,FALSE,TRUE,FALSE,TRUE,FALSE,FALSE,FALSE,-0.92702009
252,,2023-01-20 0:00,-2.255771287,1.251859178,-1.55967449,2.129721205,-0.313685113,-1.320465741,FALSE,FALSE,FALSE,FALSE,FALSE,FALSE,TRUE,TRUE,FALSE,FALSE,FALSE,-1.185868804
795,,2023-01-21 0:00,-2.288274938,-0.455841903,-1.721296289,-0.708476628,-0.313685113,-1.315785914,TRUE,FALSE,FALSE,FALSE,FALSE,FALSE,FALSE,TRUE,FALSE,FALSE,FALSE,-0.879956687
1146,,2023-01-22 0:00,-2.288274938,-0.325450934,-1.446321202,0.486554039,-0.313685113,-1.290282848,FALSE,TRUE,FALSE,FALSE,FALSE,FALSE,FALSE,TRUE,FALSE,FALSE,FALSE,-1.30352731
2810,,2023-01-23 0:00,-2.320778588,0.776563064,-1.521059371,0.635932872,-0.313685113,-0.761123883,FALSE,FALSE,TRUE,FALSE,FALSE,FALSE,FALSE,TRUE,FALSE,FALSE,FALSE,-1.358434613
209,,2023-01-24 0:00,-2.320778588,-0.249740048,-2.665476195,3.474130705,-0.313685113,-0.765825201,FALSE,FALSE,FALSE,TRUE,FALSE,FALSE,FALSE,TRUE,FALSE,FALSE,FALSE,-1.429029717
135,,2023-01-25 0:00,-2.353282238,-0.565202071,-2.228858466,-0.260340128,-0.313685113,-0.772029235,FALSE,FALSE,FALSE,FALSE,TRUE,FALSE,FALSE,TRUE,FALSE,FALSE,FALSE,-1.413341916
288,,2023-01-26 0:00,-2.385785889,-0.287595491,-2.236947121,0.337175205,-0.250650595,-0.776644637,FALSE,FALSE,FALSE,FALSE,FALSE,TRUE,FALSE,TRUE,FALSE,FALSE,FALSE,-1.327059011
1206,,2023-01-27 0:00,-2.418289539,0.0446911724,-2.012092578,1.830963539,-0.313685113,-0.778855725,FALSE,FALSE,FALSE,FALSE,FALSE,FALSE,TRUE,TRUE,FALSE,FALSE,FALSE,-1.366278513
1930,,2023-01-28 0:00,-2.450793189,0.107783577,-1.860752602,0.187796372,-0.313685113,-0.785446158,TRUE,FALSE,FALSE,FALSE,FALSE,FALSE,FALSE,TRUE,FALSE,FALSE,FALSE,-1.162337102
1210,,2023-01-29 0:00,-2.450793189,0.385390156,-1.499079559,0.486554039,-0.313685113,-0.801739812,FALSE,TRUE,FALSE,FALSE,FALSE,FALSE,FALSE,TRUE,FALSE,FALSE,FALSE,-1.468249219
411,,2023-01-30 0:00,-2.483296839,0.368565515,-1.375931028,-0.260340128,-0.313685113,-1.07687046,FALSE,FALSE,TRUE,FALSE,FALSE,FALSE,FALSE,TRUE,FALSE,FALSE,FALSE,-1.413341916
509,,2023-01-31 0:00,-2.418289539,0.0867527754,-1.240040198,0.635932872,-0.313685113,-1.065020576,FALSE,FALSE,FALSE,TRUE,FALSE,FALSE,FALSE,TRUE,FALSE,FALSE,FALSE,-1.366278513
500,,2023-02-01 0:00,-2.353282238,1.096231247,-1.378703093,1.382827039,-0.313685113,-1.052634001,FALSE,FALSE,FALSE,FALSE,TRUE,FALSE,FALSE,TRUE,FALSE,FALSE,FALSE,-1.178024903
468,,2023-02-02 0:00,-2.873340643,0.233968386,-1.441058883,0.337175205,-0.313685113,-1.04095585,FALSE,FALSE,FALSE,FALSE,FALSE,TRUE,FALSE,TRUE,FALSE,FALSE,FALSE,-1.083898098
476,,2023-02-03 0:00,-2.51580049,0.124608218,-1.320863654,-0.110961295,-0.313685113,-1.022558466,FALSE,FALSE,FALSE,FALSE,FALSE,FALSE,TRUE,TRUE,FALSE,FALSE,FALSE,-1.154493202
2439,,2023-02-04 0:00,-2.255771287,0.0236603709,-1.219330967,-0.409718961,-0.313685113,-0.984260932,TRUE,FALSE,FALSE,FALSE,FALSE,FALSE,FALSE,TRUE,FALSE,FALSE,FALSE,-1.091741999
2909,,2023-02-05 0:00,-2.028245735,1.037345003,-1.336531624,-0.708476628,-0.313685113,-0.960604046,FALSE,TRUE,FALSE,FALSE,FALSE,FALSE,FALSE,TRUE,FALSE,FALSE,FALSE,-1.240776107
779,,2023-02-06 0:00,-1.768216533,1.579939681,-1.225845051,-1.007234295,-0.313685113,-0.805566969,FALSE,FALSE,TRUE,FALSE,FALSE,FALSE,FALSE,TRUE,FALSE,FALSE,FALSE,-1.232932206
725,,2023-02-07 0:00,-1.605698282,1.777629215,-1.184606329,-1.156613128,-0.313685113,-0.797559688,FALSE,FALSE,FALSE,TRUE,FALSE,FALSE,FALSE,TRUE,FALSE,FALSE,FALSE,-1.31137121
749,,2023-02-08 0:00,-1.508187331,1.335982384,-1.170178415,0.337175205,-0.313685113,-0.787598918,FALSE,FALSE,FALSE,FALSE,TRUE,FALSE,FALSE,TRUE,FALSE,FALSE,FALSE,-1.091741999
906,,2023-02-09 0:00,-1.475683681,0.0362788518,-0.811391645,0.337175205,-0.313685113,-0.775512875,FALSE,FALSE,FALSE,FALSE,FALSE,TRUE,FALSE,TRUE,FALSE,FALSE,FALSE,-1.021146895
570,,2023-02-10 0:00,-1.34566908,-0.527346628,-1.249117196,-0.110961295,-0.266409224,-0.754024195,FALSE,FALSE,FALSE,FALSE,FALSE,FALSE,TRUE,TRUE,FALSE,FALSE,FALSE,-1.154493202
4339,,2023-02-11 0:00,-1.215654478,0.347534714,-1.255644169,-0.708476628,-0.313685113,-0.730689334,TRUE,FALSE,FALSE,FALSE,FALSE,FALSE,FALSE,TRUE,FALSE,FALSE,FALSE,-1.028990795
4164,,2023-02-12 0:00,-1.085639877,1.390662467,-1.123852174,-0.708476628,-0.313685113,-0.72002014,FALSE,TRUE,FALSE,FALSE,FALSE,FALSE,FALSE,TRUE,FALSE,FALSE,FALSE,-1.248620007
968,,2023-02-13 0:00,-0.955625276,-0.0226073923,-0.856942725,0.0384175385,-0.313685113,-0.677928119,FALSE,FALSE,TRUE,FALSE,FALSE,FALSE,FALSE,TRUE,FALSE,FALSE,FALSE,-1.232932206
884,,2023-02-14 0:00,-1.215654478,0.0867527754,-1.106893306,0.635932872,-0.313685113,-0.673162426,FALSE,FALSE,FALSE,TRUE,FALSE,FALSE,FALSE,TRUE,FALSE,FALSE,FALSE,-1.217244405
886,,2023-02-15 0:00,-0.825610675,-0.741860803,-0.839901286,0.337175205,-0.313685113,-0.669620305,FALSE,FALSE,FALSE,FALSE,TRUE,FALSE,FALSE,TRUE,FALSE,FALSE,FALSE,-1.130961501
727,,2023-02-16 0:00,-0.825610675,-0.283389331,-1.238584095,0.635932872,-0.313685113,-0.669448572,FALSE,FALSE,FALSE,FALSE,FALSE,TRUE,FALSE,TRUE,FALSE,FALSE,FALSE,-0.895644488
1121,,2023-02-17 0:00,-0.175537669,0.347534714,-1.122558506,-0.708476628,-0.313685113,-0.671058595,FALSE,FALSE,FALSE,FALSE,FALSE,FALSE,TRUE,TRUE,FALSE,FALSE,FALSE,-1.091741999
2880,,2023-02-18 0:00,-0.24054497,1.903814024,-0.762598406,-1.156613128,-0.313685113,-0.693620657,TRUE,FALSE,FALSE,FALSE,FALSE,FALSE,FALSE,TRUE,FALSE,FALSE,FALSE,-1.091741999
2869,,2023-02-19 0:00,-0.27304862,0.591492011,-0.947595782,1.532205872,-0.282167854,-0.695380971,FALSE,TRUE,FALSE,FALSE,FALSE,FALSE,FALSE,TRUE,FALSE,FALSE,FALSE,-1.130961501
811,,2023-02-20 0:00,-0.338055921,0.0825466151,-1.199428801,1.532205872,-0.313685113,-0.266721143,FALSE,FALSE,TRUE,FALSE,FALSE,FALSE,FALSE,TRUE,FALSE,FALSE,FALSE,-1.178024903
627,,2023-02-21 0:00,-0.30555227,-0.220296926,-1.219074955,-0.260340128,-0.313685113,-0.264102113,FALSE,FALSE,FALSE,TRUE,FALSE,FALSE,FALSE,TRUE,FALSE,FALSE,FALSE,-1.170181003
898,,2023-02-22 0:00,-0.0455230682,0.305473111,-1.094327524,-0.110961295,-0.313685113,-0.257297014,FALSE,FALSE,FALSE,FALSE,TRUE,FALSE,FALSE,TRUE,FALSE,FALSE,FALSE,-1.036834696
1425,,2023-02-23 0:00,-0.370559571,0.238174546,-1.139500468,-0.559097795,-0.313685113,-0.242334392,FALSE,FALSE,FALSE,FALSE,FALSE,TRUE,FALSE,TRUE,FALSE,FALSE,FALSE,-0.919176189
1658,,2023-02-24 0:00,-0.143034019,0.654584415,-0.972989769,1.084069372,-0.313685113,-0.232438047,FALSE,FALSE,FALSE,FALSE,FALSE,FALSE,TRUE,TRUE,FALSE,FALSE,FALSE,-1.146649302
3987,,2023-02-25 0:00,0.0844915329,0.14563902,-1.048386178,0.934690539,-0.313685113,-0.210562968,TRUE,FALSE,FALSE,FALSE,FALSE,FALSE,FALSE,TRUE,FALSE,FALSE,FALSE,-0.93486399
5228,,2023-02-26 0:00,0.312017085,0.0909589357,-0.939914897,-0.260340128,-0.313685113,-0.175936355,FALSE,TRUE,FALSE,FALSE,FALSE,FALSE,FALSE,TRUE,FALSE,FALSE,FALSE,-1.076054198
3538,,2023-02-27 0:00,0.539542637,0.541018087,-0.737327799,-0.559097795,-0.313685113,-0.41332247,FALSE,FALSE,TRUE,FALSE,FALSE,FALSE,FALSE,TRUE,FALSE,FALSE,FALSE,-1.146649302
3603,,2023-02-28 0:00,0.507038987,0.0993712563,-0.971672099,-0.409718961,-0.313685113,-0.352140951,FALSE,FALSE,FALSE,TRUE,FALSE,FALSE,FALSE,TRUE,FALSE,FALSE,FALSE,-1.209400505
7457,,2023-03-01 0:00,0.377024385,0.0320726915,-0.678961032,1.233448205,-0.313685113,-0.305986479,FALSE,FALSE,FALSE,FALSE,TRUE,FALSE,FALSE,FALSE,TRUE,FALSE,FALSE,-1.052522496
768,,2023-03-02 0:00,0.247009784,0.700852179,-0.81477836,0.785311705,-0.313685113,-0.314680692,FALSE,FALSE,FALSE,FALSE,FALSE,TRUE,FALSE,FALSE,TRUE,FALSE,FALSE,-0.94270789
792,,2023-03-03 0:00,-0.20804132,0.191906783,-0.964501105,-0.260340128,-0.313685113,-0.299997111,FALSE,FALSE,FALSE,FALSE,FALSE,FALSE,TRUE,FALSE,TRUE,FALSE,FALSE,-1.240776107
7806,,2023-03-04 0:00,-0.24054497,1.42010559,-0.705027795,-0.559097795,-0.313685113,-0.249699453,TRUE,FALSE,FALSE,FALSE,FALSE,FALSE,FALSE,FALSE,TRUE,FALSE,FALSE,-1.052522496
9254,,2023-03-05 0:00,-0.30555227,1.622001284,-0.477752171,-0.857855462,-0.313685113,-0.23460798,FALSE,TRUE,FALSE,FALSE,FALSE,FALSE,FALSE,FALSE,TRUE,FALSE,FALSE,-1.248620007
1039,,2023-03-06 0:00,-0.338055921,0.835449308,-0.195614302,-0.260340128,-0.313685113,-0.413022852,FALSE,FALSE,TRUE,FALSE,FALSE,FALSE,FALSE,FALSE,TRUE,FALSE,FALSE,-1.225088306
1119,,2023-03-07 0:00,-0.20804132,1.066788125,-0.208252126,0.0384175385,-0.313685113,-0.457781968,FALSE,FALSE,FALSE,TRUE,FALSE,FALSE,FALSE,FALSE,TRUE,FALSE,FALSE,-1.279995609
792,,2023-03-08 0:00,0.474535336,1.209797575,-0.201498502,-0.409718961,-0.219133336,-0.495328093,FALSE,FALSE,FALSE,FALSE,TRUE,FALSE,FALSE,FALSE,TRUE,FALSE,FALSE,-1.201556605
632,,2023-03-09 0:00,0.474535336,1.108849728,-0.684053165,0.0384175385,-0.0221504675,-0.481825202,FALSE,FALSE,FALSE,FALSE,FALSE,TRUE,FALSE,FALSE,TRUE,FALSE,FALSE,-0.974083492
1533,,2023-03-10 0:00,0.637053588,2.353873175,-0.0469852021,-0.260340128,-0.313685113,-0.441466822,FALSE,FALSE,FALSE,FALSE,FALSE,FALSE,TRUE,FALSE,TRUE,FALSE,FALSE,-1.232932206
15428,,2023-03-11 0:00,0.344520735,2.740839923,0.252789814,0.187796372,-0.313685113,-0.422747413,TRUE,FALSE,FALSE,FALSE,FALSE,FALSE,FALSE,FALSE,TRUE,FALSE,FALSE,-1.028990795
539,,2023-03-12 0:00,0.0844915329,0.919572514,-0.877793423,2.129721205,0.127556512,-0.491592747,FALSE,TRUE,FALSE,FALSE,FALSE,FALSE,FALSE,FALSE,TRUE,FALSE,FALSE,-1.178024903
551,,2023-03-13 0:00,-0.20804132,-0.0394320335,-0.762855189,1.382827039,-0.313685113,-0.0331201153,FALSE,FALSE,TRUE,FALSE,FALSE,FALSE,FALSE,FALSE,TRUE,FALSE,FALSE,-1.225088306
1070,,2023-03-14 0:00,0.0844915329,0.238174546,-0.250075985,0.934690539,-0.313685113,-0.031875,FALSE,FALSE,FALSE,TRUE,FALSE,FALSE,FALSE,FALSE,TRUE,FALSE,FALSE,-1.240776107
914,,2023-03-15 0:00,-0.143034019,0.43586408,-0.591263844,1.084069372,-0.313685113,-0.0265511235,FALSE,FALSE,FALSE,FALSE,TRUE,FALSE,FALSE,FALSE,TRUE,FALSE,FALSE,-1.060366397
898,,2023-03-16 0:00,0.149498833,1.096231247,-0.569341393,0.187796372,-0.313685113,-0.0145080143,FALSE,FALSE,FALSE,FALSE,FALSE,TRUE,FALSE,FALSE,TRUE,FALSE,FALSE,-0.974083492
1179,,2023-03-17 0:00,-0.143034019,0.305473111,-0.284385974,-0.857855462,-0.313685113,-0.0198104495,FALSE,FALSE,FALSE,FALSE,FALSE,FALSE,TRUE,FALSE,TRUE,FALSE,FALSE,-1.1152737
11932,,2023-03-18 0:00,-0.0130194179,1.028932682,-0.402638093,0.486554039,-0.313685113,0.00498419318,TRUE,FALSE,FALSE,FALSE,FALSE,FALSE,FALSE,FALSE,TRUE,FALSE,FALSE,-1.052522496
12194,,2023-03-19 0:00,0.0844915329,2.446408702,-0.525086048,-0.260340128,-0.313685113,0.102853173,FALSE,TRUE,FALSE,FALSE,FALSE,FALSE,FALSE,FALSE,TRUE,FALSE,FALSE,-1.154493202
1353,,2023-03-20 0:00,0.214506134,2.240306847,-0.282090846,-1.007234295,-0.313685113,0.879707672,FALSE,FALSE,TRUE,FALSE,FALSE,FALSE,FALSE,FALSE,TRUE,FALSE,FALSE,-1.193712704
1544,,2023-03-21 0:00,0.116995183,1.121468208,0.262505997,-0.857855462,-0.313685113,0.907829718,FALSE,FALSE,FALSE,TRUE,FALSE,FALSE,FALSE,FALSE,TRUE,FALSE,FALSE,-1.240776107
1525,,2023-03-22 0:00,0.0519878826,1.382250147,0.521745859,-0.708476628,-0.313685113,0.935286273,FALSE,FALSE,FALSE,FALSE,TRUE,FALSE,FALSE,FALSE,TRUE,FALSE,FALSE,-1.021146895
3426,,2023-03-23 0:00,-0.890617976,2.900674014,0.507639194,0.337175205,-0.313685113,1.045842361,FALSE,FALSE,FALSE,FALSE,FALSE,TRUE,FALSE,FALSE,TRUE,FALSE,FALSE,-1.005459094
1677,,2023-03-24 0:00,-0.403063221,4.503221087,0.191747589,0.0384175385,-0.313685113,1.136348109,FALSE,FALSE,FALSE,FALSE,FALSE,FALSE,TRUE,FALSE,TRUE,FALSE,FALSE,-1.060366397
13180,,2023-03-25 0:00,-0.338055921,2.740839923,-0.116184095,0.0384175385,-0.313685113,1.210216787,TRUE,FALSE,FALSE,FALSE,FALSE,FALSE,FALSE,FALSE,TRUE,FALSE,FALSE,-1.076054198
19974,,2023-03-26 0:00,-0.30555227,1.184560613,-0.0688327742,1.980342372,-0.313685113,1.310661863,FALSE,TRUE,FALSE,FALSE,FALSE,FALSE,FALSE,FALSE,TRUE,FALSE,FALSE,-1.076054198
2008,,2023-03-27 0:00,-0.24054497,0.507368805,-0.419458673,0.0384175385,-0.313685113,2.375269693,FALSE,FALSE,TRUE,FALSE,FALSE,FALSE,FALSE,FALSE,TRUE,FALSE,FALSE,-0.997615193
1983,,2023-03-28 0:00,-0.24054497,1.277096139,-0.350830098,-0.260340128,-0.313685113,2.435871588,FALSE,FALSE,FALSE,TRUE,FALSE,FALSE,FALSE,FALSE,TRUE,FALSE,FALSE,-0.919176189
2199,,2023-03-29 0:00,-0.175537669,1.882783222,-0.0564670148,-0.559097795,-0.313685113,2.528502608,FALSE,FALSE,FALSE,FALSE,TRUE,FALSE,FALSE,FALSE,TRUE,FALSE,FALSE,-0.809361583
2758,,2023-03-30 0:00,-0.24054497,1.811278497,0.193230628,-0.110961295,-0.313685113,2.56926888,FALSE,FALSE,FALSE,FALSE,FALSE,TRUE,FALSE,FALSE,TRUE,FALSE,FALSE,-0.683859176
4248,,2023-03-31 0:00,-0.175537669,2.681953679,0.357846265,-0.260340128,-0.313685113,2.726730848,FALSE,FALSE,FALSE,FALSE,FALSE,FALSE,TRUE,FALSE,TRUE,FALSE,FALSE,-0.785829882
24827,,2023-04-01 0:00,0.0194842324,2.248719168,0.627014913,-0.708476628,-0.313685113,2.968837996,TRUE,FALSE,FALSE,FALSE,FALSE,FALSE,FALSE,FALSE,TRUE,FALSE,FALSE,-0.801517683
26129,,2023-04-02 0:00,0.182002484,0.549430408,0.890752606,0.187796372,-0.313685113,3.100904256,FALSE,TRUE,FALSE,FALSE,FALSE,FALSE,FALSE,FALSE,TRUE,FALSE,FALSE,-0.825049384
7318,,2023-04-03 0:00,0.377024385,0.473719523,0.912450083,0.0384175385,-0.313685113,2.708223464,FALSE,FALSE,TRUE,FALSE,FALSE,FALSE,FALSE,FALSE,TRUE,FALSE,FALSE,-0.958395691
3674,,2023-04-04 0:00,0.214506134,0.107783577,0.636680047,0.486554039,0.229987604,2.679693577,FALSE,FALSE,FALSE,TRUE,FALSE,FALSE,FALSE,FALSE,TRUE,FALSE,FALSE,-0.911332289
248,,2023-04-05 0:00,0.214506134,-0.708211521,-0.682370976,1.681584705,3.649610197,2.592236141,FALSE,FALSE,FALSE,FALSE,TRUE,FALSE,FALSE,FALSE,TRUE,FALSE,FALSE,-0.75445428
859,,2023-04-06 0:00,0.344520735,0.831243148,-0.953680164,0.337175205,-0.100943615,2.471547449,FALSE,FALSE,FALSE,FALSE,FALSE,TRUE,FALSE,FALSE,TRUE,FALSE,FALSE,-0.75445428
3409,,2023-04-07 0:00,0.377024385,1.84492778,-0.539763384,0.934690539,-0.313685113,2.295108473,FALSE,FALSE,FALSE,FALSE,FALSE,FALSE,TRUE,FALSE,TRUE,FALSE,FALSE,-0.75445428
13460,,2023-04-08 0:00,0.409528036,0.128814378,-0.359906401,1.382827039,-0.313685113,2.043856287,TRUE,FALSE,FALSE,FALSE,FALSE,FALSE,FALSE,FALSE,TRUE,FALSE,FALSE,-0.825049384
15723,,2023-04-09 0:00,0.409528036,1.028932682,-0.241575396,0.337175205,-0.313685113,1.875231367,FALSE,TRUE,FALSE,FALSE,FALSE,FALSE,FALSE,FALSE,TRUE,FALSE,FALSE,-0.770142081
3076,,2023-04-10 0:00,0.442031686,0.444276401,0.0734070866,0.635932872,-0.313685113,0.908240963,FALSE,FALSE,TRUE,FALSE,FALSE,FALSE,FALSE,FALSE,TRUE,FALSE,FALSE,-0.895644488
542,,2023-04-11 0:00,0.507038987,0.843861629,-0.236443101,1.980342372,-0.0851849854,0.860411992,FALSE,FALSE,FALSE,TRUE,FALSE,FALSE,FALSE,FALSE,TRUE,FALSE,FALSE,-0.864268886
1802,,2023-04-12 0:00,0.637053588,9.668385932,-0.151832071,0.635932872,-0.313685113,0.851674845,FALSE,FALSE,FALSE,FALSE,TRUE,FALSE,FALSE,FALSE,TRUE,FALSE,FALSE,-0.75445428
4630,,2023-04-13 0:00,0.149498833,6.589476595,0.0242093042,-0.708476628,-0.313685113,0.841070076,FALSE,FALSE,FALSE,FALSE,FALSE,TRUE,FALSE,FALSE,TRUE,FALSE,FALSE,-0.75445428
3123,,2023-04-14 0:00,-0.27304862,2.450614862,0.264571974,-1.007234295,-0.313685113,0.761426748,FALSE,FALSE,FALSE,FALSE,FALSE,FALSE,TRUE,FALSE,TRUE,FALSE,FALSE,-0.785829882
3738,,2023-04-15 0:00,-0.110530369,1.020520361,-0.307891978,-0.110961295,0.048763365,0.642154955,TRUE,FALSE,FALSE,FALSE,FALSE,FALSE,FALSE,FALSE,TRUE,FALSE,FALSE,-0.817205484
8295,,2023-04-16 0:00,0.0194842324,2.925910976,-0.438342767,0.337175205,-0.313685113,0.572472396,FALSE,TRUE,FALSE,FALSE,FALSE,FALSE,FALSE,FALSE,TRUE,FALSE,FALSE,-0.903488388
7058,,2023-04-17 0:00,0.182002484,2.673541358,-0.0452319864,-0.409718961,-0.313685113,0.781510621,FALSE,FALSE,TRUE,FALSE,FALSE,FALSE,FALSE,FALSE,TRUE,FALSE,FALSE,-0.75445428
810,,2023-04-18 0:00,0.409528036,0.351740874,-0.21553571,0.635932872,-0.195495392,0.798383849,FALSE,FALSE,FALSE,TRUE,FALSE,FALSE,FALSE,FALSE,TRUE,FALSE,FALSE,-0.683859176
4066,,2023-04-19 0:00,0.539542637,-0.0520505144,0.453717686,0.187796372,-0.313685113,0.831421881,FALSE,FALSE,FALSE,FALSE,TRUE,FALSE,FALSE,FALSE,TRUE,FALSE,FALSE,-0.628951873
2688,,2023-04-20 0:00,0.507038987,-0.430604941,-0.211735982,0.187796372,-0.274288539,0.843572298,FALSE,FALSE,FALSE,FALSE,FALSE,TRUE,FALSE,FALSE,TRUE,FALSE,FALSE,-0.676015276
5455,,2023-04-21 0:00,0.702060888,0.675615217,0.420017927,0.337175205,-0.313685113,0.907201114,FALSE,FALSE,FALSE,FALSE,FALSE,FALSE,TRUE,FALSE,TRUE,FALSE,FALSE,-0.597576272
14297,,2023-04-22 0:00,0.767068189,0.852273949,0.795654648,0.486554039,-0.313685113,1.003266846,TRUE,FALSE,FALSE,FALSE,FALSE,FALSE,FALSE,FALSE,TRUE,FALSE,FALSE,-0.707390878
14121,,2023-04-23 0:00,0.86457914,0.751326102,0.573725377,-0.260340128,-0.313685113,1.043410509,FALSE,TRUE,FALSE,FALSE,FALSE,FALSE,FALSE,FALSE,TRUE,FALSE,FALSE,-0.730922579
3371,,2023-04-24 0:00,0.92958644,0.616728973,0.46140311,0.635932872,-0.313685113,0.950344161,FALSE,FALSE,TRUE,FALSE,FALSE,FALSE,FALSE,FALSE,TRUE,FALSE,FALSE,-0.785829882
1048,,2023-04-25 0:00,0.86457914,-0.0520505144,-0.390697842,-0.559097795,-0.282167854,0.956161796,FALSE,FALSE,FALSE,TRUE,FALSE,FALSE,FALSE,FALSE,TRUE,FALSE,FALSE,-0.526981168
3444,,2023-04-26 0:00,0.994593741,-0.317038613,-0.477646619,1.233448205,-0.313685113,0.945535535,FALSE,FALSE,FALSE,FALSE,TRUE,FALSE,FALSE,FALSE,TRUE,FALSE,FALSE,-0.495605566
7353,,2023-04-27 0:00,1.027097391,0.0404850121,-0.0994527218,-0.559097795,-0.313685113,0.969106554,FALSE,FALSE,FALSE,FALSE,FALSE,TRUE,FALSE,FALSE,TRUE,FALSE,FALSE,-0.519137267
5908,,2023-04-28 0:00,1.092104692,-0.0141950718,0.17107678,-0.260340128,-0.163978133,0.926901992,FALSE,FALSE,FALSE,FALSE,FALSE,FALSE,TRUE,FALSE,TRUE,FALSE,FALSE,-0.38579096
13909,,2023-04-29 0:00,1.092104692,-0.325450934,-0.421560629,0.934690539,1.664022885,0.864668583,TRUE,FALSE,FALSE,FALSE,FALSE,FALSE,FALSE,FALSE,TRUE,FALSE,FALSE,-0.613264073
17773,,2023-04-30 0:00,1.059601041,0.095165096,-0.269587264,1.532205872,-0.305805798,0.990766967,FALSE,TRUE,FALSE,FALSE,FALSE,FALSE,FALSE,FALSE,TRUE,FALSE,FALSE,-0.56620067
18777,,2023-05-01 0:00,1.027097391,0.381183996,0.128452908,0.337175205,-0.313685113,1.906208602,FALSE,FALSE,TRUE,FALSE,FALSE,FALSE,FALSE,FALSE,TRUE,FALSE,FALSE,-0.668171376
3720,,2023-05-02 0:00,1.027097391,-0.165616842,0.548397085,-0.260340128,-0.313685113,1.923124763,FALSE,FALSE,FALSE,TRUE,FALSE,FALSE,FALSE,FALSE,TRUE,FALSE,FALSE,-0.503449467
4919,,2023-05-03 0:00,1.059601041,0.196112943,0.666336183,-0.260340128,-0.313685113,1.914516416,FALSE,FALSE,FALSE,FALSE,TRUE,FALSE,FALSE,FALSE,TRUE,FALSE,FALSE,-0.542668969
6185,,2023-05-04 0:00,0.539542637,0.322297752,0.688658485,-0.260340128,-0.313685113,1.868426318,FALSE,FALSE,FALSE,FALSE,FALSE,TRUE,FALSE,FALSE,TRUE,FALSE,FALSE,-0.472073865
1286,,2023-05-05 0:00,0.539542637,-0.931138017,0.0101419096,0.337175205,2.065867936,1.814006965,FALSE,FALSE,FALSE,FALSE,FALSE,FALSE,TRUE,FALSE,TRUE,FALSE,FALSE,-0.511293367
941,,2023-05-06 0:00,0.507038987,-0.939550337,-0.448719199,4.669161372,3.428989385,1.754177818,TRUE,FALSE,FALSE,FALSE,FALSE,FALSE,FALSE,FALSE,TRUE,FALSE,FALSE,-0.511293367
8043,,2023-05-07 0:00,0.507038987,-0.13196756,0.239181836,0.486554039,-0.313685113,1.575313037,FALSE,TRUE,FALSE,FALSE,FALSE,FALSE,FALSE,FALSE,TRUE,FALSE,FALSE,-0.589732371
3305,,2023-05-08 0:00,0.507038987,-0.0941121174,0.21936303,-0.110961295,-0.313685113,1.113020157,FALSE,FALSE,TRUE,FALSE,FALSE,FALSE,FALSE,FALSE,TRUE,FALSE,FALSE,-0.57404457
3769,,2023-05-09 0:00,0.474535336,0.562048889,0.384564066,0.0384175385,-0.313685113,1.10846908,FALSE,FALSE,FALSE,TRUE,FALSE,FALSE,FALSE,FALSE,TRUE,FALSE,FALSE,-0.479917765
4410,,2023-05-10 0:00,0.637053588,0.784975385,0.548613433,-0.708476628,-0.313685113,1.107417189,FALSE,FALSE,FALSE,FALSE,TRUE,FALSE,FALSE,FALSE,TRUE,FALSE,FALSE,-0.448542164
6468,,2023-05-11 0:00,0.637053588,0.587285851,0.696877948,0.0384175385,-0.313685113,1.137149258,FALSE,FALSE,FALSE,FALSE,FALSE,TRUE,FALSE,FALSE,TRUE,FALSE,FALSE,-0.432854363
6220,,2023-05-12 0:00,0.92958644,0.72188298,0.579383234,-0.708476628,-0.313685113,1.210202154,FALSE,FALSE,FALSE,FALSE,FALSE,FALSE,TRUE,FALSE,TRUE,FALSE,FALSE,-0.464229964
16168,,2023-05-13 0:00,0.92958644,0.250793027,0.377962653,-0.409718961,-0.313685113,1.314897725,TRUE,FALSE,FALSE,FALSE,FALSE,FALSE,FALSE,FALSE,TRUE,FALSE,FALSE,-0.393634861
15901,,2023-05-14 0:00,0.89708279,-0.485285025,0.478174429,-0.409718961,-0.313685113,1.358862601,FALSE,TRUE,FALSE,FALSE,FALSE,FALSE,FALSE,FALSE,TRUE,FALSE,FALSE,-0.487761666
3859,,2023-05-15 0:00,0.89708279,0.0573096533,0.747277818,0.187796372,-0.313685113,0.995989481,FALSE,FALSE,TRUE,FALSE,FALSE,FALSE,FALSE,FALSE,TRUE,FALSE,FALSE,-0.534825068
4721,,2023-05-16 0:00,0.962090091,0.932190995,1.113372653,0.337175205,-0.313685113,0.987016226,FALSE,FALSE,FALSE,TRUE,FALSE,FALSE,FALSE,FALSE,TRUE,FALSE,FALSE,-0.425010462
4850,,2023-05-17 0:00,1.059601041,0.0236603709,0.919701662,1.681584705,-0.313685113,0.986350735,FALSE,FALSE,FALSE,FALSE,TRUE,FALSE,FALSE,FALSE,TRUE,FALSE,FALSE,-0.370103159
5966,,2023-05-18 0:00,0.89708279,-0.0436381938,0.551910886,-0.260340128,-0.211254021,0.973341602,FALSE,FALSE,FALSE,FALSE,FALSE,TRUE,FALSE,FALSE,TRUE,FALSE,FALSE,-0.432854363
7478,,2023-05-19 0:00,0.669557238,-0.502109666,0.828779853,0.0384175385,-0.313685113,0.961427293,FALSE,FALSE,FALSE,FALSE,FALSE,FALSE,TRUE,FALSE,TRUE,FALSE,FALSE,-0.456386064
16102,,2023-05-20 0:00,0.572046287,-0.434811101,0.651284152,1.084069372,-0.313685113,0.943867133,TRUE,FALSE,FALSE,FALSE,FALSE,FALSE,FALSE,FALSE,TRUE,FALSE,FALSE,-0.472073865
15214,,2023-05-21 0:00,0.474535336,1.70612449,0.223491731,1.084069372,-0.297926483,0.919695048,FALSE,TRUE,FALSE,FALSE,FALSE,FALSE,FALSE,FALSE,TRUE,FALSE,FALSE,-0.472073865
4135,,2023-05-22 0:00,0.377024385,3.83023544,0.633115004,-0.559097795,-0.313685113,0.56248927,FALSE,FALSE,TRUE,FALSE,FALSE,FALSE,FALSE,FALSE,TRUE,FALSE,FALSE,-0.56620067
5286,,2023-05-23 0:00,0.247009784,1.222416056,0.820909795,-0.110961295,-0.313685113,0.555190413,FALSE,FALSE,FALSE,TRUE,FALSE,FALSE,FALSE,FALSE,TRUE,FALSE,FALSE,-0.464229964
6226,,2023-05-24 0:00,0.377024385,0.1582575,0.807905278,-0.409718961,-0.313685113,0.552700233,FALSE,FALSE,FALSE,FALSE,TRUE,FALSE,FALSE,FALSE,TRUE,FALSE,FALSE,-0.503449467
7652,,2023-05-25 0:00,0.572046287,-0.0562566747,0.906635709,0.187796372,-0.313685113,0.554653773,FALSE,FALSE,FALSE,FALSE,FALSE,TRUE,FALSE,FALSE,TRUE,FALSE,FALSE,-0.323039757
6831,,2023-05-26 0:00,0.669557238,-0.13617372,0.790407598,-0.260340128,-0.274288539,0.538918353,FALSE,FALSE,FALSE,FALSE,FALSE,FALSE,TRUE,FALSE,TRUE,FALSE,FALSE,-0.519137267
4392,,2023-05-27 0:00,0.637053588,-0.216090766,0.202065796,-0.857855462,2.191936972,0.426580459,TRUE,FALSE,FALSE,FALSE,FALSE,FALSE,FALSE,FALSE,TRUE,FALSE,FALSE,-0.519137267
23283,,2023-05-28 0:00,0.637053588,-1.011055062,0.0453507284,-0.708476628,2.979868445,0.357627766,FALSE,TRUE,FALSE,FALSE,FALSE,FALSE,FALSE,FALSE,TRUE,FALSE,FALSE,-0.503449467
15771,,2023-05-29 0:00,0.604549937,-0.897488734,0.644463503,-1.007234295,-0.132460874,0.491572825,FALSE,FALSE,TRUE,FALSE,FALSE,FALSE,FALSE,FALSE,TRUE,FALSE,FALSE,-0.519137267
4358,,2023-05-30 0:00,0.572046287,0.0404850121,0.896240779,-0.110961295,-0.313685113,0.486120149,FALSE,FALSE,FALSE,TRUE,FALSE,FALSE,FALSE,FALSE,TRUE,FALSE,FALSE,-0.417166562
7039,,2023-05-31 0:00,0.572046287,-0.291801651,0.885476896,0.337175205,-0.313685113,0.486055724,FALSE,FALSE,FALSE,FALSE,TRUE,FALSE,FALSE,FALSE,TRUE,FALSE,FALSE,-0.354415358
5057,,2023-06-01 0:00,0.539542637,0.14563902,0.809588681,-0.559097795,-0.313685113,0.486742656,FALSE,FALSE,FALSE,FALSE,FALSE,TRUE,FALSE,FALSE,FALSE,TRUE,FALSE,-0.38579096
4943,,2023-06-02 0:00,-0.0130194179,-0.178235323,0.439327927,0.0384175385,-0.313685113,0.514435319,FALSE,FALSE,FALSE,FALSE,FALSE,FALSE,TRUE,FALSE,FALSE,TRUE,FALSE,-0.401478761
16661,,2023-06-03 0:00,-0.0130194179,-0.0520505144,0.815503007,0.635932872,-0.313685113,0.816800947,TRUE,FALSE,FALSE,FALSE,FALSE,FALSE,FALSE,FALSE,FALSE,TRUE,FALSE,-0.495605566
18113,,2023-06-04 0:00,0.0194842324,0.0741342945,0.814087264,0.187796372,-0.313685113,1.063437731,FALSE,TRUE,FALSE,FALSE,FALSE,FALSE,FALSE,FALSE,FALSE,TRUE,FALSE,-0.432854363
9332,,2023-06-05 0:00,0.0194842324,-0.195059965,0.680966251,0.486554039,-0.313685113,1.729225212,FALSE,FALSE,TRUE,FALSE,FALSE,FALSE,FALSE,FALSE,FALSE,TRUE,FALSE,-0.330883657
19754,,2023-06-06 0:00,-0.0130194179,-0.607263674,0.486298051,0.486554039,-0.313685113,1.874751429,FALSE,FALSE,FALSE,TRUE,FALSE,FALSE,FALSE,FALSE,FALSE,TRUE,FALSE,-0.409322661
2314,,2023-06-07 0:00,-0.0780267185,-0.0310197129,0.565554619,-0.260340128,-0.313685113,1.8583934,FALSE,FALSE,FALSE,FALSE,TRUE,FALSE,FALSE,FALSE,FALSE,TRUE,FALSE,-0.338727558
2180,,2023-06-08 0:00,-0.0455230682,-0.569408231,0.400119139,0.187796372,-0.163978133,1.815179932,FALSE,FALSE,FALSE,FALSE,FALSE,TRUE,FALSE,FALSE,FALSE,TRUE,FALSE,-0.495605566
2712,,2023-06-09 0:00,-0.435566872,-0.451635743,0.895011603,-0.409718961,-0.219133336,1.734656447,FALSE,FALSE,FALSE,FALSE,FALSE,FALSE,TRUE,FALSE,FALSE,TRUE,FALSE,-0.393634861
6621,,2023-06-10 0:00,-0.435566872,-0.0184012321,0.81070578,0.0384175385,-0.250650595,1.464148161,TRUE,FALSE,FALSE,FALSE,FALSE,FALSE,FALSE,FALSE,FALSE,TRUE,FALSE,-0.534825068
7252,,2023-06-11 0:00,-0.468070522,-0.55678975,0.625319824,-0.110961295,2.223454231,1.241554661,FALSE,TRUE,FALSE,FALSE,FALSE,FALSE,FALSE,FALSE,FALSE,TRUE,FALSE,-0.511293367
2158,,2023-06-12 0:00,-0.468070522,-0.211884606,0.705251421,-0.857855462,-0.313685113,0.406186551,FALSE,FALSE,TRUE,FALSE,FALSE,FALSE,FALSE,FALSE,FALSE,TRUE,FALSE,-0.425010462
2238,,2023-06-13 0:00,-1.085639877,-0.333863254,0.691656059,-0.110961295,-0.313685113,0.239236079,FALSE,FALSE,FALSE,TRUE,FALSE,FALSE,FALSE,FALSE,FALSE,TRUE,FALSE,-0.38579096
1942,,2023-06-14 0:00,-0.955625276,-0.249740048,0.422668295,-1.156613128,2.097385195,0.221225095,FALSE,FALSE,FALSE,FALSE,TRUE,FALSE,FALSE,FALSE,FALSE,TRUE,FALSE,-0.330883657
2030,,2023-06-15 0:00,-0.890617976,-0.178235323,0.751142266,-0.260340128,-0.313685113,0.232774446,FALSE,FALSE,FALSE,FALSE,FALSE,TRUE,FALSE,FALSE,FALSE,TRUE,FALSE,-0.448542164
2162,,2023-06-16 0:00,-1.053136227,-0.350687896,0.929542358,-0.260340128,-0.313685113,0.248488425,FALSE,FALSE,FALSE,FALSE,FALSE,FALSE,TRUE,FALSE,FALSE,TRUE,FALSE,-0.417166562
7570,,2023-06-17 0:00,-0.955625276,-0.535758949,1.068838821,-0.409718961,-0.313685113,0.256452722,TRUE,FALSE,FALSE,FALSE,FALSE,FALSE,FALSE,FALSE,FALSE,TRUE,FALSE,-0.432854363
5725,,2023-06-18 0:00,-0.890617976,-0.325450934,1.194210406,-0.409718961,-0.313685113,0.231808371,FALSE,TRUE,FALSE,FALSE,FALSE,FALSE,FALSE,FALSE,FALSE,TRUE,FALSE,-0.456386064
967,,2023-06-19 0:00,-0.793107025,0.389596317,1.48227847,-0.110961295,-0.313685113,-0.357834866,FALSE,FALSE,TRUE,FALSE,FALSE,FALSE,FALSE,FALSE,FALSE,TRUE,FALSE,-0.393634861
1390,,2023-06-20 0:00,-0.890617976,0.0404850121,1.027039088,-0.559097795,0.19059103,-0.387545494,FALSE,FALSE,FALSE,TRUE,FALSE,FALSE,FALSE,FALSE,FALSE,TRUE,FALSE,-0.37794706
495,,2023-06-21 0:00,-0.468070522,-0.98161194,0.257194408,-0.260340128,1.648264256,-0.412941203,FALSE,FALSE,FALSE,FALSE,TRUE,FALSE,FALSE,FALSE,FALSE,TRUE,FALSE,-0.37794706
2088,,2023-06-22 0:00,-0.435566872,-0.657737597,0.65274722,-0.110961295,-0.313685113,-0.431188346,FALSE,FALSE,FALSE,FALSE,FALSE,TRUE,FALSE,FALSE,FALSE,TRUE,FALSE,-0.464229964
1713,,2023-06-23 0:00,-0.143034019,-0.0352258732,0.848559083,-1.156613128,-0.313685113,-0.453235158,FALSE,FALSE,FALSE,FALSE,FALSE,FALSE,TRUE,FALSE,FALSE,TRUE,FALSE,-0.37794706
5590,,2023-06-24 0:00,-0.110530369,0.120402058,1.122106834,-0.409718961,-0.313685113,-0.483933251,TRUE,FALSE,FALSE,FALSE,FALSE,FALSE,FALSE,FALSE,FALSE,TRUE,FALSE,-0.464229964
3946,,2023-06-25 0:00,-0.0780267185,-0.1277614,1.367814976,-0.260340128,-0.313685113,-0.505378998,FALSE,TRUE,FALSE,FALSE,FALSE,FALSE,FALSE,FALSE,FALSE,TRUE,FALSE,-0.432854363
375,,2023-06-26 0:00,-0.0455230682,-0.725036162,0.680766291,0.934690539,2.073747251,-0.662992121,FALSE,FALSE,TRUE,FALSE,FALSE,FALSE,FALSE,FALSE,FALSE,TRUE,FALSE,-0.362259259
15950,,2023-06-27 0:00,-0.27304862,-0.628294475,0.981146071,1.382827039,-0.116702244,-0.664215744,FALSE,FALSE,FALSE,TRUE,FALSE,FALSE,FALSE,FALSE,FALSE,TRUE,FALSE,-0.291664155
1011,,2023-06-28 0:00,0.0194842324,-0.232915407,1.048396405,0.337175205,-0.313685113,-0.666920591,FALSE,FALSE,FALSE,FALSE,TRUE,FALSE,FALSE,FALSE,FALSE,TRUE,FALSE,-0.213225151
131,,2023-06-29 0:00,0.344520735,-0.148792201,0.596991903,0.0384175385,4.713317686,-0.693454056,FALSE,FALSE,FALSE,FALSE,FALSE,TRUE,FALSE,FALSE,FALSE,TRUE,FALSE,-0.213225151
1794,,2023-06-30 0:00,0.409528036,-0.060462835,0.776992781,-0.708476628,-0.234891965,-0.711958798,FALSE,FALSE,FALSE,FALSE,FALSE,FALSE,TRUE,FALSE,FALSE,TRUE,FALSE,-0.283820255
2821,,2023-07-01 0:00,0.279513435,-0.300213972,1.174221876,-0.409718961,-0.313685113,-0.741690867,TRUE,FALSE,FALSE,FALSE,FALSE,FALSE,FALSE,FALSE,FALSE,TRUE,FALSE,-0.291664155
2872,,2023-07-02 0:00,0.182002484,-0.624088315,1.042947841,-0.559097795,-0.313685113,-0.749569349,FALSE,TRUE,FALSE,FALSE,FALSE,FALSE,FALSE,FALSE,FALSE,TRUE,FALSE,-0.275976354
545,,2023-07-03 0:00,0.0519878826,-0.144586041,1.372240541,-0.708476628,-0.313685113,-0.465513511,FALSE,FALSE,TRUE,FALSE,FALSE,FALSE,FALSE,FALSE,FALSE,TRUE,FALSE,-0.20538125
419,,2023-07-04 0:00,-0.143034019,-0.157204522,0.894194414,0.0384175385,4.555731392,-0.477706912,FALSE,FALSE,FALSE,TRUE,FALSE,FALSE,FALSE,FALSE,FALSE,TRUE,FALSE,-0.150473947
855,,2023-07-05 0:00,-0.20804132,-0.375924857,0.784773804,2.129721205,0.891850041,-0.479059335,FALSE,FALSE,FALSE,FALSE,TRUE,FALSE,FALSE,FALSE,FALSE,TRUE,FALSE,-0.189693449
795,,2023-07-06 0:00,-0.175537669,0.427451759,1.206612196,0.635932872,-0.313685113,-0.471696104,FALSE,FALSE,FALSE,FALSE,FALSE,TRUE,FALSE,FALSE,FALSE,TRUE,FALSE,-0.283820255
834,,2023-07-07 0:00,-0.0455230682,0.330710073,1.219663612,0.0384175385,-0.313685113,-0.47545284,FALSE,FALSE,FALSE,FALSE,FALSE,FALSE,TRUE,FALSE,FALSE,TRUE,FALSE,-0.134786147
4459,,2023-07-08 0:00,-0.0455230682,-0.943756497,0.969512794,-0.110961295,-0.313685113,-0.448769083,TRUE,FALSE,FALSE,FALSE,FALSE,FALSE,FALSE,FALSE,FALSE,TRUE,FALSE,-0.221069051
1053,,2023-07-09 0:00,-0.0780267185,-0.809159368,0.758182112,-0.409718961,3.428989385,-0.456583139,FALSE,TRUE,FALSE,FALSE,FALSE,FALSE,FALSE,FALSE,FALSE,TRUE,FALSE,-0.221069051
559,,2023-07-10 0:00,-0.0780267185,-0.119349079,0.992011834,0.0384175385,0.592436082,-0.885886966,FALSE,FALSE,TRUE,FALSE,FALSE,FALSE,FALSE,FALSE,FALSE,TRUE,FALSE,-0.174005649
430,,2023-07-11 0:00,-0.468070522,-0.657737597,0.563151127,-0.559097795,4.279955376,-0.887024723,FALSE,FALSE,FALSE,TRUE,FALSE,FALSE,FALSE,FALSE,FALSE,TRUE,FALSE,-0.134786147
923,,2023-07-12 0:00,-0.598085123,-0.472666544,0.868869267,-1.156613128,-0.258529909,-0.894667046,FALSE,FALSE,FALSE,FALSE,TRUE,FALSE,FALSE,FALSE,FALSE,TRUE,FALSE,-0.0563471422
132,,2023-07-13 0:00,-1.020632577,-0.485285025,0.703287338,-1.007234295,6.903767182,-0.907998153,FALSE,FALSE,FALSE,FALSE,FALSE,TRUE,FALSE,FALSE,FALSE,TRUE,FALSE,-0.213225151
166,,2023-07-14 0:00,-1.41067638,-0.788128566,0.592097451,0.934690539,5.414576697,-0.929272167,FALSE,FALSE,FALSE,FALSE,FALSE,FALSE,TRUE,FALSE,FALSE,TRUE,FALSE,-0.166161748
1324,,2023-07-15 0:00,-1.37817273,-0.514728147,0.650770842,1.084069372,-0.132460874,-0.970403347,TRUE,FALSE,FALSE,FALSE,FALSE,FALSE,FALSE,FALSE,FALSE,TRUE,FALSE,-0.268132454
1889,,2023-07-16 0:00,-1.37817273,-0.165616842,0.710035486,0.0384175385,0.450608416,-0.966710985,FALSE,TRUE,FALSE,FALSE,FALSE,FALSE,FALSE,FALSE,FALSE,TRUE,FALSE,-0.166161748
851,,2023-07-17 0:00,-1.34566908,-0.41798646,0.842344103,-0.857855462,-0.203374706,-0.638351987,FALSE,FALSE,TRUE,FALSE,FALSE,FALSE,FALSE,FALSE,FALSE,TRUE,FALSE,-0.111254445
392,,2023-07-18 0:00,-1.44318003,-0.872251772,0.790144376,-1.305991962,-0.132460874,-0.624591497,FALSE,FALSE,FALSE,TRUE,FALSE,FALSE,FALSE,FALSE,FALSE,TRUE,FALSE,-0.032815441
1244,,2023-07-19 0:00,-1.313165429,-0.296007812,1.101404625,-0.857855462,-0.313685113,-0.613535904,FALSE,FALSE,FALSE,FALSE,TRUE,FALSE,FALSE,FALSE,FALSE,TRUE,FALSE,-0.111254445
1042,,2023-07-20 0:00,-1.248158129,0.71767682,1.228983181,-0.708476628,-0.313685113,-0.598036591,FALSE,FALSE,FALSE,FALSE,FALSE,TRUE,FALSE,FALSE,FALSE,TRUE,FALSE,-0.150473947
2577,,2023-07-21 0:00,-0.760603374,1.083612766,1.440461596,-0.708476628,-0.313685113,-0.579081074,FALSE,FALSE,FALSE,FALSE,FALSE,FALSE,TRUE,FALSE,FALSE,TRUE,FALSE,-0.0563471422
2173,,2023-07-22 0:00,-0.793107025,-0.115142919,1.210274204,0.486554039,0.655470599,-0.574594422,TRUE,FALSE,FALSE,FALSE,FALSE,FALSE,FALSE,FALSE,FALSE,TRUE,FALSE,-0.181849549
392,,2023-07-23 0:00,-0.825610675,-1.040498184,0.711850708,-0.260340128,2.85379941,-0.586809264,FALSE,TRUE,FALSE,FALSE,FALSE,FALSE,FALSE,FALSE,FALSE,TRUE,FALSE,-0.174005649
1150,,2023-07-24 0:00,-0.858114325,-0.582026712,1.019442018,-0.409718961,-0.282167854,-0.932809156,FALSE,FALSE,TRUE,FALSE,FALSE,FALSE,FALSE,FALSE,FALSE,TRUE,FALSE,0.022091862
12014,,2023-07-25 0:00,-0.988128926,-0.70400536,1.140970588,0.635932872,0.127556512,-0.925145392,FALSE,FALSE,FALSE,TRUE,FALSE,FALSE,FALSE,FALSE,FALSE,TRUE,FALSE,-0.0641910427
1002,,2023-07-26 0:00,-0.988128926,-0.910107215,1.116137144,-0.110961295,-0.234891965,-0.91647262,FALSE,FALSE,FALSE,FALSE,TRUE,FALSE,FALSE,FALSE,FALSE,TRUE,FALSE,-0.0485032418
1014,,2023-07-27 0:00,-0.988128926,-0.586232872,1.229736373,-0.559097795,-0.313685113,-0.90651185,FALSE,FALSE,FALSE,FALSE,FALSE,TRUE,FALSE,FALSE,FALSE,TRUE,FALSE,-0.142630047
900,,2023-07-28 0:00,-0.988128926,-0.161410682,1.407248098,-0.260340128,-0.313685113,-0.899663766,FALSE,FALSE,FALSE,FALSE,FALSE,FALSE,TRUE,FALSE,FALSE,TRUE,FALSE,-0.032815441
1549,,2023-07-29 0:00,-0.988128926,-0.253946209,1.37105089,-0.409718961,-0.313685113,-0.899556459,TRUE,FALSE,FALSE,FALSE,FALSE,FALSE,FALSE,FALSE,FALSE,TRUE,FALSE,-0.126942246
1459,,2023-07-30 0:00,-1.020632577,-0.825984009,1.336465071,-0.559097795,1.65614357,-0.884357679,FALSE,TRUE,FALSE,FALSE,FALSE,FALSE,FALSE,FALSE,FALSE,TRUE,FALSE,-0.134786147
1290,,2023-07-31 0:00,-1.020632577,-0.220296926,1.281184618,-0.857855462,-0.290047168,-0.834279818,FALSE,FALSE,TRUE,FALSE,FALSE,FALSE,FALSE,FALSE,FALSE,TRUE,FALSE,-0.0406593414
1032,,2023-08-01 0:00,-0.825610675,-0.232915407,1.45647619,-0.559097795,-0.313685113,-0.834816458,FALSE,FALSE,FALSE,TRUE,FALSE,FALSE,FALSE,FALSE,FALSE,TRUE,FALSE,-0.0485032418
896,,2023-08-02 0:00,-0.30555227,-0.0436381938,1.481616745,-0.260340128,-0.313685113,-0.841278091,FALSE,FALSE,FALSE,FALSE,TRUE,FALSE,FALSE,FALSE,FALSE,TRUE,FALSE,0.0534674637
757,,2023-08-03 0:00,-0.24054497,-0.531552788,1.471302702,-0.260340128,-0.313685113,-0.846129651,FALSE,FALSE,FALSE,FALSE,FALSE,TRUE,FALSE,FALSE,FALSE,TRUE,FALSE,-0.126942246
715,,2023-08-04 0:00,0.0194842324,-0.586232872,1.513685921,-0.559097795,-0.313685113,-0.859374943,FALSE,FALSE,FALSE,FALSE,FALSE,FALSE,TRUE,FALSE,FALSE,TRUE,FALSE,-0.0249715405
1009,,2023-08-05 0:00,0.0194842324,-0.594645193,1.526876153,-0.409718961,-0.313685113,-0.871289252,TRUE,FALSE,FALSE,FALSE,FALSE,FALSE,FALSE,FALSE,FALSE,TRUE,FALSE,-0.119098346
841,,2023-08-06 0:00,-0.0130194179,-0.548377429,1.388544912,-0.857855462,0.0724013092,-0.88685299,FALSE,TRUE,FALSE,FALSE,FALSE,FALSE,FALSE,FALSE,FALSE,TRUE,FALSE,-0.0406593414
432,,2023-08-07 0:00,-0.0130194179,-0.994230421,1.54385886,0.635932872,-0.313685113,-0.365642064,FALSE,FALSE,TRUE,FALSE,FALSE,FALSE,FALSE,FALSE,FALSE,TRUE,FALSE,-0.0798788435
437,,2023-08-08 0:00,0.312017085,-1.112002909,1.68614799,0.934690539,-0.313685113,-0.338743691,FALSE,FALSE,FALSE,TRUE,FALSE,FALSE,FALSE,FALSE,FALSE,TRUE,FALSE,-0.683859176
614,,2023-08-09 0:00,0.344520735,-1.095178268,1.34538457,1.382827039,-0.297926483,-0.32352347,FALSE,FALSE,FALSE,FALSE,TRUE,FALSE,FALSE,FALSE,FALSE,TRUE,FALSE,0.131906468
54,,2023-08-10 0:00,0.312017085,-1.225569237,0.437911552,2.129721205,6.470404871,-0.328267722,FALSE,FALSE,FALSE,FALSE,FALSE,TRUE,FALSE,FALSE,FALSE,TRUE,FALSE,0.0299357624
400,,2023-08-11 0:00,0.539542637,-0.754479284,0.554484968,0.0384175385,3.365954867,-0.304052704,FALSE,FALSE,FALSE,FALSE,FALSE,FALSE,TRUE,FALSE,FALSE,TRUE,FALSE,-0.0641910427
4591,,2023-08-12 0:00,0.637053588,-0.640912956,0.560279041,-0.559097795,-0.195495392,-0.234584812,TRUE,FALSE,FALSE,FALSE,FALSE,FALSE,FALSE,FALSE,FALSE,TRUE,FALSE,-0.119098346
5847,,2023-08-13 0:00,0.702060888,-0.253946209,1.104359004,-0.857855462,-0.313685113,-0.16629761,FALSE,TRUE,FALSE,FALSE,FALSE,FALSE,FALSE,FALSE,FALSE,TRUE,FALSE,-0.417166562
1573,,2023-08-14 0:00,0.799571839,0.259205348,1.232117855,-1.007234295,-0.313685113,-0.134161177,FALSE,FALSE,TRUE,FALSE,FALSE,FALSE,FALSE,FALSE,FALSE,TRUE,FALSE,0.0691552646
3626,,2023-08-15 0:00,0.92958644,-0.367512537,1.329713936,0.0384175385,-0.313685113,-0.134762242,FALSE,FALSE,FALSE,TRUE,FALSE,FALSE,FALSE,FALSE,FALSE,TRUE,FALSE,-0.032815441
1430,,2023-08-16 0:00,1.059601041,-0.645119116,1.193355003,-0.260340128,-0.290047168,-0.145860769,FALSE,FALSE,FALSE,FALSE,TRUE,FALSE,FALSE,FALSE,FALSE,TRUE,FALSE,0.0456235633
747,,2023-08-17 0:00,1.157111992,-0.392749498,1.270823518,-0.857855462,-0.313685113,-0.130211164,FALSE,FALSE,FALSE,FALSE,FALSE,TRUE,FALSE,FALSE,FALSE,TRUE,FALSE,-0.0955666444
523,,2023-08-18 0:00,0.962090091,0.0404850121,1.37105089,-0.559097795,-0.305805798,-0.129309566,FALSE,FALSE,FALSE,FALSE,FALSE,FALSE,TRUE,FALSE,FALSE,TRUE,FALSE,-0.0877227439
1969,,2023-08-19 0:00,0.994593741,-0.249740048,1.409119737,-0.559097795,-0.313685113,-0.161660614,TRUE,FALSE,FALSE,FALSE,FALSE,FALSE,FALSE,FALSE,FALSE,TRUE,FALSE,-0.0641910427
2441,,2023-08-20 0:00,1.059601041,-0.321244773,1.295128981,-1.007234295,-0.313685113,-0.201654037,FALSE,TRUE,FALSE,FALSE,FALSE,FALSE,FALSE,FALSE,FALSE,TRUE,FALSE,-0.174005649
615,,2023-08-21 0:00,1.092104692,-0.401161819,1.438089204,0.187796372,-0.313685113,0.50285594,FALSE,FALSE,TRUE,FALSE,FALSE,FALSE,FALSE,FALSE,FALSE,TRUE,FALSE,-0.00928373968
398,,2023-08-22 0:00,0.962090091,-0.603057513,1.123352792,0.187796372,3.042902963,0.467155995,FALSE,FALSE,FALSE,TRUE,FALSE,FALSE,FALSE,FALSE,FALSE,TRUE,FALSE,-0.0563471422
273,,2023-08-23 0:00,0.962090091,-1.019467383,0.708131691,-0.110961295,2.979868445,0.457345466,FALSE,FALSE,FALSE,FALSE,TRUE,FALSE,FALSE,FALSE,FALSE,TRUE,FALSE,0.00640406117
588,,2023-08-24 0:00,0.442031686,-1.141446031,0.818019224,0.785311705,0.0960392534,0.44888736,FALSE,FALSE,FALSE,FALSE,FALSE,TRUE,FALSE,FALSE,FALSE,TRUE,FALSE,-0.103410545
832,,2023-08-25 0:00,0.572046287,-0.6997992,1.042335857,0.486554039,-0.313685113,0.456765842,FALSE,FALSE,FALSE,FALSE,FALSE,FALSE,TRUE,FALSE,FALSE,TRUE,FALSE,-0.158317848
5372,,2023-08-26 0:00,0.539542637,0.179288302,1.100273314,-0.708476628,-0.313685113,0.482397658,TRUE,FALSE,FALSE,FALSE,FALSE,FALSE,FALSE,FALSE,FALSE,TRUE,FALSE,-0.0877227439
9460,,2023-08-27 0:00,0.507038987,-0.228709247,1.037631039,-0.708476628,-0.313685113,0.511807753,FALSE,TRUE,FALSE,FALSE,FALSE,FALSE,FALSE,FALSE,FALSE,TRUE,FALSE,-0.0485032418
302,,2023-08-28 0:00,0.474535336,-0.813365528,0.543238478,1.532205872,0.505763619,0.377722715,FALSE,FALSE,TRUE,FALSE,FALSE,FALSE,FALSE,FALSE,FALSE,TRUE,FALSE,-0.0171276401
203,,2023-08-29 0:00,0.442031686,-0.876457933,0.6381762,-0.260340128,4.00417936,0.387146794,FALSE,FALSE,FALSE,TRUE,FALSE,FALSE,FALSE,FALSE,FALSE,TRUE,FALSE,-0.0563471422
557,,2023-08-30 0:00,0.442031686,-0.636706796,0.547090103,-1.754128462,-0.037909097,0.407605026,FALSE,FALSE,FALSE,FALSE,TRUE,FALSE,FALSE,FALSE,FALSE,TRUE,FALSE,-0.738766479
1374,,2023-08-31 0:00,0.539542637,-0.523140468,0.794966285,-1.455370795,-0.313685113,0.431755619,FALSE,FALSE,FALSE,FALSE,FALSE,TRUE,FALSE,FALSE,FALSE,TRUE,FALSE,-0.338727558
1401,,2023-09-01 0:00,0.377024385,-0.359100216,0.9323,-0.409718961,-0.313685113,0.470310752,FALSE,FALSE,FALSE,FALSE,FALSE,FALSE,TRUE,FALSE,FALSE,FALSE,TRUE,1.198676926
10082,,2023-09-02 0:00,0.377024385,-0.211884606,1.103481872,-1.007234295,-0.313685113,0.526554844,TRUE,FALSE,FALSE,FALSE,FALSE,FALSE,FALSE,FALSE,FALSE,FALSE,TRUE,1.065330619
6528,,2023-09-03 0:00,0.344520735,-0.674562238,0.973630677,-0.110961295,-0.305805798,0.540229468,FALSE,TRUE,FALSE,FALSE,FALSE,FALSE,FALSE,FALSE,FALSE,FALSE,TRUE,1.104550121
1689,,2023-09-04 0:00,0.344520735,-0.716623841,1.068125284,-0.708476628,-0.290047168,0.20030481,FALSE,FALSE,TRUE,FALSE,FALSE,FALSE,FALSE,FALSE,FALSE,FALSE,TRUE,1.065330619
974,,2023-09-05 0:00,0.669557238,-0.725036162,1.342482881,-0.708476628,-0.313685113,0.211467762,FALSE,FALSE,FALSE,TRUE,FALSE,FALSE,FALSE,FALSE,FALSE,FALSE,TRUE,1.08886232
1017,,2023-09-06 0:00,0.832075489,-0.645119116,1.33578467,0.187796372,-0.313685113,0.207582226,FALSE,FALSE,FALSE,FALSE,TRUE,FALSE,FALSE,FALSE,FALSE,FALSE,TRUE,1.128081822
1141,,2023-09-07 0:00,0.92958644,-0.661943758,1.302754126,0.337175205,-0.313685113,0.201099152,FALSE,FALSE,FALSE,FALSE,FALSE,TRUE,FALSE,FALSE,FALSE,FALSE,TRUE,1.159457424
1705,,2023-09-08 0:00,0.86457914,-0.6997992,1.137622845,0.0384175385,-0.313685113,0.184869923,FALSE,FALSE,FALSE,FALSE,FALSE,FALSE,TRUE,FALSE,FALSE,FALSE,TRUE,1.230052528
8358,,2023-09-09 0:00,0.86457914,-0.161410682,1.11371861,-0.708476628,-0.313685113,0.169027144,TRUE,FALSE,FALSE,FALSE,FALSE,FALSE,FALSE,FALSE,FALSE,FALSE,TRUE,1.120237922
9018,,2023-09-10 0:00,0.86457914,0.0320726915,1.081887404,-1.007234295,-0.313685113,0.176755334,FALSE,TRUE,FALSE,FALSE,FALSE,FALSE,FALSE,FALSE,FALSE,FALSE,TRUE,1.08101842
1391,,2023-09-11 0:00,0.86457914,-0.178235323,1.071844586,-0.559097795,-0.313685113,0.106589331,FALSE,FALSE,TRUE,FALSE,FALSE,FALSE,FALSE,FALSE,FALSE,FALSE,TRUE,1.112394021
1124,,2023-09-12 0:00,0.637053588,-0.228709247,1.061164069,-1.156613128,-0.313685113,0.109873802,FALSE,FALSE,FALSE,TRUE,FALSE,FALSE,FALSE,FALSE,FALSE,FALSE,TRUE,0.7280429
716,,2023-09-13 0:00,0.669557238,-0.523140468,0.520310122,-0.708476628,0.93912593,0.10382006,FALSE,FALSE,FALSE,FALSE,TRUE,FALSE,FALSE,FALSE,FALSE,FALSE,TRUE,1.159457424
2969,,2023-09-14 0:00,0.604549937,-1.065735146,0.800814124,0.187796372,-0.313685113,0.0948467549,FALSE,FALSE,FALSE,FALSE,FALSE,TRUE,FALSE,FALSE,FALSE,FALSE,TRUE,1.112394021
535,,2023-09-15 0:00,0.637053588,-1.027879703,0.567866771,0.486554039,-0.148219503,0.0598551839,FALSE,FALSE,FALSE,FALSE,FALSE,FALSE,TRUE,FALSE,FALSE,FALSE,TRUE,1.292803731
4664,,2023-09-16 0:00,0.637053588,-0.960581139,0.660398417,-0.857855462,2.735609689,0.000326569744,TRUE,FALSE,FALSE,FALSE,FALSE,FALSE,FALSE,FALSE,FALSE,FALSE,TRUE,1.151613523
7474,,2023-09-17 0:00,0.637053588,-0.817571688,0.777824631,-1.305991962,-0.0773056707,-0.00780951137,FALSE,TRUE,FALSE,FALSE,FALSE,FALSE,FALSE,FALSE,FALSE,FALSE,TRUE,1.159457424
1782,,2023-09-18 0:00,0.637053588,-0.687180719,0.847801104,-0.559097795,-0.313685113,0.0702134803,FALSE,FALSE,TRUE,FALSE,FALSE,FALSE,FALSE,FALSE,FALSE,FALSE,TRUE,1.143769623
2269,,2023-09-19 0:00,0.702060888,-0.380131018,0.763147823,-1.007234295,-0.313685113,0.0752582652,FALSE,FALSE,FALSE,TRUE,FALSE,FALSE,FALSE,FALSE,FALSE,FALSE,TRUE,1.112394021
459,,2023-09-20 0:00,0.734564539,-0.569408231,0.295098016,0.635932872,2.507109561,0.0867217501,FALSE,FALSE,FALSE,FALSE,TRUE,FALSE,FALSE,FALSE,FALSE,FALSE,TRUE,1.206520826
3053,,2023-09-21 0:00,1.027097391,-1.044704345,0.49175415,0.0384175385,-0.313685113,0.116153286,FALSE,FALSE,FALSE,FALSE,FALSE,TRUE,FALSE,FALSE,FALSE,FALSE,TRUE,1.245740329
3056,,2023-09-22 0:00,1.027097391,-0.632500635,0.563066882,-0.857855462,-0.313685113,0.179159545,FALSE,FALSE,FALSE,FALSE,FALSE,FALSE,TRUE,FALSE,FALSE,FALSE,TRUE,1.371242735
13095,,2023-09-23 0:00,0.994593741,-0.674562238,0.748229555,0.337175205,-0.313685113,0.278123399,TRUE,FALSE,FALSE,FALSE,FALSE,FALSE,FALSE,FALSE,FALSE,FALSE,TRUE,1.214364727
15138,,2023-09-24 0:00,0.962090091,-0.968993459,0.842182566,0.934690539,-0.313685113,0.336385406,FALSE,TRUE,FALSE,FALSE,FALSE,FALSE,FALSE,FALSE,FALSE,FALSE,TRUE,1.230052528
1631,,2023-09-25 0:00,0.92958644,-0.964787299,0.697132456,0.0384175385,-0.163978133,1.096388118,FALSE,FALSE,TRUE,FALSE,FALSE,FALSE,FALSE,FALSE,FALSE,FALSE,TRUE,1.261428129
374,,2023-09-26 0:00,1.482148495,-1.196126115,0.155886482,0.187796372,1.876764383,1.106048406,FALSE,FALSE,FALSE,TRUE,FALSE,FALSE,FALSE,FALSE,FALSE,FALSE,TRUE,1.230052528
788,,2023-09-27 0:00,1.417141195,-1.057322825,0.389737086,-0.708476628,0.0330047356,1.172060044,FALSE,FALSE,FALSE,FALSE,TRUE,FALSE,FALSE,FALSE,FALSE,FALSE,TRUE,1.543808545
11864,,2023-09-28 0:00,1.482148495,0.389596317,0.657772302,-0.409718961,-0.313685113,1.301829349,FALSE,FALSE,FALSE,FALSE,FALSE,TRUE,FALSE,FALSE,FALSE,FALSE,TRUE,1.708530454
20239,,2023-09-29 0:00,1.514652145,0.00683572973,0.709362792,-1.305991962,-0.313685113,1.459248434,FALSE,FALSE,FALSE,FALSE,FALSE,FALSE,TRUE,FALSE,FALSE,FALSE,TRUE,1.418306138
13801,,2023-09-30 0:00,1.579659446,-0.371718697,0.374518207,-0.110961295,0.0408840503,1.541661034,TRUE,FALSE,FALSE,FALSE,FALSE,FALSE,FALSE,FALSE,FALSE,FALSE,TRUE,1.347711034
22044,,2023-10-01 0:00,1.612163096,-0.354894056,0.469124779,0.187796372,-0.313685113,1.749785619,FALSE,TRUE,FALSE,FALSE,FALSE,FALSE,FALSE,FALSE,FALSE,FALSE,TRUE,1.441837839
23408,,2023-10-02 0:00,1.677170397,-0.729242322,0.5226413,-0.857855462,-0.313685113,2.010461935,FALSE,FALSE,TRUE,FALSE,FALSE,FALSE,FALSE,FALSE,FALSE,FALSE,TRUE,1.371242735
15126,,2023-10-03 0:00,1.709674047,-0.628294475,0.292944021,-0.857855462,-0.313685113,2.098778035,FALSE,FALSE,FALSE,TRUE,FALSE,FALSE,FALSE,FALSE,FALSE,FALSE,TRUE,1.300647632
3061,,2023-10-04 0:00,1.774681348,-0.569408231,0.154341278,-0.260340128,0.844574153,2.071986971,FALSE,FALSE,FALSE,FALSE,TRUE,FALSE,FALSE,FALSE,FALSE,FALSE,TRUE,1.316335432
2908,,2023-10-05 0:00,1.384637544,-0.169823003,0.232919358,0.486554039,-0.313685113,1.960271584,FALSE,FALSE,FALSE,FALSE,FALSE,TRUE,FALSE,FALSE,FALSE,FALSE,TRUE,1.355554935
4154,,2023-10-06 0:00,1.319630244,-0.535758949,0.238950701,-1.007234295,-0.313685113,1.824169445,FALSE,FALSE,FALSE,FALSE,FALSE,FALSE,TRUE,FALSE,FALSE,FALSE,TRUE,1.418306138
14177,,2023-10-07 0:00,1.352133894,-0.502109666,0.271670198,-0.260340128,-0.313685113,1.765306373,TRUE,FALSE,FALSE,FALSE,FALSE,FALSE,FALSE,FALSE,FALSE,FALSE,TRUE,1.441837839
16657,,2023-10-08 0:00,1.384637544,-0.952168818,0.243042187,0.337175205,-0.313685113,1.633132755,FALSE,TRUE,FALSE,FALSE,FALSE,FALSE,FALSE,FALSE,FALSE,FALSE,TRUE,1.253584229
15218,,2023-10-09 0:00,1.417141195,-0.935344177,0.259822341,-0.559097795,-0.219133336,0.953982412,FALSE,FALSE,TRUE,FALSE,FALSE,FALSE,FALSE,FALSE,FALSE,FALSE,TRUE,1.379086636
2761,,2023-10-10 0:00,1.449644845,-0.611469834,0.243042187,-1.007234295,-0.313685113,0.888013657,FALSE,FALSE,FALSE,TRUE,FALSE,FALSE,FALSE,FALSE,FALSE,FALSE,TRUE,1.292803731
3679,,2023-10-11 0:00,1.027097391,-0.460048063,0.416263572,-0.857855462,-0.313685113,0.884772119,FALSE,FALSE,FALSE,FALSE,TRUE,FALSE,FALSE,FALSE,FALSE,FALSE,TRUE,1.347711034
3844,,2023-10-12 0:00,1.124608342,-0.304420132,0.343248133,-1.156613128,-0.313685113,0.882754205,FALSE,FALSE,FALSE,FALSE,FALSE,TRUE,FALSE,FALSE,FALSE,FALSE,TRUE,1.371242735
4995,,2023-10-13 0:00,1.417141195,-0.00578275116,0.250379004,-1.156613128,-0.313685113,0.838682022,FALSE,FALSE,FALSE,FALSE,FALSE,FALSE,TRUE,FALSE,FALSE,FALSE,TRUE,1.339867134
3007,,2023-10-14 0:00,1.449644845,-0.27918317,-0.22835423,-1.305991962,0.143315142,0.747875741,TRUE,FALSE,FALSE,FALSE,FALSE,FALSE,FALSE,FALSE,FALSE,FALSE,TRUE,1.300647632
16859,,2023-10-15 0:00,1.482148495,-0.41798646,-0.0238659128,-0.409718961,-0.313685113,0.668168038,FALSE,TRUE,FALSE,FALSE,FALSE,FALSE,FALSE,FALSE,FALSE,FALSE,TRUE,1.237896428
3380,,2023-10-16 0:00,1.514652145,0.393802477,0.138261428,0.187796372,-0.313685113,0.107409331,FALSE,FALSE,TRUE,FALSE,FALSE,FALSE,FALSE,FALSE,FALSE,FALSE,TRUE,1.284959831
5117,,2023-10-17 0:00,1.482148495,-0.0436381938,0.0684900705,-1.007234295,-0.313685113,0.104983526,FALSE,FALSE,FALSE,TRUE,FALSE,FALSE,FALSE,FALSE,FALSE,FALSE,TRUE,1.198676926
5465,,2023-10-18 0:00,1.384637544,-0.0941121174,0.105806935,-0.260340128,-0.313685113,0.108010397,FALSE,FALSE,FALSE,FALSE,TRUE,FALSE,FALSE,FALSE,FALSE,FALSE,TRUE,1.316335432
1118,,2023-10-19 0:00,1.612163096,-0.190853804,0.0338445756,-1.156613128,0.332418695,0.0916094856,FALSE,FALSE,FALSE,FALSE,FALSE,TRUE,FALSE,FALSE,FALSE,FALSE,TRUE,1.379086636
6287,,2023-10-20 0:00,1.514652145,-0.55678975,-0.0303807163,1.382827039,-0.313685113,0.118744067,FALSE,FALSE,FALSE,FALSE,FALSE,FALSE,TRUE,FALSE,FALSE,FALSE,TRUE,1.371242735
12618,,2023-10-21 0:00,1.514652145,-0.674562238,-0.253779029,0.0384175385,-0.227012651,0.168741193,TRUE,FALSE,FALSE,FALSE,FALSE,FALSE,FALSE,FALSE,FALSE,FALSE,TRUE,1.230052528
15168,,2023-10-22 0:00,1.547155796,-0.455841903,-0.214828878,-0.857855462,-0.313685113,0.164877047,FALSE,TRUE,FALSE,FALSE,FALSE,FALSE,FALSE,FALSE,FALSE,FALSE,TRUE,1.245740329
3183,,2023-10-23 0:00,1.547155796,-0.182441484,-0.0327282208,-0.857855462,-0.313685113,0.772740855,FALSE,FALSE,TRUE,FALSE,FALSE,FALSE,FALSE,FALSE,FALSE,FALSE,TRUE,1.284959831
3832,,2023-10-24 0:00,1.254622943,-0.0310197129,-0.0543079388,-0.857855462,-0.313685113,0.777506599,FALSE,FALSE,FALSE,TRUE,FALSE,FALSE,FALSE,FALSE,FALSE,FALSE,TRUE,1.284959831
4366,,2023-10-25 0:00,1.352133894,0.0362788518,0.0443367446,-1.305991962,-0.313685113,0.789785867,FALSE,FALSE,FALSE,FALSE,TRUE,FALSE,FALSE,FALSE,FALSE,FALSE,TRUE,1.410462238
4150,,2023-10-26 0:00,1.644666746,0.625141293,0.0939677884,-0.260340128,-0.313685113,0.812927503,FALSE,FALSE,FALSE,FALSE,FALSE,TRUE,FALSE,FALSE,FALSE,FALSE,TRUE,1.426150038
6039,,2023-10-27 0:00,1.547155796,-0.232915407,0.0522856621,-0.559097795,-0.313685113,0.858459418,FALSE,FALSE,FALSE,FALSE,FALSE,FALSE,TRUE,FALSE,FALSE,FALSE,TRUE,1.418306138
20841,,2023-10-28 0:00,1.514652145,0.0404850121,0.0114359744,-1.305991962,-0.313685113,0.947054559,TRUE,FALSE,FALSE,FALSE,FALSE,FALSE,FALSE,FALSE,FALSE,FALSE,TRUE,1.300647632
32527,,2023-10-29 0:00,1.514652145,-0.199266125,0.0975123418,-0.857855462,-0.313685113,0.9985544,FALSE,TRUE,FALSE,FALSE,FALSE,FALSE,FALSE,FALSE,FALSE,FALSE,TRUE,1.347711034
4739,,2023-10-30 0:00,1.482148495,0.326503912,-0.0190914227,-0.857855462,-0.313685113,0.581229257,FALSE,FALSE,TRUE,FALSE,FALSE,FALSE,FALSE,FALSE,FALSE,FALSE,TRUE,1.245740329
3830,,2023-10-31 0:00,1.449644845,0.536811927,0.0681023049,-0.708476628,-0.313685113,0.571246995,FALSE,FALSE,FALSE,TRUE,FALSE,FALSE,FALSE,FALSE,FALSE,FALSE,TRUE,1.222208627
3047,,2023-11-01 0:00,1.579659446,0.498956484,0.243358453,0.187796372,-0.313685113,0.54617326,FALSE,FALSE,FALSE,FALSE,TRUE,FALSE,FALSE,FALSE,FALSE,FALSE,TRUE,1.292803731
4554,,2023-11-02 0:00,1.124608342,0.221349905,0.561254238,0.934690539,-0.313685113,0.53372226,FALSE,FALSE,FALSE,FALSE,FALSE,TRUE,FALSE,FALSE,FALSE,FALSE,TRUE,1.292803731
2612,,2023-11-03 0:00,0.409528036,-0.0983182777,0.274383525,0.785311705,0.35605664,0.48222247,FALSE,FALSE,FALSE,FALSE,FALSE,FALSE,TRUE,FALSE,FALSE,FALSE,TRUE,1.379086636
16512,,2023-11-04 0:00,0.214506134,0.671409057,0.164309596,0.486554039,-0.313685113,0.403523724,TRUE,FALSE,FALSE,FALSE,FALSE,FALSE,FALSE,FALSE,FALSE,FALSE,TRUE,1.253584229
2015,,2023-11-05 0:00,0.0194842324,-0.868045612,0.00580997552,1.532205872,0.505763619,0.266455613,FALSE,TRUE,FALSE,FALSE,FALSE,FALSE,FALSE,FALSE,FALSE,FALSE,TRUE,1.324179333
670,,2023-11-06 0:00,-0.175537669,-0.565202071,-0.369047398,3.922267205,3.295041034,-0.0344785846,FALSE,FALSE,TRUE,FALSE,FALSE,FALSE,FALSE,FALSE,FALSE,FALSE,TRUE,1.002579415
1894,,2023-11-07 0:00,0.0194842324,-0.611469834,-0.811196891,1.382827039,-0.313685113,-0.0697277551,FALSE,FALSE,FALSE,TRUE,FALSE,FALSE,FALSE,FALSE,FALSE,FALSE,TRUE,1.284959831
2199,,2023-11-08 0:00,0.0844915329,-0.460048063,-0.453674719,-0.857855462,-0.313685113,-0.0956601546,FALSE,FALSE,FALSE,FALSE,TRUE,FALSE,FALSE,FALSE,FALSE,FALSE,TRUE,1.300647632
1932,,2023-11-09 0:00,0.0844915329,-0.195059965,-0.401568515,-0.260340128,0.0881599387,-0.132132948,FALSE,FALSE,FALSE,FALSE,FALSE,TRUE,FALSE,FALSE,FALSE,FALSE,TRUE,1.347711034
2067,,2023-11-10 0:00,0.377024385,-0.70400536,-0.915047303,2.428478872,-0.313685113,-0.188248241,FALSE,FALSE,FALSE,FALSE,FALSE,FALSE,TRUE,FALSE,FALSE,FALSE,TRUE,1.300647632
4012,,2023-11-11 0:00,0.442031686,-0.628294475,-1.007050559,-0.110961295,-0.313685113,-0.294682685,TRUE,FALSE,FALSE,FALSE,FALSE,FALSE,FALSE,FALSE,FALSE,FALSE,TRUE,1.230052528
3466,,2023-11-12 0:00,0.539542637,-0.628294475,-1.140108126,-0.110961295,-0.313685113,-0.246596115,FALSE,TRUE,FALSE,FALSE,FALSE,FALSE,FALSE,FALSE,FALSE,FALSE,TRUE,1.386930536
734,,2023-11-13 0:00,0.604549937,-0.434811101,-1.064708562,0.0384175385,-0.313685113,-0.64690287,FALSE,FALSE,TRUE,FALSE,FALSE,FALSE,FALSE,FALSE,FALSE,FALSE,TRUE,1.292803731
2941,,2023-11-14 0:00,0.702060888,-0.338069415,-0.940366645,-0.857855462,-0.313685113,-0.653707969,FALSE,FALSE,FALSE,TRUE,FALSE,FALSE,FALSE,FALSE,FALSE,FALSE,TRUE,1.182989125
1223,,2023-11-15 0:00,-0.143034019,0.364359355,-0.815793074,-1.156613128,-0.313685113,-0.665600787,FALSE,FALSE,FALSE,FALSE,TRUE,FALSE,FALSE,FALSE,FALSE,FALSE,TRUE,1.26927203
270,,2023-11-16 0:00,-0.30555227,0.398008637,-1.043748705,-0.559097795,0.348177325,-0.6872612,FALSE,FALSE,FALSE,FALSE,FALSE,TRUE,FALSE,FALSE,FALSE,FALSE,TRUE,1.347711034
1028,,2023-11-17 0:00,-0.30555227,-0.636706796,-1.17947999,0.934690539,-0.313685113,-0.707547749,FALSE,FALSE,FALSE,FALSE,FALSE,FALSE,TRUE,FALSE,FALSE,FALSE,TRUE,1.386930536
2146,,2023-11-18 0:00,-0.403063221,-0.523140468,-1.272020549,1.830963539,-0.313685113,-0.720814481,TRUE,FALSE,FALSE,FALSE,FALSE,FALSE,FALSE,FALSE,FALSE,FALSE,TRUE,1.46536954
4039,,2023-11-19 0:00,-0.500574172,0.259205348,-0.881963563,0.187796372,-0.313685113,-0.784035457,FALSE,TRUE,FALSE,FALSE,FALSE,FALSE,FALSE,FALSE,FALSE,FALSE,TRUE,1.418306138
946,,2023-11-20 0:00,-0.598085123,-0.152998362,-0.714887118,-1.156613128,-0.313685113,-0.694425313,FALSE,FALSE,TRUE,FALSE,FALSE,FALSE,FALSE,FALSE,FALSE,FALSE,TRUE,1.308491532
1128,,2023-11-21 0:00,-0.468070522,0.0657219739,-0.613564848,-0.857855462,-0.313685113,-0.708636577,FALSE,FALSE,FALSE,TRUE,FALSE,FALSE,FALSE,FALSE,FALSE,FALSE,TRUE,1.222208627
1257,,2023-11-22 0:00,-0.20804132,0.313885431,-0.522625129,-0.708476628,-0.313685113,-0.723556265,FALSE,FALSE,FALSE,FALSE,TRUE,FALSE,FALSE,FALSE,FALSE,FALSE,TRUE,1.371242735
903,,2023-11-23 0:00,-0.24054497,2.379110137,-0.523672405,1.532205872,-0.305805798,-0.729438274,FALSE,FALSE,FALSE,FALSE,FALSE,TRUE,FALSE,FALSE,FALSE,FALSE,TRUE,1.418306138
447,,2023-11-24 0:00,-0.0455230682,-0.754479284,-1.375112545,2.279100039,-0.313685113,-0.740236268,FALSE,FALSE,FALSE,FALSE,FALSE,FALSE,TRUE,FALSE,FALSE,FALSE,TRUE,1.481057341
1326,,2023-11-25 0:00,-0.0455230682,-0.670356078,-1.224883908,-0.708476628,-0.313685113,-0.75637963,TRUE,FALSE,FALSE,FALSE,FALSE,FALSE,FALSE,FALSE,FALSE,FALSE,TRUE,1.363398835
23604,,2023-11-26 0:00,-0.0780267185,-0.4137803,-0.722784778,-1.305991962,-0.313685113,-0.774862881,FALSE,TRUE,FALSE,FALSE,FALSE,FALSE,FALSE,FALSE,FALSE,FALSE,TRUE,1.332023233
276,,2023-11-27 0:00,-0.0780267185,0.183494462,-1.054813648,0.187796372,-0.0300297823,-1.070768654,FALSE,FALSE,TRUE,FALSE,FALSE,FALSE,FALSE,FALSE,FALSE,FALSE,TRUE,1.300647632
607,,2023-11-28 0:00,-0.403063221,-0.1277614,-1.183229109,1.382827039,-0.313685113,-1.078496894,FALSE,FALSE,FALSE,TRUE,FALSE,FALSE,FALSE,FALSE,FALSE,FALSE,TRUE,1.27711593
316,,2023-11-29 0:00,-0.565581473,-0.729242322,-1.468519176,0.337175205,-0.313685113,-1.087234041,FALSE,FALSE,FALSE,FALSE,TRUE,FALSE,FALSE,FALSE,FALSE,FALSE,TRUE,1.386930536
208,,2023-11-30 0:00,-0.500574172,-0.6997992,-1.599714452,0.785311705,-0.313685113,-1.053358785,FALSE,FALSE,FALSE,FALSE,FALSE,TRUE,FALSE,FALSE,FALSE,FALSE,TRUE,1.426150038
277,,2023-12-01 0:00,-0.0455230682,-0.493697346,-1.592496548,-0.409718961,-0.313685113,-1.026009538,FALSE,FALSE,FALSE,FALSE,FALSE,FALSE,TRUE,TRUE,FALSE,FALSE,FALSE,1.567340246
1150,,2023-12-02 0:00,-0.0780267185,-0.00578275116,-1.161522449,0.187796372,-0.313685113,-1.007676528,TRUE,FALSE,FALSE,FALSE,FALSE,FALSE,FALSE,TRUE,FALSE,FALSE,FALSE,1.418306138
1590,,2023-12-03 0:00,-0.0780267185,0.14563902,-1.215084115,-0.857855462,-0.313685113,-0.988549228,FALSE,TRUE,FALSE,FALSE,FALSE,FALSE,FALSE,TRUE,FALSE,FALSE,FALSE,1.379086636
554,,2023-12-04 0:00,-0.110530369,0.271823828,-1.074203114,-1.007234295,-0.313685113,-1.051845706,FALSE,FALSE,TRUE,FALSE,FALSE,FALSE,FALSE,TRUE,FALSE,FALSE,FALSE,1.363398835
542,,2023-12-05 0:00,0.149498833,0.28864847,-0.614495265,-0.409718961,-0.313685113,-1.047745452,FALSE,FALSE,FALSE,TRUE,FALSE,FALSE,FALSE,TRUE,FALSE,FALSE,FALSE,1.284959831
318,,2023-12-06 0:00,0.247009784,1.243446857,-0.970440193,0.0384175385,-0.0142711528,-1.035595035,FALSE,FALSE,FALSE,FALSE,TRUE,FALSE,FALSE,TRUE,FALSE,FALSE,FALSE,1.371242735
553,,2023-12-07 0:00,0.604549937,1.180354453,-0.753108676,0.486554039,-0.313685113,-1.063244765,FALSE,FALSE,FALSE,FALSE,FALSE,TRUE,FALSE,TRUE,FALSE,FALSE,FALSE,1.535964644
888,,2023-12-08 0:00,-0.0130194179,2.000555711,-0.425496488,1.084069372,-0.313685113,-1.064167856,FALSE,FALSE,FALSE,FALSE,FALSE,FALSE,TRUE,TRUE,FALSE,FALSE,FALSE,1.535964644
5337,,2023-12-09 0:00,0.116995183,1.56311504,-0.302395903,-0.409718961,-0.313685113,-1.036603942,TRUE,FALSE,FALSE,FALSE,FALSE,FALSE,FALSE,TRUE,FALSE,FALSE,FALSE,1.308491532
5776,,2023-12-10 0:00,0.247009784,1.836515459,-0.331756482,-3.397295628,-0.313685113,-1.026514372,FALSE,TRUE,FALSE,FALSE,FALSE,FALSE,FALSE,TRUE,FALSE,FALSE,FALSE,1.46536954
119,,2023-12-11 0:00,0.377024385,-1.158270673,-0.78394326,-3.397295628,0.584556767,-1.070516999,FALSE,FALSE,TRUE,FALSE,FALSE,FALSE,FALSE,TRUE,FALSE,FALSE,FALSE,1.410462238
451,,2023-12-12 0:00,0.344520735,-1.133033711,-1.033282867,0.635932872,-0.282167854,-1.074445468,FALSE,FALSE,FALSE,TRUE,FALSE,FALSE,FALSE,TRUE,FALSE,FALSE,FALSE,1.245740329
569,,2023-12-13 0:00,0.442031686,-0.872251772,-0.87298024,0.187796372,-0.313685113,-1.086874977,FALSE,FALSE,FALSE,FALSE,TRUE,FALSE,FALSE,TRUE,FALSE,FALSE,FALSE,1.418306138
171,,2023-12-14 0:00,-0.370559571,-1.040498184,-0.954247846,3.324751872,1.025798392,-1.103640897,FALSE,FALSE,FALSE,FALSE,FALSE,TRUE,FALSE,TRUE,FALSE,FALSE,FALSE,1.394774437
77,,2023-12-15 0:00,-0.435566872,-1.217156917,-1.360068256,1.980342372,2.136781769,-1.138439243,FALSE,FALSE,FALSE,FALSE,FALSE,FALSE,TRUE,TRUE,FALSE,FALSE,FALSE,1.661467051
553,,2023-12-16 0:00,-0.370559571,-0.741860803,-1.881434695,4.370403706,-0.195495392,-1.200071586,TRUE,FALSE,FALSE,FALSE,FALSE,FALSE,FALSE,TRUE,FALSE,FALSE,FALSE,1.308491532
5644,,2023-12-17 0:00,-0.30555227,-0.851220971,-2.141247536,1.382827039,-0.313685113,-1.246483709,FALSE,TRUE,FALSE,FALSE,FALSE,FALSE,FALSE,TRUE,FALSE,FALSE,FALSE,1.575184146
624,,2023-12-18 0:00,-0.24054497,-0.847014811,-1.879452157,-0.110961295,-0.313685113,-1.252795051,FALSE,FALSE,TRUE,FALSE,FALSE,FALSE,FALSE,TRUE,FALSE,FALSE,FALSE,1.473213441
282,,2023-12-19 0:00,0.0519878826,-0.41798646,-1.75635728,-0.559097795,-0.290047168,-1.261854222,FALSE,FALSE,FALSE,TRUE,FALSE,FALSE,FALSE,TRUE,FALSE,FALSE,FALSE,1.371242735
267,,2023-12-20 0:00,-0.175537669,0.330710073,-2.136271323,1.681584705,-0.250650595,-1.267349832,FALSE,FALSE,FALSE,FALSE,TRUE,FALSE,FALSE,TRUE,FALSE,FALSE,FALSE,1.504589043
102,,2023-12-21 0:00,-0.0455230682,-0.607263674,-2.457356048,1.084069372,-0.313685113,-1.272029658,FALSE,FALSE,FALSE,FALSE,FALSE,TRUE,FALSE,TRUE,FALSE,FALSE,FALSE,0.563320991
2823,,2023-12-22 0:00,-0.175537669,-0.573614391,-2.361236502,0.635932872,-0.313685113,-1.276387511,FALSE,FALSE,FALSE,FALSE,FALSE,FALSE,TRUE,TRUE,FALSE,FALSE,FALSE,1.245740329
338,,2023-12-23 0:00,-0.20804132,-0.216090766,-1.916579462,-0.708476628,-0.313685113,-1.269711212,TRUE,FALSE,FALSE,FALSE,FALSE,FALSE,FALSE,TRUE,FALSE,FALSE,FALSE,1.677154852
904,,2023-12-24 0:00,-0.27304862,-0.0310197129,-1.758820376,-1.007234295,-0.227012651,-1.248802105,FALSE,TRUE,FALSE,FALSE,FALSE,FALSE,FALSE,TRUE,FALSE,FALSE,FALSE,1.551652445
732,,2023-12-25 0:00,-0.338055921,0.309679271,-1.716649808,-1.156613128,-0.258529909,-1.161999033,FALSE,FALSE,TRUE,FALSE,FALSE,FALSE,FALSE,TRUE,FALSE,FALSE,FALSE,1.606559748
547,,2023-12-26 0:00,-0.370559571,0.528399607,-1.34374008,-0.708476628,-0.313685113,-1.153369245,FALSE,FALSE,FALSE,TRUE,FALSE,FALSE,FALSE,TRUE,FALSE,FALSE,FALSE,0.406442983
643,,2023-12-27 0:00,-0.435566872,1.676681368,-1.43636146,-1.305991962,-0.313685113,-1.143301117,FALSE,FALSE,FALSE,FALSE,TRUE,FALSE,FALSE,TRUE,FALSE,FALSE,FALSE,1.198676926
518,,2023-12-28 0:00,-0.630588773,0.801800026,-1.364719206,-1.007234295,-0.313685113,-1.129433318,FALSE,FALSE,FALSE,FALSE,FALSE,TRUE,FALSE,TRUE,FALSE,FALSE,FALSE,1.653623151
651,,2023-12-29 0:00,-0.533077822,0.351740874,-1.376249415,-0.857855462,-0.313685113,-1.116510052,FALSE,FALSE,FALSE,FALSE,FALSE,FALSE,TRUE,TRUE,FALSE,FALSE,FALSE,1.575184146
344,,2023-12-30 0:00,,0.166669821,-1.747279104,0.486554039,0.718505117,-1.113998431,TRUE,FALSE,FALSE,FALSE,FALSE,FALSE,FALSE,TRUE,FALSE,FALSE,FALSE,1.473213441
950,,2023-12-31 0:00,,-0.506315827,-1.645416952,-0.409718961,0.0566426798,-1.110134336,FALSE,TRUE,FALSE,FALSE,FALSE,FALSE,FALSE,TRUE,FALSE,FALSE,FALSE,1.520276843
2734,,2024-01-01 0:00,,-0.455841903,-1.352811032,-0.857855462,-0.313685113,-1.04425663,,,,,,,,,,,,
632,,2024-01-02 0:00,,0.217143745,-1.240033607,-1.007234295,-0.313685113,-1.04007051,,,,,,,,,,,,
347,,2024-01-03 0:00,,0.284442309,-1.460595528,-1.007234295,-0.266409224,-1.038868379,,,,,,,,,,,,
494,,2024-01-04 0:00,,0.730295301,-1.413474205,-0.559097795,-0.313685113,-1.037086623,,,,,,,,,,,,
640,,2024-01-05 0:00,,1.929050985,-1.094126899,0.0384175385,-0.313685113,-1.031419281,,,,,,,,,,,,
1944,,2024-01-06 0:00,,-0.375924857,-1.333943752,-0.110961295,-0.124581559,-1.01373027,,,,,,,,,,,,
724,,2024-01-07 0:00,,-0.472666544,-1.74108189,1.233448205,-0.313685113,-1.022531842,,,,,,,,,,,,
246,,2024-01-08 0:00,,-0.502109666,-1.77644424,-0.708476628,-0.313685113,-1.240333837,,,,,,,,,,,,
205,,2024-01-09 0:00,,-0.0562566747,-1.752913845,-0.409718961,-0.187616077,-1.249843834,,,,,,,,,,,,
354,,2024-01-10 0:00,,1.348600864,-1.820624087,-0.857855462,-0.313685113,-1.253643503,,,,,,,,,,,,
379,,2024-01-11 0:00,,1.201385254,-1.473458821,-0.559097795,-0.313685113,-1.25583315,,,,,,,,,,,,
1087,,2024-01-12 0:00,,0.835449308,-1.281243104,0.0384175385,-0.313685113,-1.250487832,,,,,,,,,,,,
2411,,2024-01-13 0:00,,-0.388543338,-1.081787528,-1.305991962,-0.313685113,-1.237543125,,,,,,,,,,,,
631,,2024-01-14 0:00,,-0.060462835,-1.615525632,-0.260340128,-0.0694263559,-1.235847236,,,,,,,,,,,,
368,,2024-01-15 0:00,,-0.485285025,-1.58254698,0.337175205,-0.313685113,-1.157802752,,,,,,,,,,,,
437,,2024-01-16 0:00,,-0.140379881,-1.404511201,-1.156613128,-0.313685113,-1.146403642,,,,,,,,,,,,
302,,2024-01-17 0:00,,0.0615158136,-1.553442533,-0.409718961,0.450608416,-1.144042262,,,,,,,,,,,,
625,,2024-01-18 0:00,,-0.405367979,-1.205731719,0.187796372,-0.274288539,-1.139405317,,,,,,,,,,,,
832,,2024-01-19 0:00,,-0.851220971,-0.891057596,3.324751872,-0.313685113,-1.133351575,,,,,,,,,,,,
1506,,2024-01-20 0:00,,-1.208744596,-1.1465564,4.519782539,-0.282167854,-1.150740002,,,,,,,,,,,,
1716,,2024-01-21 0:00,,-0.939550337,-1.404995223,0.337175205,-0.282167854,-1.148206838,,,,,,,,,,,,
187,,2024-01-22 0:00,,-0.1277614,-2.287321698,2.727236539,-0.297926483,-1.40594906,,,,,,,,,,,,
2001,,2024-01-23 0:00,,-0.523140468,-2.398757373,2.428478872,-0.313685113,-1.417026145,,,,,,,,,,,,
191,,2024-01-24 0:00,,-0.481078865,-2.012766997,1.532205872,-0.313685113,-1.422886662,,,,,,,,,,,,
247,,2024-01-25 0:00,,-0.514728147,-1.68665792,-0.260340128,-0.313685113,-1.43465068,,,,,,,,,,,,
440,,2024-01-26 0:00,,-0.0562566747,-1.550398925,-0.559097795,-0.313685113,-1.448389678,,,,,,,,,,,,
2106,,2024-01-27 0:00,,0.709264499,-1.540526195,-0.708476628,-0.313685113,-1.440210664,,,,,,,,,,,,
2323,,2024-01-28 0:00,,-0.102524438,-1.52777894,-0.559097795,-0.313685113,-1.434972654,,,,,,,,,,,,
572,,2024-01-29 0:00,,0.355947034,-1.481493603,-0.857855462,-0.313685113,-1.175405744,,,,,,,,,,,,
620,,2024-01-30 0:00,,0.957427957,-1.199136763,-1.305991962,-0.313685113,-1.164564816,,,,,,,,,,,,
739,,2024-01-31 0:00,,0.949015636,-0.801978597,-0.559097795,-0.313685113,-1.152800799,,,,,,,,,,,,
635,,2024-02-01 0:00,,1.98793723,-1.180388498,-0.260340128,-0.313685113,-1.135970555,,,,,,,,,,,,
596,,2024-02-02 0:00,,0.376977836,-1.119736588,-0.260340128,-0.313685113,-1.120793216,,,,,,,,,,,,
3224,,2024-02-03 0:00,,0.120402058,-0.939218954,-0.110961295,-0.313685113,-1.110059597,,,,,,,,,,,,
5535,,2024-02-04 0:00,,-0.426398781,-0.641309224,-0.708476628,-0.313685113,-1.083440265,,,,,,,,,,,,
154,,2024-02-05 0:00,,-1.175095314,-1.390347369,4.071646039,-0.00639183808,-1.263095019,,,,,,,,,,,,
398,,2024-02-06 0:00,,-0.901694894,-1.565009341,-0.110961295,-0.297926483,-1.266508289,,,,,,,,,,,,
410,,2024-02-07 0:00,,-0.106730598,-1.526161831,-0.260340128,-0.313685113,-1.263674643,,,,,,,,,,,,
609,,2024-02-08 0:00,,0.128814378,-1.386886665,-1.007234295,-0.313685113,-1.255624428,,,,,,,,,,,,
2894,,2024-02-09 0:00,,-0.00157659086,-1.335984992,-0.110961295,-0.313685113,-1.231065944,,,,,,,,,,,,
4199,,2024-02-10 0:00,,0.448482561,-1.313710425,-0.559097795,-0.313685113,-1.198113779,,,,,,,,,,,,
4817,,2024-02-11 0:00,,1.092025086,-1.400308273,-0.110961295,-0.313685113,-1.175530275,,,,,,,,,,,,
6599,,2024-02-12 0:00,,1.222416056,-1.042117846,-0.708476628,-0.313685113,-0.578819156,,,,,,,,,,,,
1671,,2024-02-13 0:00,,1.314951582,-0.685636802,0.337175205,-0.313685113,-0.5518778,,,,,,,,,,,,
1433,,2024-02-14 0:00,,0.402214798,-0.296230933,-0.110961295,-0.313685113,-0.536979553,,,,,,,,,,,,
160,,2024-02-15 0:00,,-0.523140468,-1.323511424,0.934690539,0.545160193,-0.533072524,,,,,,,,,,,,
1010,,2024-02-16 0:00,,-0.371718697,-1.296850931,-0.708476628,-0.313685113,-0.507955908,,,,,,,,,,,,
7529,,2024-02-17 0:00,,0.385390156,-1.103511613,-0.857855462,-0.313685113,-0.487089785,,,,,,,,,,,,
5695,,2024-02-18 0:00,,0.111989737,-1.03400182,0.785311705,1.033677706,-0.505873619,,,,,,,,,,,,
253,,2024-02-19 0:00,,-0.876457933,-0.93962914,0.0384175385,0.387573899,-0.770447513,,,,,,,,,,,,
1393,,2024-02-20 0:00,,-0.245533888,-1.293157618,1.681584705,-0.10882293,-0.787063141,,,,,,,,,,,,
166,,2024-02-21 0:00,,-1.26342468,-1.622961174,4.370403706,1.08883291,-0.803678769,,,,,,,,,,,,
654,,2024-02-22 0:00,,-1.191919955,-1.679776348,2.876615372,0.379694584,-0.817868592,,,,,,,,,,,,
826,,2024-02-23 0:00,,-1.065735146,-1.295242031,1.830963539,-0.282167854,-0.86185491,,,,,,,,,,,,
3715,,2024-02-24 0:00,,-0.889076414,-1.272573674,0.934690539,-0.132460874,-0.905433336,,,,,,,,,,,,
2761,,2024-02-25 0:00,,-0.863839452,-1.366156399,-0.409718961,-0.171857447,-0.916403063,,,,,,,,,,,,
1950,,2024-02-26 0:00,,-0.195059965,-1.047746634,-0.559097795,-0.313685113,-0.960271758,,,,,,,,,,,,
3325,,2024-02-27 0:00,,-0.69559304,-0.713977963,1.084069372,-0.313685113,-0.92701906,,,,,,,,,,,,
2627,,2024-02-28 0:00,,-0.0941121174,-0.710488897,-0.260340128,-0.313685113,-0.881873494,,,,,,,,,,,,
2873,,2024-02-29 0:00,,0.877510911,-0.92515219,-0.110961295,-0.313685113,-0.838917575,,,,,,,,,,,,
2894,,2024-03-01 0:00,,0.128814378,-1.438507576,3.175373039,-0.313685113,-0.819682967,,,,,,,,,,,,
2409,,2024-03-02 0:00,,-0.0310197129,-1.401774713,1.382827039,-0.313685113,-0.805149678,,,,,,,,,,,,
3617,,2024-03-03 0:00,,3.203517556,-1.115186617,0.934690539,-0.313685113,-0.801328517,,,,,,,,,,,,
880,,2024-03-04 0:00,,1.579939681,-0.613578881,-1.007234295,-0.313685113,-0.580295247,,,,,,,,,,,,
444,,2024-03-05 0:00,,0.494750324,-0.355652418,0.934690539,-0.313685113,-0.614814502,,,,,,,,,,,,
759,,2024-03-06 0:00,,-0.855427131,-0.720436939,0.785311705,-0.313685113,-0.649655781,,,,,,,,,,,,
526,,2024-03-07 0:00,,-0.228709247,-0.997054084,1.084069372,-0.148219503,-0.683917487,,,,,,,,,,,,
718,,2024-03-08 0:00,,0.376977836,-1.006548379,1.681584705,-0.313685113,-0.682114239,,,,,,,,,,,,
4528,,2024-03-09 0:00,,-0.0394320335,-1.019149085,0.635932872,-0.313685113,-0.675459431,,,,,,,,,,,,
7941,,2024-03-10 0:00,,-0.241327728,-0.849491218,-0.260340128,-0.313685113,-0.646865119,,,,,,,,,,,,
711,,2024-03-11 0:00,,-0.0394320335,-0.768997872,-3.397295628,-0.313685113,-0.413118118,,,,,,,,,,,,
459,,2024-03-12 0:00,,-0.106730598,-0.946868695,-3.397295628,-0.148219503,-0.394119669,,,,,,,,,,,,
904,,2024-03-13 0:00,,0.347534714,-0.674346369,0.635932872,-0.313685113,-0.367435912,,,,,,,,,,,,
2566,,2024-03-14 0:00,,0.957427957,-0.487645442,-3.397295628,-0.313685113,-0.328322646,,,,,,,,,,,,
1542,,2024-03-15 0:00,,0.620935133,-0.587508053,0.0384175385,-0.313685113,-0.245523596,,,,,,,,,,,,
18228,,2024-03-16 0:00,,0.692439858,-0.200790871,-0.260340128,-0.313685113,-0.137672304,,,,,,,,,,,,
10180,,2024-03-17 0:00,,2.538944229,-0.317591489,2.129721205,-0.305805798,-0.115410825,,,,,,,,,,,,
1415,,2024-03-18 0:00,,-0.565202071,-0.215356584,0.187796372,-0.313685113,0.183972541,,,,,,,,,,,,
461,,2024-03-19 0:00,,0.519987286,-0.698979328,2.129721205,-0.297926483,0.197539857,,,,,,,,,,,,
778,,2024-03-20 0:00,,0.170875981,-0.724700771,1.681584705,-0.313685113,0.194126536,,,,,,,,,,,,
970,,2024-03-21 0:00,,0.0362788518,-0.666393829,-0.409718961,-0.313685113,0.193396671,,,,,,,,,,,,
1271,,2024-03-22 0:00,,0.263411508,-0.283504918,1.681584705,0.111797883,0.155249429,,,,,,,,,,,,
14845,,2024-03-23 0:00,,0.915366354,-0.148068093,0.0384175385,-0.305805798,0.19208713,,,,,,,,,,,,
23347,,2024-03-24 0:00,,-0.0352258732,0.474045538,0.187796372,-0.313685113,0.298027816,,,,,,,,,,,,
631,,2024-03-25 0:00,,-0.636706796,-0.344854835,2.577857705,0.0881599387,0.486398326,,,,,,,,,,,,
699,,2024-03-26 0:00,,-1.158270673,-0.857309771,0.486554039,0.592436082,0.507436182,,,,,,,,,,,,
1960,,2024-03-27 0:00,,-0.41798646,-0.437539074,-0.409718961,-0.313685113,0.549447518,,,,,,,,,,,,
543,,2024-03-28 0:00,,-0.41798646,-0.628619501,-0.708476628,-0.163978133,0.569755509,,,,,,,,,,,,
684,,2024-03-29 0:00,,8.419156324,-0.778201456,0.785311705,-0.203374706,0.573855762,,,,,,,,,,,,
12075,,2024-03-30 0:00,,2.320223893,-0.433616247,0.187796372,-0.313685113,0.541612021,,,,,,,,,,,,
22066,,2024-03-31 0:00,,0.334916233,-0.033132055,-0.559097795,-0.313685113,0.546828539,,,,,,,,,,,,
3244,,2024-04-01 0:00,,0.389596317,0.226955664,-0.708476628,-0.313685113,2.59677091,,,,,,,,,,,,
3805,,2024-04-02 0:00,,0.608316652,0.461978767,-0.409718961,-0.313685113,2.714754705,,,,,,,,,,,,
1475,,2024-04-03 0:00,,0.313885431,0.338897154,-0.708476628,-0.313685113,2.804144188,,,,,,,,,,,,
5091,,2024-04-04 0:00,,-0.102524438,0.280778683,0.934690539,-0.313685113,2.968840588,,,,,,,,,,,,
6896,,2024-04-05 0:00,,0.242380706,0.144846408,0.337175205,-0.313685113,3.247935779,,,,,,,,,,,,
30399,,2024-04-06 0:00,,1.226622216,0.0539210787,-0.559097795,-0.313685113,3.554594885,,,,,,,,,,,,
30201,,2024-04-07 0:00,,0.86489243,0.457978266,-0.409718961,-0.313685113,3.69445376,,,,,,,,,,,,
6370,,2024-04-08 0:00,,0.776563064,0.422002417,-0.260340128,-0.313685113,2.979682429,,,,,,,,,,,,
6700,,2024-04-09 0:00,,0.271823828,0.519090134,1.830963539,-0.313685113,3.037987369,,,,,,,,,,,,
28164,,2024-04-10 0:00,,0.309679271,-0.0240365288,0.486554039,-0.313685113,3.109365817,,,,,,,,,,,,
3881,,2024-04-11 0:00,,0.541018087,0.164444608,-0.708476628,-0.313685113,2.985113614,,,,,,,,,,,,
4998,,2024-04-12 0:00,,0.503162645,0.349870971,-0.260340128,-0.313685113,2.794313031,,,,,,,,,,,,
21322,,2024-04-13 0:00,,0.200319103,0.628533611,-0.559097795,-0.313685113,2.55506097,,,,,,,,,,,,
18810,,2024-04-14 0:00,,0.351740874,0.861454236,-0.559097795,-0.313685113,2.373083451,,,,,,,,,,,,
253,,2024-04-15 0:00,,-0.535758949,-1.55E-07,0.337175205,1.033677706,1.756252435,,,,,,,,,,,,
2239,,2024-04-16 0:00,,1.781835375,-0.338546468,0.337175205,-0.132460874,1.594089097,,,,,,,,,,,,
4901,,2024-04-17 0:00,,4.360211637,0.0588371929,-0.110961295,-0.313685113,1.436541262,,,,,,,,,,,,
6732,,2024-04-18 0:00,,3.401207089,0.441071271,-0.110961295,-0.313685113,1.395689175,,,,,,,,,,,,
5263,,2024-04-19 0:00,,2.429584061,0.48973573,-0.260340128,-0.313685113,1.312503725,,,,,,,,,,,,
2958,,2024-04-20 0:00,,1.188766773,-0.108519868,1.084069372,0.0645219945,1.160880833,,,,,,,,,,,,
14750,,2024-04-21 0:00,,-0.779716246,0.273616993,2.279100039,-0.313685113,1.130483273,,,,,,,,,,,,
3131,,2024-04-22 0:00,,-0.186647644,0.637585852,1.233448205,-0.313685113,0.949330936,,,,,,,,,,,,
3203,,2024-04-23 0:00,,-0.590439032,0.41911447,1.980342372,-0.313685113,0.959527865,,,,,,,,,,,,
1387,,2024-04-24 0:00,,-0.943756497,-0.315401333,1.084069372,0.395453213,0.956865901,,,,,,,,,,,,
5518,,2024-04-25 0:00,,-0.224503087,-0.136056554,-0.559097795,-0.313685113,0.970798124,,,,,,,,,,,,
5693,,2024-04-26 0:00,,1.129880529,0.389547973,-0.559097795,-0.313685113,0.999006037,,,,,,,,,,,,
17914,,2024-04-27 0:00,,0.71347066,0.489262432,-0.559097795,-0.313685113,1.084531375,,,,,,,,,,,,
27013,,2024-04-28 0:00,,0.107783577,0.770949899,-1.007234295,-0.313685113,1.102907317,,,,,,,,,,,,
2858,,2024-04-29 0:00,,0.305473111,0.859832916,1.084069372,-0.313685113,1.112224088,,,,,,,,,,,,
4609,,2024-04-30 0:00,,0.965840277,0.450374582,-0.110961295,-0.313685113,1.185212609,,,,,,,,,,,,
18442,,2024-05-01 0:00,,-0.27918317,0.651918417,0.187796372,-0.313685113,1.279432211,,,,,,,,,,,,
4795,,2024-05-02 0:00,,0.00262956943,0.582232405,0.187796372,-0.313685113,1.295597015,,,,,,,,,,,,
6901,,2024-05-03 0:00,,0.427451759,0.75704286,-0.559097795,-0.313685113,1.307404016,,,,,,,,,,,,
18179,,2024-05-04 0:00,,0.898541713,0.948683998,-0.559097795,-0.313685113,1.295597065,,,,,,,,,,,,
1296,,2024-05-05 0:00,,-0.443223422,0.050999201,0.337175205,3.492023903,1.192468584,,,,,,,,,,,,
1897,,2024-05-06 0:00,,-1.002642742,-0.414425909,1.233448205,0.655470599,0.6330623,,,,,,,,,,,,
2002,,2024-05-07 0:00,,-0.531552788,-0.268261714,1.084069372,-0.124581559,0.514885331,,,,,,,,,,,,
3434,,2024-05-08 0:00,,-0.598851353,0.114608805,0.0384175385,-0.313685113,0.389688545,,,,,,,,,,,,
4829,,2024-05-09 0:00,,-0.228709247,0.189652544,0.934690539,-0.313685113,0.342353332,,,,,,,,,,,,
6412,,2024-05-10 0:00,,-0.203472285,0.470143572,0.486554039,-0.313685113,0.275998177,,,,,,,,,,,,
5424,,2024-05-11 0:00,,-0.607263674,0.0661987721,1.830963539,2.184057657,0.191310013,,,,,,,,,,,,
18354,,2024-05-12 0:00,,1.369631666,0.220813466,0.635932872,-0.313685113,0.286924971,,,,,,,,,,,,
4413,,2024-05-13 0:00,,-0.190853804,0.556798016,0.0384175385,-0.313685113,1.260092785,,,,,,,,,,,,
7757,,2024-05-14 0:00,,-0.291801651,0.71558167,0.187796372,-0.313685113,1.308415463,,,,,,,,,,,,
8323,,2024-05-15 0:00,,-0.472666544,-0.298183557,0.635932872,1.309453722,1.331621524,,,,,,,,,,,,
5006,,2024-05-16 0:00,,-0.796540887,-0.0166986794,1.233448205,-0.305805798,1.366183763,,,,,,,,,,,,
9051,,2024-05-17 0:00,,0.259205348,0.406694173,-0.110961295,-0.313685113,1.419529784,,,,,,,,,,,,
22019,,2024-05-18 0:00,,-0.308626293,0.622009319,-0.409718961,-0.313685113,1.53594649,,,,,,,,,,,,
18893,,2024-05-19 0:00,,-0.430604941,0.72866758,-0.559097795,-0.313685113,1.533048419,,,,,,,,,,,,
5312,,2024-05-20 0:00,,-0.178235323,0.370043132,0.0384175385,-0.313685113,1.048235547,,,,,,,,,,,,
7270,,2024-05-21 0:00,,0.334916233,0.68571147,-0.559097795,-0.313685113,1.019490943,,,,,,,,,,,,
6783,,2024-05-22 0:00,,0.806006186,0.556747203,0.0384175385,-0.313685113,1.009680465,,,,,,,,,,,,
7404,,2024-05-23 0:00,,-0.123555239,0.539678549,0.337175205,-0.313685113,1.003111473,,,,,,,,,,,,
8799,,2024-05-24 0:00,,0.0741342945,0.438523731,-0.260340128,-0.313685113,0.984220331,,,,,,,,,,,,
26308,,2024-05-25 0:00,,-0.0226073923,0.722574856,-0.708476628,-0.313685113,0.929586261,,,,,,,,,,,,
11910,,2024-05-26 0:00,,-0.405367979,0.428746954,0.635932872,0.371815269,0.8679968,,,,,,,,,,,,
6577,,2024-05-27 0:00,,-0.384337178,0.428987653,1.532205872,-0.313685113,0.805258454,,,,,,,,,,,,
23910,,2024-05-28 0:00,,-0.767097765,0.725172641,0.337175205,-0.313685113,0.82288304,,,,,,,,,,,,
17178,,2024-05-29 0:00,,-0.41798646,0.843741236,-0.260340128,-0.313685113,0.835634522,,,,,,,,,,,,
7509,,2024-05-30 0:00,,-0.321244773,0.826487064,-1.007234295,-0.313685113,0.826725643,,,,,,,,,,,,
7307,,2024-05-31 0:00,,-0.41798646,0.659403061,0.486554039,-0.234891965,0.886168339,,,,,,,,,,,,
21779,,2024-06-01 0:00,,-0.258152369,0.672497651,0.785311705,-0.313685113,0.931292413,,,,,,,,,,,,
21567,,2024-06-02 0:00,,-0.535758949,0.76185183,0.635932872,-0.313685113,1.008531429,,,,,,,,,,,,
3703,,2024-06-03 0:00,,-0.830190169,0.993828569,0.187796372,-0.313685113,1.09061174,,,,,,,,,,,,
3639,,2024-06-04 0:00,,-0.712417681,1.118117816,0.187796372,-0.313685113,1.093016053,,,,,,,,,,,,
3388,,2024-06-05 0:00,,0.141432859,1.049571605,-0.559097795,-0.313685113,1.14537461,,,,,,,,,,,,
17957,,2024-06-06 0:00,,0.351740874,1.093548959,-0.409718961,-0.313685113,1.251444096,,,,,,,,,,,,
7883,,2024-06-07 0:00,,-0.13617372,0.99569698,-0.559097795,-0.250650595,1.186613097,,,,,,,,,,,,
5500,,2024-06-08 0:00,,-0.460048063,0.402764267,-1.007234295,1.017919077,1.08719847,,,,,,,,,,,,
10902,,2024-06-09 0:00,,-0.26656469,0.794618608,-0.708476628,-0.313685113,1.033530474,,,,,,,,,,,,
1822,,2024-06-10 0:00,,0.456894882,1.004941255,-0.110961295,-0.313685113,0.835693003,,,,,,,,,,,,
1460,,2024-06-11 0:00,,1.129880529,1.121806038,0.187796372,-0.313685113,0.788121682,,,,,,,,,,,,
1551,,2024-06-12 0:00,,-0.148792201,1.082303756,-0.260340128,-0.313685113,0.685315226,,,,,,,,,,,,
2467,,2024-06-13 0:00,,-0.144586041,1.353784735,-0.708476628,-0.313685113,0.532511644,,,,,,,,,,,,
1467,,2024-06-14 0:00,,-0.0226073923,1.288188081,0.0384175385,-0.313685113,0.491895714,,,,,,,,,,,,
4691,,2024-06-15 0:00,,-0.359100216,0.881578425,-0.559097795,0.166953086,0.527574217,,,,,,,,,,,,
7131,,2024-06-16 0:00,,-0.493697346,1.062643741,0.785311705,-0.313685113,0.556705221,,,,,,,,,,,,
1349,,2024-06-17 0:00,,-0.548377429,1.234426169,0.187796372,-0.313685113,0.219931051,,,,,,,,,,,,
1176,,2024-06-18 0:00,,-0.359100216,1.216213441,-0.260340128,-0.313685113,0.228732623,,,,,,,,,,,,
1170,,2024-06-19 0:00,,0.263411508,1.553453257,-1.007234295,-0.313685113,0.226886442,,,,,,,,,,,,
788,,2024-06-20 0:00,,0.330710073,1.721373977,-0.409718961,-0.313685113,0.218299536,,,,,,,,,,,,
994,,2024-06-21 0:00,,0.103577417,1.538879885,-0.409718961,-0.313685113,0.18101101,,,,,,,,,,,,
949,,2024-06-22 0:00,,-0.220296926,0.779324393,-0.409718961,0.986401818,0.0864694346,,,,,,,,,,,,
5708,,2024-06-23 0:00,,-0.771303925,0.882901948,-0.110961295,0.0881599387,0.00669730641,,,,,,,,,,,,
1231,,2024-06-24 0:00,,0.696646018,0.91491024,0.934690539,-0.313685113,-0.528171934,,,,,,,,,,,,
1400,,2024-06-25 0:00,,-0.603057513,0.88164298,1.084069372,-0.313685113,-0.553095377,,,,,,,,,,,,
18678,,2024-06-26 0:00,,-0.422192621,1.089693239,-0.559097795,-0.313685113,-0.562390707,,,,,,,,,,,,
1273,,2024-06-27 0:00,,-0.211884606,1.300326452,-1.007234295,-0.313685113,-0.571986569,,,,,,,,,,,,
1121,,2024-06-28 0:00,,0.225556065,1.334545167,-0.260340128,-0.313685113,-0.57683818,,,,,,,,,,,,
4595,,2024-06-29 0:00,,-0.174029163,1.217242848,-0.110961295,2.70409243,-0.573961601,,,,,,,,,,,,
2892,,2024-06-30 0:00,,-0.632500635,0.611434012,2.129721205,2.223454231,-0.598648936,,,,,,,,,,,,
920,,2024-07-01 0:00,,-0.338069415,1.129175424,-0.708476628,-0.313685113,-0.67617817,,,,,,,,,,,,
137,,2024-07-02 0:00,,-0.712417681,0.562582979,0.785311705,4.815748778,-0.696421735,,,,,,,,,,,,
850,,2024-07-03 0:00,,-0.426398781,0.833069215,1.980342372,-0.250650595,-0.707477328,,,,,,,,,,,,
1374,,2024-07-04 0:00,,0.095165096,1.109798066,1.084069372,-0.0300297823,-0.715527492,,,,,,,,,,,,
1084,,2024-07-05 0:00,,-0.674562238,0.700464321,1.532205872,0.00936679138,-0.727806759,,,,,,,,,,,,
2862,,2024-07-06 0:00,,-0.258152369,0.82658864,1.382827039,-0.0930643001,-0.73881942,,,,,,,,,,,,
4853,,2024-07-07 0:00,,-0.544171269,0.74398794,-0.708476628,1.947678215,-0.739313127,,,,,,,,,,,,
193,,2024-07-08 0:00,,-0.973199619,0.581139698,-0.708476628,1.348850296,-0.716691872,,,,,,,,,,,,
469,,2024-07-09 0:00,,-0.792334727,0.73191025,-0.708476628,-0.290047168,-0.711904687,,,,,,,,,,,,
813,,2024-07-10 0:00,,-0.935344177,1.062014871,-0.110961295,-0.203374706,-0.708942241,,,,,,,,,,,,
1024,,2024-07-11 0:00,,0.0362788518,0.941700138,-0.260340128,-0.313685113,-0.704949347,,,,,,,,,,,,
1044,,2024-07-12 0:00,,0.103577417,0.932916289,-1.007234295,-0.313685113,-0.693378503,,,,,,,,,,,,
3651,,2024-07-13 0:00,,0.587285851,1.29682547,-0.559097795,-0.313685113,-0.676934608,,,,,,,,,,,,
3112,,2024-07-14 0:00,,-0.1277614,1.375611513,0.187796372,-0.282167854,-0.671868382,,,,,,,,,,,,
659,,2024-07-15 0:00,,-0.973199619,1.391155585,0.187796372,-0.313685113,0.0565183298,,,,,,,,,,,,
628,,2024-07-16 0:00,,-0.905901055,1.086242144,0.0384175385,1.025798392,0.0636239619,,,,,,,,,,,,
813,,2024-07-17 0:00,,-0.998436581,0.765095619,0.337175205,7.471077842,0.0628296712,,,,,,,,,,,,
57,,2024-07-18 0:00,,-1.065735146,0.608363224,-0.110961295,9.834872262,0.0575272359,,,,,,,,,,,,
876,,2024-07-19 0:00,,-0.460048063,1.065709702,-0.110961295,-0.305805798,0.0592660583,,,,,,,,,,,,
1716,,2024-07-20 0:00,,-0.779716246,1.082107615,0.635932872,0.860332782,0.068003205,,,,,,,,,,,,
2642,,2024-07-21 0:00,,-0.645119116,0.973245614,1.980342372,0.35605664,0.0859927484,,,,,,,,,,,,
555,,2024-07-22 0:00,,-0.863839452,0.917876626,1.233448205,5.981887358,-0.638207843,,,,,,,,,,,,
331,,2024-07-23 0:00,,-0.960581139,0.911049479,1.382827039,-0.156098818,-0.646794749,,,,,,,,,,,,
687,,2024-07-24 0:00,,-0.855427131,1.117082093,0.486554039,0.844574153,-0.646043392,,,,,,,,,,,,
677,,2024-07-25 0:00,,-0.611469834,1.249431348,-0.708476628,1.679781514,-0.638250777,,,,,,,,,,,,
558,,2024-07-26 0:00,,-0.821777849,1.214370651,0.0384175385,0.119677198,-0.650014794,,,,,,,,,,,,
1396,,2024-07-27 0:00,,-0.783922406,1.214164406,-0.857855462,2.325885322,-0.682194161,,,,,,,,,,,,
15915,,2024-07-28 0:00,,-0.725036162,1.334627119,1.382827039,-0.313685113,-0.707117603,,,,,,,,,,,,
1866,,2024-07-29 0:00,,-0.594645193,1.058772818,2.279100039,-0.313685113,-0.723534875,,,,,,,,,,,,
1671,,2024-07-30 0:00,,-0.468460384,1.241360132,0.785311705,-0.313685113,-0.703141018,,,,,,,,,,,,
1461,,2024-07-31 0:00,,-0.762891605,1.372378294,0.486554039,-0.313685113,-0.688650662,,,,,,,,,,,,
1661,,2024-08-01 0:00,,-0.682974559,1.41034928,0.486554039,-0.290047168,-0.60529348,,,,,,,,,,,,
1379,,2024-08-02 0:00,,-0.380131018,1.334216356,0.486554039,-0.313685113,-0.573951338,,,,,,,,,,,,
1628,,2024-08-03 0:00,,-0.140379881,1.446154982,-0.110961295,-0.313685113,-0.572770648,,,,,,,,,,,,
991,,2024-08-04 0:00,,-0.245533888,1.672059749,-1.007234295,-0.313685113,-0.586595513,,,,,,,,,,,,
503,,2024-08-05 0:00,,-0.308626293,1.420317598,-0.559097795,-0.211254021,-0.642383649,,,,,,,,,,,,
544,,2024-08-06 0:00,,-0.788128566,1.378779385,-0.559097795,-0.313685113,-0.664108437,,,,,,,,,,,,
519,,2024-08-07 0:00,,-0.69138688,1.421930969,-0.857855462,-0.0457884117,-0.685682933,,,,,,,,,,,,
642,,2024-08-08 0:00,,-0.628294475,1.246896154,-1.007234295,-0.313685113,-0.776510705,,,,,,,,,,,,
461,,2024-08-09 0:00,,-0.317038613,1.36717031,-1.007234295,-0.313685113,-0.81169545,,,,,,,,,,,,
1193,,2024-08-10 0:00,,-0.0856997968,1.475865841,-0.857855462,-0.313685113,-0.817641834,,,,,,,,,,,,
1248,,2024-08-11 0:00,,-0.249740048,1.590536623,-0.708476628,-0.313685113,-0.813756298,,,,,,,,,,,,
470,,2024-08-12 0:00,,-0.338069415,1.588587891,-0.559097795,-0.313685113,-0.597762682,,,,,,,,,,,,
1011,,2024-08-13 0:00,,-0.430604941,1.614291391,-0.708476628,-0.313685113,-0.587758978,,,,,,,,,,,,
397,,2024-08-14 0:00,,-0.439017262,1.449864535,-0.559097795,-0.0773056707,-0.576037894,,,,,,,,,,,,
1472,,2024-08-15 0:00,,-0.531552788,1.351270147,-0.708476628,0.19059103,-0.561805138,,,,,,,,,,,,
627,,2024-08-16 0:00,,-0.565202071,1.472580871,-0.409718961,-0.313685113,-0.559250533,,,,,,,,,,,,
1373,,2024-08-17 0:00,,-0.531552788,1.45364319,-0.857855462,0.553039508,-0.553196791,,,,,,,,,,,,
1224,,2024-08-18 0:00,,-0.594645193,1.390641349,-0.409718961,-0.313685113,-0.552101967,,,,,,,,,,,,
334,,2024-08-19 0:00,,-0.430604941,1.428315648,-0.559097795,-0.132460874,-0.44740035,,,,,,,,,,,,
327,,2024-08-20 0:00,,-0.371718697,1.644098541,0.0384175385,-0.313685113,-0.456158989,,,,,,,,,,,,
204,,2024-08-21 0:00,,-0.905901055,1.13647194,1.382827039,3.011385704,-0.467128767,,,,,,,,,,,,
908,,2024-08-22 0:00,,-0.809159368,1.228226459,1.681584705,-0.266409224,-0.479386543,,,,,,,,,,,,
911,,2024-08-23 0:00,,-0.354894056,1.284738475,0.635932872,-0.313685113,-0.470928487,,,,,,,,,,,,
2059,,2024-08-24 0:00,,0.179288302,1.141391913,-1.305991962,-0.156098818,-0.442291242,,,,,,,,,,,,
2551,,2024-08-25 0:00,,0.107783577,1.25764966,-1.305991962,-0.313685113,-0.419922404,,,,,,,,,,,,
592,,2024-08-26 0:00,,0.0446911724,1.203358914,-1.156613128,-0.313685113,-0.197488647,,,,,,,,,,,,
666,,2024-08-27 0:00,,-0.531552788,1.140516729,-0.559097795,-0.290047168,-0.188322117,,,,,,,,,,,,
743,,2024-08-28 0:00,,-0.863839452,1.401342888,0.934690539,-0.313685113,-0.175463225,,,,,,,,,,,,
724,,2024-08-29 0:00,,-1.044704345,1.434200709,1.233448205,-0.313685113,-0.164858406,,,,,,,,,,,,
4622,,2024-08-30 0:00,,-0.859633291,1.358853838,0.187796372,-0.313685113,-0.153974545,,,,,,,,,,,,
4186,,2024-08-31 0:00,,0.0867527754,1.300136174,-0.559097795,-0.313685113,-0.133881221,,,,,,,,,,,,
5066,,2024-09-01 0:00,,-0.169823003,1.259170642,-0.409718961,-0.313685113,-0.131390991,,,,,,,,,,,,
769,,2024-09-02 0:00,,-0.632500635,0.895418451,0.486554039,-0.100943615,-0.196318983,,,,,,,,,,,,
885,,2024-09-03 0:00,,-0.943756497,1.374904115,0.934690539,-0.313685113,-0.187088078,,,,,,,,,,,,
1001,,2024-09-04 0:00,,-0.653531437,1.380185289,-0.110961295,-0.313685113,-0.183245475,,,,,,,,,,,,
652,,2024-09-05 0:00,,-0.472666544,1.007791716,0.187796372,0.229987604,-0.183331342,,,,,,,,,,,,
1409,,2024-09-06 0:00,,-0.830190169,0.775337804,0.486554039,-0.258529909,-0.17650475,,,,,,,,,,,,
8236,,2024-09-07 0:00,,-0.523140468,1.151425715,-0.559097795,-0.313685113,-0.171631699,,,,,,,,,,,,
7546,,2024-09-08 0:00,,-0.224503087,1.212362433,-1.007234295,-0.313685113,-0.154050047,,,,,,,,,,,,
914,,2024-09-09 0:00,,-0.287595491,1.348457052,-0.559097795,-0.313685113,-0.364440695,,,,,,,,,,,,
1074,,2024-09-10 0:00,,-0.203472285,1.457846625,-0.708476628,-0.313685113,-0.366887992,,,,,,,,,,,,
533,,2024-09-11 0:00,,-0.161410682,1.368255032,-0.708476628,-0.282167854,-0.372770001,,,,,,,,,,,,
275,,2024-09-12 0:00,,-1.006848902,0.76631723,-0.260340128,2.262850805,-0.375431964,,,,,,,,,,,,
321,,2024-09-13 0:00,,-0.83439633,0.818067127,-0.110961295,0.285142807,-0.390823969,,,,,,,,,,,,
4378,,2024-09-14 0:00,,-0.926931856,1.163391906,-0.857855462,-0.313685113,-0.40157903,,,,,,,,,,,,
7522,,2024-09-15 0:00,,-0.893282574,1.193975625,0.785311705,-0.313685113,-0.358966628,,,,,,,,,,,,
9960,,2024-09-16 0:00,,-1.141446031,1.119474212,0.785311705,0.434849787,-0.101149769,,,,,,,,,,,,
6862,,2024-09-17 0:00,,-0.910107215,1.262851598,-0.857855462,-0.313685113,-0.04273747,,,,,,,,,,,,
4607,,2024-09-18 0:00,,-0.746066963,1.345075911,-1.007234295,-0.258529909,-0.0155385141,,,,,,,,,,,,
1043,,2024-09-19 0:00,,-0.653531437,1.307999362,-0.857855462,-0.313685113,-0.0105366624,,,,,,,,,,,,
384,,2024-09-20 0:00,,-0.863839452,0.74671727,0.187796372,3.980541416,-0.0148515819,,,,,,,,,,,,
4524,,2024-09-21 0:00,,-1.229775398,0.267055152,3.025994205,1.813729865,-0.0133703591,,,,,,,,,,,,
19603,,2024-09-22 0:00,,-1.229775398,0.625198001,0.635932872,-0.313685113,0.019088048,,,,,,,,,,,,
2125,,2024-09-23 0:00,,-1.099384428,0.720183649,1.233448205,-0.313685113,0.36066053,,,,,,,,,,,,
2174,,2024-09-24 0:00,,-0.922725696,0.744861614,-0.110961295,-0.313685113,0.338763959,,,,,,,,,,,,
2886,,2024-09-25 0:00,,-0.741860803,0.8751756,-0.857855462,-0.313685113,0.354842896,,,,,,,,,,,,
2347,,2024-09-26 0:00,,-0.666149918,0.787293915,-1.007234295,-0.219133336,0.394342561,,,,,,,,,,,,
5406,,2024-09-27 0:00,,-0.716623841,0.726243609,0.187796372,-0.313685113,0.460332808,,,,,,,,,,,,
15431,,2024-09-28 0:00,,-0.905901055,0.943451478,1.681584705,-0.313685113,0.532462613,,,,,,,,,,,,
16520,,2024-09-29 0:00,,-1.057322825,0.945700138,0.635932872,-0.313685113,0.52823356,,,,,,,,,,,,
5780,,2024-09-30 0:00,,-0.859633291,0.877828068,-0.260340128,-0.313685113,1.088541443,,,,,,,,,,,,
10895,,2024-10-01 0:00,,-0.804953208,0.356659559,0.337175205,-0.116702244,1.138645927,,,,,,,,,,,,
3947,,2024-10-02 0:00,,-0.804953208,0.265487647,0.337175205,-0.313685113,1.230160632,,,,,,,,,,,,
24320,,2024-10-03 0:00,,-0.792334727,0.279019252,-0.559097795,-0.313685113,1.393933992,,,,,,,,,,,,
9883,,2024-10-04 0:00,,-0.792334727,0.384038941,-0.708476628,-0.313685113,1.447430255,,,,,,,,,,,,
18063,,2024-10-05 0:00,,-0.476872704,0.369045113,-1.007234295,-0.313685113,1.450757658,,,,,,,,,,,,
10449,,2024-10-06 0:00,,-0.510521987,-0.00889698948,-1.305991962,-0.313685113,1.400803466,,,,,,,,,,,,
2184,,2024-10-07 0:00,,0.0909589357,0.135188515,-1.455370795,-0.313685113,1.208327622,,,,,,,,,,,,
3884,,2024-10-08 0:00,,0.212937584,0.214824492,-0.708476628,-0.313685113,1.219447641,,,,,,,,,,,,
22807,,2024-10-09 0:00,,-0.889076414,0.449628717,0.0384175385,-0.313685113,1.217494152,,,,,,,,,,,,
3663,,2024-10-10 0:00,,-0.661943758,0.421499077,-0.559097795,-0.313685113,1.053334392,,,,,,,,,,,,
5599,,2024-10-11 0:00,,-0.0941121174,0.369712689,-0.708476628,-0.313685113,1.008145893,,,,,,,,,,,,
15856,,2024-10-12 0:00,,0.0825466151,0.445182338,-1.156613128,-0.313685113,1.004088624,,,,,,,,,,,,
16705,,2024-10-13 0:00,,-0.321244773,0.363074253,-0.409718961,-0.313685113,1.024825947,,,,,,,,,,,,
2997,,2024-10-14 0:00,,-0.628294475,0.419971285,-0.559097795,-0.313685113,0.44057096,,,,,,,,,,,,
3136,,2024-10-15 0:00,,-0.666149918,0.222598647,-0.708476628,-0.274288539,0.36419061,,,,,,,,,,,,
3875,,2024-10-16 0:00,,-0.0899059571,0.226082899,-1.156613128,-0.313685113,0.265269689,,,,,,,,,,,,
5495,,2024-10-17 0:00,,0.0573096533,0.388924189,-0.857855462,-0.313685113,0.258185498,,,,,,,,,,,,
1799,,2024-10-18 0:00,,-0.544171269,0.0274940417,0.337175205,3.397472126,0.216818212,,,,,,,,,,,,
13041,,2024-10-19 0:00,,-1.099384428,0.0910511707,1.532205872,-0.234891965,0.178928569,,,,,,,,,,,,
16097,,2024-10-20 0:00,,-0.939550337,0.0240033085,2.129721205,-0.313685113,0.179250594,,,,,,,,,,,,
3126,,2024-10-21 0:00,,-0.800747047,0.0246318882,0.0384175385,-0.313685113,0.0736044456,,,,,,,,,,,,
604,,2024-10-22 0:00,,-0.968993459,-0.225078476,-0.409718961,1.309453722,0.0691177931,,,,,,,,,,,,
2622,,2024-10-23 0:00,,-0.859633291,-0.301538705,2.129721205,-0.132460874,0.0670355046,,,,,,,,,,,,
4410,,2024-10-24 0:00,,-0.367512537,-0.269483419,-0.708476628,-0.313685113,0.0731966051,,,,,,,,,,,,
6674,,2024-10-25 0:00,,-0.321244773,0.064704665,-0.857855462,-0.313685113,0.112352804,,,,,,,,,,,,
17309,,2024-10-26 0:00,,-0.497903506,0.217616412,-0.708476628,-0.313685113,0.162843688,,,,,,,,,,,,
15364,,2024-10-27 0:00,,-0.342275575,-0.0260562665,-1.007234295,-0.313685113,0.15985975,,,,,,,,,,,,
4158,,2024-10-28 0:00,,-0.0478443541,-0.0103733889,-0.260340128,-0.313685113,0.518632617,,,,,,,,,,,,
12627,,2024-10-29 0:00,,-0.863839452,0.068017296,0.0384175385,-0.313685113,0.546110664,,,,,,,,,,,,
4353,,2024-10-30 0:00,,-0.321244773,0.0496748683,-1.007234295,-0.313685113,0.571034056,,,,,,,,,,,,
4692,,2024-10-31 0:00,,-0.0394320335,0.115167374,-1.305991962,-0.313685113,0.592973561,,,,,,,,,,,,
5106,,2024-11-01 0:00,,0.179288302,0.016490972,-1.305991962,-0.313685113,0.615578506,,,,,,,,,,,,
19658,,2024-11-02 0:00,,-0.0730813159,0.447342436,-0.559097795,-0.313685113,0.666069389,,,,,,,,,,,,
19911,,2024-11-03 0:00,,-0.388543338,0.240961581,0.187796372,-0.313685113,0.712760553,,,,,,,,,,,,
3128,,2024-11-04 0:00,,-0.40957414,0.0824114053,0.934690539,-0.305805798,0.250123344,,,,,,,,,,,,
2597,,2024-11-05 0:00,,-0.401161819,-0.312922453,-0.260340128,-0.313685113,0.229879779,,,,,,,,,,,,
2889,,2024-11-06 0:00,,-0.384337178,-0.417943334,0.337175205,-0.313685113,0.196305056,,,,,,,,,,,,
2558,,2024-11-07 0:00,,0.204525264,-0.416272926,-1.156613128,-0.313685113,0.153950254,,,,,,,,,,,,
3263,,2024-11-08 0:00,,0.0362788518,-0.219241888,-1.156613128,-0.313685113,0.120311156,,,,,,,,,,,,
14947,,2024-11-09 0:00,,-0.0730813159,-0.0223369363,-1.305991962,-0.313685113,0.0601171022,,,,,,,,,,,,
16377,,2024-11-10 0:00,,-0.371718697,0.0166720536,-0.708476628,-0.313685113,0.0222060188,,,,,,,,,,,,
3144,,2024-11-11 0:00,,0.629347454,0.0298355291,-1.604749628,-0.313685113,0.0472960118,,,,,,,,,,,,
3766,,2024-11-12 0:00,,0.128814378,-0.0300866418,-0.110961295,-0.313685113,0.0449990062,,,,,,,,,,,,
2838,,2024-11-13 0:00,,0.137226699,0.0114359744,-0.857855462,-0.313685113,0.0494856588,,,,,,,,,,,,
2344,,2024-11-14 0:00,,-0.13617372,-0.0016315287,-0.708476628,-0.305805798,0.0536717785,,,,,,,,,,,,
3107,,2024-11-15 0:00,,-0.333863254,0.259029783,-0.708476628,-0.313685113,0.0455356974,,,,,,,,,,,,
13651,,2024-11-16 0:00,,-0.535758949,0.163261362,0.486554039,0.198470345,0.00298766964,,,,,,,,,,,,
7049,,2024-11-17 0:00,,-0.628294475,-0.487223352,1.980342372,-0.313685113,-0.0595892567,,,,,,,,,,,,
1070,,2024-11-18 0:00,,-0.750273124,-0.659161488,0.0384175385,-0.313685113,-0.375888835,,,,,,,,,,,,
968,,2024-11-19 0:00,,-0.4137803,-0.640122287,-0.409718961,-0.313685113,-0.409055666,,,,,,,,,,,,
987,,2024-11-20 0:00,,0.191906783,-0.78790521,-1.455370795,-0.313685113,-0.443145588,,,,,,,,,,,,
1110,,2024-11-21 0:00,,0.835449308,-0.554390814,-0.110961295,-0.313685113,-0.473908106,,,,,,,,,,,,
1389,,2024-11-22 0:00,,0.0278665312,-0.570591774,-0.110961295,-0.313685113,-0.521973185,,,,,,,,,,,,
5554,,2024-11-23 0:00,,-0.439017262,-0.538658665,-0.857855462,-0.313685113,-0.574761023,,,,,,,,,,,,
6907,,2024-11-24 0:00,,-0.687180719,-0.597039768,-1.007234295,-0.313685113,-0.579290609,,,,,,,,,,,,
1380,,2024-11-25 0:00,,-0.506315827,-0.321053086,0.337175205,-0.313685113,-0.834392308,,,,,,,,,,,,
21825,,2024-11-26 0:00,,-0.994230421,-1.143624455,1.681584705,1.734936718,-0.843945237,,,,,,,,,,,,
214,,2024-11-27 0:00,,-1.019467383,-1.828165004,-1.305991962,1.451281387,-0.856503546,,,,,,,,,,,,
1136,,2024-11-29 0:00,,-0.123555239,-1.583647534,-1.156613128,-0.313685113,-0.890936934,,,,,,,,,,,,
613,,2024-12-02 0:00,,0.398008637,-1.561755262,-0.110961295,-0.313685113,-0.955832307,,,,,,,,,,,,
518,,2024-12-03 0:00,,-0.712417681,-1.40755401,0.187796372,-0.313685113,-0.958902111,,,,,,,,,,,,
450,,2024-12-04 0:00,,-0.502109666,-1.244485962,-0.260340128,-0.313685113,-0.962916498,,,,,,,,,,,,
596,,2024-12-05 0:00,,-0.502109666,-0.993177344,0.0384175385,-0.171857447,-0.96609366,,,,,,,,,,,,
549,,2024-12-06 0:00,,-0.371718697,-1.055978685,0.337175205,-0.313685113,-0.972147402,,,,,,,,,,,,
1646,,2024-12-07 0:00,,-0.485285025,-0.930229479,0.337175205,-0.313685113,-0.978329944,,,,,,,,,,,,
1487,,2024-12-08 0:00,,-0.476872704,-1.002683372,-0.110961295,-0.313685113,-0.988698605,,,,,,,,,,,,
840,,2024-12-09 0:00,,-0.0814936365,-0.988051071,-1.007234295,-0.313685113,-1.134826752,,,,,,,,,,,,
737,,2024-12-10 0:00,,0.271823828,-1.282534644,-0.559097795,-0.313685113,-1.136694374,,,,,,,,,,,,
473,,2024-12-11 0:00,,1.054169644,-1.171720658,-1.007234295,-0.313685113,-1.133882169,,,,,,,,,,,,
406,,2024-12-12 0:00,,0.28864847,-1.192614425,-0.260340128,-0.313685113,-1.133925103,,,,,,,,,,,,
383,,2024-12-13 0:00,,-0.253946209,-1.075521922,-0.110961295,-0.313685113,-1.134590594,,,,,,,,,,,,
1017,,2024-12-14 0:00,,-0.232915407,-0.914523947,-0.110961295,-0.313685113,-1.138497622,,,,,,,,,,,,
1227,,2024-12-15 0:00,,-0.573614391,-1.093639061,0.187796372,-0.313685113,-1.139313354,,,,,,,,,,,,
370,,2024-12-16 0:00,,-0.224503087,-0.992082434,-1.604749628,-0.313685113,-1.105915546,,,,,,,,,,,,
386,,2024-12-17 0:00,,-0.367512537,-1.295183966,-0.110961295,-0.313685113,-1.107375328,,,,,,,,,,,,
452,,2024-12-18 0:00,,-0.169823003,-1.144400058,-0.110961295,-0.313685113,-1.109715216,,,,,,,,,,,,
340,,2024-12-19 0:00,,0.793387705,-1.451611564,-1.156613128,-0.313685113,-1.110616865,,,,,,,,,,,,
293,,2024-12-20 0:00,,0.974252598,-1.30676732,-0.409718961,-0.282167854,-1.111819047,,,,,,,,,,,,
583,,2024-12-21 0:00,,0.662996736,-1.491513278,0.785311705,-0.0851849854,-1.11512501,,,,,,,,,,,,
599,,2024-12-22 0:00,,-0.573614391,-1.301412458,-0.260340128,-0.313685113,-1.118323665,,,,,,,,,,,,
360,,2024-12-23 0:00,,-0.262358529,-1.221999424,-0.110961295,-0.313685113,-1.182736458,,,,,,,,,,,,
505,,2024-12-24 0:00,,-0.0983182777,-1.61969709,-1.305991962,-0.313685113,-1.168181677,,,,,,,,,,,,
1595,,2024-12-25 0:00,,-0.0730813159,-1.576795163,-0.409718961,-0.305805798,-1.147294113,,,,,,,,,,,,
424,,2024-12-26 0:00,,1.2813023,-1.295741672,1.681584705,-0.313685113,-1.142249277,,,,,,,,,,,,
709,,2024-12-27 0:00,,-0.195059965,-1.246045944,0.635932872,-0.313685113,-1.142528318,,,,,,,,,,,,
715,,2024-12-28 0:00,,-0.182441484,-1.125239855,0.337175205,-0.313685113,-1.138149024,,,,,,,,,,,,
1156,,2024-12-29 0:00,,-0.392749498,-1.306743753,-1.156613128,-0.313685113,-1.131601524,,,,,,,,,,,,
19266,,2024-12-30 0:00,,0.755532263,-1.476658315,0.0384175385,-0.313685113,-1.092235791,,,,,,,,,,,,
730,,2024-12-31 0:00,,0.801800026,-1.47022432,0.486554039,-0.313685113,-1.097108843,,,,,,,,,,,,
,,,,,-1.18281368,,,,,,,,,,,,,,,
,,,,,-0.92437507,,,,,,,,,,,,,,,
,,,,,-1.083927284,,,,,,,,,,,,,,,
