예술의전당,Unnamed: 1,Date,달러환율,미세먼지(PM10),불쾌지수,Windspeed(m/s),Rainfall(mm),total_7d_avg,weekday_0,weekday_1,weekday_2,weekday_3,weekday_4,weekday_5,weekday_6,season_0,season_1,season_2,season_3,운항수_표준화
,,2023-01-01 0:00,,0.831243148,-1.287139588,0.635932872,-0.313685113,1.569033735,FALSE,TRUE,FALSE,FALSE,FALSE,FALSE,FALSE,TRUE,FALSE,FALSE,FALSE,-1.389810215
6393,,2023-01-02 0:00,-1.118143528,-0.422192621,-1.580707801,0.337175205,-0.313685113,1.689471482,FALSE,FALSE,TRUE,FALSE,FALSE,FALSE,FALSE,TRUE,FALSE,FALSE,FALSE,-1.429029717
4536,,2023-01-03 0:00,-1.183150828,-0.207678445,-1.675281134,-0.708476628,-0.313685113,1.67267697,FALSE,FALSE,FALSE,TRUE,FALSE,FALSE,FALSE,TRUE,FALSE,FALSE,FALSE,-1.523156522
6566,,2023-01-04 0:00,-1.150647178,0.01104189,-1.398577128,-0.559097795,-0.313685113,1.68500804,FALSE,FALSE,FALSE,FALSE,TRUE,FALSE,FALSE,TRUE,FALSE,FALSE,FALSE,-1.30352731
4272,,2023-01-05 0:00,-1.248158129,0.57046121,-1.476530403,-1.007234295,-0.313685113,1.60765496,FALSE,FALSE,FALSE,FALSE,FALSE,TRUE,FALSE,TRUE,FALSE,FALSE,FALSE,-1.099585899
5251,,2023-01-06 0:00,-1.280661779,1.668269047,-1.458677988,-0.110961295,-0.00639183808,1.560183983,FALSE,FALSE,FALSE,FALSE,FALSE,FALSE,TRUE,TRUE,FALSE,FALSE,FALSE,-1.217244405
15237,,2023-01-07 0:00,-1.508187331,3.460093334,-1.497767718,-0.110961295,-0.305805798,1.507190547,TRUE,FALSE,FALSE,FALSE,FALSE,FALSE,FALSE,TRUE,FALSE,FALSE,FALSE,-1.099585899
12275,,2023-01-08 0:00,-1.735712883,4.196171386,-1.351943155,-0.857855462,-0.313685113,1.530150593,FALSE,TRUE,FALSE,FALSE,FALSE,FALSE,FALSE,TRUE,FALSE,FALSE,FALSE,-1.201556605
4870,,2023-01-10 0:00,-2.028245735,0.982664919,-1.043368051,-1.156613128,-0.313685113,2.75302596,FALSE,FALSE,TRUE,FALSE,FALSE,FALSE,FALSE,TRUE,FALSE,FALSE,FALSE,-1.279995609
5022,,2023-01-11 0:00,-1.963238435,1.512641116,-1.188043123,-1.007234295,-0.313685113,2.804695565,FALSE,FALSE,FALSE,TRUE,FALSE,FALSE,FALSE,TRUE,FALSE,FALSE,FALSE,-1.240776107
9480,,2023-01-12 0:00,-2.060749386,1.176148292,-1.118078453,-0.110961295,-0.313685113,2.897973108,FALSE,FALSE,FALSE,FALSE,TRUE,FALSE,FALSE,TRUE,FALSE,FALSE,FALSE,-1.146649302
6719,,2023-01-13 0:00,-2.093253036,-0.56099591,-0.580323463,0.337175205,2.625299282,2.965302443,FALSE,FALSE,FALSE,FALSE,FALSE,TRUE,FALSE,TRUE,FALSE,FALSE,FALSE,-0.981927393
15321,,2023-01-14 0:00,-2.190763987,-0.893282574,-1.065965874,0.337175205,-0.187616077,3.012168188,FALSE,FALSE,FALSE,FALSE,FALSE,FALSE,TRUE,TRUE,FALSE,FALSE,FALSE,-1.1231176
13257,,2023-01-15 0:00,-2.255771287,-0.876457933,-1.153084715,0.785311705,-0.0615470412,3.042088132,TRUE,FALSE,FALSE,FALSE,FALSE,FALSE,FALSE,TRUE,FALSE,FALSE,FALSE,-1.021146895
6164,,2023-01-17 0:00,-2.255771287,-0.216090766,-1.855577819,-0.708476628,-0.313685113,2.487707891,FALSE,TRUE,FALSE,FALSE,FALSE,FALSE,FALSE,TRUE,FALSE,FALSE,FALSE,-1.146649302
6082,,2023-01-18 0:00,-2.255771287,0.71767682,-1.845108167,-0.409718961,-0.313685113,2.520994258,FALSE,FALSE,TRUE,FALSE,FALSE,FALSE,FALSE,TRUE,FALSE,FALSE,FALSE,-1.232932206
7505,,2023-01-19 0:00,-2.353282238,1.037345003,-1.785816652,0.337175205,-0.234891965,2.509381868,FALSE,FALSE,FALSE,TRUE,FALSE,FALSE,FALSE,TRUE,FALSE,FALSE,FALSE,-1.264307808
6608,,2023-01-20 0:00,-2.255771287,1.251859178,-1.540962564,2.129721205,-0.313685113,2.446024269,FALSE,FALSE,FALSE,FALSE,TRUE,FALSE,FALSE,TRUE,FALSE,FALSE,FALSE,-1.130961501
9177,,2023-01-21 0:00,-2.288274938,-0.455841903,-1.520494136,-0.708476628,-0.313685113,2.329370576,FALSE,FALSE,FALSE,FALSE,FALSE,TRUE,FALSE,TRUE,FALSE,FALSE,FALSE,-0.92702009
5295,,2023-01-22 0:00,-2.288274938,-0.325450934,-1.55967449,0.486554039,-0.313685113,2.245133364,FALSE,FALSE,FALSE,FALSE,FALSE,FALSE,TRUE,TRUE,FALSE,FALSE,FALSE,-1.185868804
2496,,2023-01-23 0:00,-2.320778588,0.776563064,-1.721296289,0.635932872,-0.313685113,2.055776106,TRUE,FALSE,FALSE,FALSE,FALSE,FALSE,FALSE,TRUE,FALSE,FALSE,FALSE,-0.879956687
10584,,2023-01-24 0:00,-2.320778588,-0.249740048,-1.446321202,3.474130705,-0.313685113,1.832114285,FALSE,TRUE,FALSE,FALSE,FALSE,FALSE,FALSE,TRUE,FALSE,FALSE,FALSE,-1.30352731
6484,,2023-01-25 0:00,-2.353282238,-0.565202071,-1.521059371,-0.260340128,-0.313685113,1.718713649,FALSE,FALSE,TRUE,FALSE,FALSE,FALSE,FALSE,TRUE,FALSE,FALSE,FALSE,-1.358434613
9716,,2023-01-26 0:00,-2.385785889,-0.287595491,-2.665476195,0.337175205,-0.250650595,1.694618821,FALSE,FALSE,FALSE,TRUE,FALSE,FALSE,FALSE,TRUE,FALSE,FALSE,FALSE,-1.429029717
8814,,2023-01-27 0:00,-2.418289539,0.0446911724,-2.228858466,1.830963539,-0.313685113,1.779801685,FALSE,FALSE,FALSE,FALSE,TRUE,FALSE,FALSE,TRUE,FALSE,FALSE,FALSE,-1.413341916
16293,,2023-01-28 0:00,-2.450793189,0.107783577,-2.236947121,0.187796372,-0.313685113,1.900124376,FALSE,FALSE,FALSE,FALSE,FALSE,TRUE,FALSE,TRUE,FALSE,FALSE,FALSE,-1.327059011
15447,,2023-01-29 0:00,-2.450793189,0.385390156,-2.012092578,0.486554039,-0.313685113,2.000929128,FALSE,FALSE,FALSE,FALSE,FALSE,FALSE,TRUE,TRUE,FALSE,FALSE,FALSE,-1.366278513
9198,,2023-01-31 0:00,-2.418289539,0.0867527754,-1.860752602,0.635932872,-0.313685113,3.020108439,TRUE,FALSE,FALSE,FALSE,FALSE,FALSE,FALSE,TRUE,FALSE,FALSE,FALSE,-1.162337102
6661,,2023-02-01 0:00,-2.353282238,1.096231247,-1.499079559,1.382827039,-0.313685113,3.125414475,FALSE,TRUE,FALSE,FALSE,FALSE,FALSE,FALSE,TRUE,FALSE,FALSE,FALSE,-1.468249219
4441,,2023-02-02 0:00,-2.873340643,0.233968386,-1.375931028,0.337175205,-0.313685113,3.120005462,FALSE,FALSE,TRUE,FALSE,FALSE,FALSE,FALSE,TRUE,FALSE,FALSE,FALSE,-1.413341916
6944,,2023-02-03 0:00,-2.51580049,0.124608218,-1.240040198,-0.110961295,-0.313685113,3.1125917,FALSE,FALSE,FALSE,TRUE,FALSE,FALSE,FALSE,TRUE,FALSE,FALSE,FALSE,-1.366278513
13408,,2023-02-04 0:00,-2.255771287,0.0236603709,-1.378703093,-0.409718961,-0.313685113,3.130937096,FALSE,FALSE,FALSE,FALSE,TRUE,FALSE,FALSE,TRUE,FALSE,FALSE,FALSE,-1.178024903
12692,,2023-02-05 0:00,-2.028245735,1.037345003,-1.441058883,-0.708476628,-0.313685113,3.159911389,FALSE,FALSE,FALSE,FALSE,FALSE,TRUE,FALSE,TRUE,FALSE,FALSE,FALSE,-1.083898098
5366,,2023-02-07 0:00,-1.605698282,1.777629215,-1.320863654,-1.156613128,-0.313685113,1.408119127,FALSE,FALSE,FALSE,FALSE,FALSE,FALSE,TRUE,TRUE,FALSE,FALSE,FALSE,-1.154493202
6800,,2023-02-08 0:00,-1.508187331,1.335982384,-1.219330967,0.337175205,-0.313685113,1.325697453,TRUE,FALSE,FALSE,FALSE,FALSE,FALSE,FALSE,TRUE,FALSE,FALSE,FALSE,-1.091741999
7235,,2023-02-09 0:00,-1.475683681,0.0362788518,-1.336531624,0.337175205,-0.313685113,1.321347537,FALSE,TRUE,FALSE,FALSE,FALSE,FALSE,FALSE,TRUE,FALSE,FALSE,FALSE,-1.240776107
9395,,2023-02-10 0:00,-1.34566908,-0.527346628,-1.225845051,-0.110961295,-0.266409224,1.309243359,FALSE,FALSE,TRUE,FALSE,FALSE,FALSE,FALSE,TRUE,FALSE,FALSE,FALSE,-1.232932206
16035,,2023-02-11 0:00,-1.215654478,0.347534714,-1.184606329,-0.708476628,-0.313685113,1.288704164,FALSE,FALSE,FALSE,TRUE,FALSE,FALSE,FALSE,TRUE,FALSE,FALSE,FALSE,-1.31137121
10067,,2023-02-12 0:00,-1.085639877,1.390662467,-1.170178415,-0.708476628,-0.313685113,1.230112584,FALSE,FALSE,FALSE,FALSE,TRUE,FALSE,FALSE,TRUE,FALSE,FALSE,FALSE,-1.091741999
9014,,2023-02-14 0:00,-1.215654478,0.0867527754,-0.811391645,0.635932872,-0.313685113,3.05154376,FALSE,FALSE,FALSE,FALSE,FALSE,TRUE,FALSE,TRUE,FALSE,FALSE,FALSE,-1.021146895
9311,,2023-02-15 0:00,-0.825610675,-0.741860803,-1.249117196,0.337175205,-0.313685113,3.329674218,FALSE,FALSE,FALSE,FALSE,FALSE,FALSE,TRUE,TRUE,FALSE,FALSE,FALSE,-1.154493202
7327,,2023-02-16 0:00,-0.825610675,-0.283389331,-1.255644169,0.635932872,-0.313685113,3.44447445,TRUE,FALSE,FALSE,FALSE,FALSE,FALSE,FALSE,TRUE,FALSE,FALSE,FALSE,-1.028990795
10120,,2023-02-17 0:00,-0.175537669,0.347534714,-1.123852174,-0.708476628,-0.313685113,3.501099124,FALSE,TRUE,FALSE,FALSE,FALSE,FALSE,FALSE,TRUE,FALSE,FALSE,FALSE,-1.248620007
14898,,2023-02-18 0:00,-0.24054497,1.903814024,-0.856942725,-1.156613128,-0.313685113,3.534763751,FALSE,FALSE,TRUE,FALSE,FALSE,FALSE,FALSE,TRUE,FALSE,FALSE,FALSE,-1.232932206
11773,,2023-02-19 0:00,-0.27304862,0.591492011,-1.106893306,1.532205872,-0.282167854,3.559388128,FALSE,FALSE,FALSE,TRUE,FALSE,FALSE,FALSE,TRUE,FALSE,FALSE,FALSE,-1.217244405
6985,,2023-02-21 0:00,-0.30555227,-0.220296926,-0.839901286,-0.260340128,-0.313685113,2.073775769,FALSE,FALSE,FALSE,FALSE,TRUE,FALSE,FALSE,TRUE,FALSE,FALSE,FALSE,-1.130961501
8850,,2023-02-22 0:00,-0.0455230682,0.305473111,-1.238584095,-0.110961295,-0.313685113,1.802226949,FALSE,FALSE,FALSE,FALSE,FALSE,TRUE,FALSE,TRUE,FALSE,FALSE,FALSE,-0.895644488
8927,,2023-02-23 0:00,-0.370559571,0.238174546,-1.122558506,-0.559097795,-0.313685113,1.698433955,FALSE,FALSE,FALSE,FALSE,FALSE,FALSE,TRUE,TRUE,FALSE,FALSE,FALSE,-1.091741999
10325,,2023-02-24 0:00,-0.143034019,0.654584415,-0.762598406,1.084069372,-0.313685113,1.629062109,TRUE,FALSE,FALSE,FALSE,FALSE,FALSE,FALSE,TRUE,FALSE,FALSE,FALSE,-1.091741999
12415,,2023-02-25 0:00,0.0844915329,0.14563902,-0.947595782,0.934690539,-0.313685113,1.549552993,FALSE,TRUE,FALSE,FALSE,FALSE,FALSE,FALSE,TRUE,FALSE,FALSE,FALSE,-1.130961501
11549,,2023-02-26 0:00,0.312017085,0.0909589357,-1.199428801,-0.260340128,-0.313685113,1.504162449,FALSE,FALSE,TRUE,FALSE,FALSE,FALSE,FALSE,TRUE,FALSE,FALSE,FALSE,-1.178024903
10790,,2023-02-28 0:00,0.507038987,0.0993712563,-1.219074955,-0.409718961,-0.313685113,1.332054372,FALSE,FALSE,FALSE,TRUE,FALSE,FALSE,FALSE,TRUE,FALSE,FALSE,FALSE,-1.170181003
10381,,2023-03-01 0:00,0.377024385,0.0320726915,-1.094327524,1.233448205,-0.313685113,1.290597641,FALSE,FALSE,FALSE,FALSE,TRUE,FALSE,FALSE,TRUE,FALSE,FALSE,FALSE,-1.036834696
5876,,2023-03-02 0:00,0.247009784,0.700852179,-1.139500468,0.785311705,-0.313685113,1.221528372,FALSE,FALSE,FALSE,FALSE,FALSE,TRUE,FALSE,TRUE,FALSE,FALSE,FALSE,-0.919176189
6596,,2023-03-03 0:00,-0.20804132,0.191906783,-0.972989769,-0.260340128,-0.313685113,1.18317341,FALSE,FALSE,FALSE,FALSE,FALSE,FALSE,TRUE,TRUE,FALSE,FALSE,FALSE,-1.146649302
11867,,2023-03-04 0:00,-0.24054497,1.42010559,-1.048386178,-0.559097795,-0.313685113,1.186804647,TRUE,FALSE,FALSE,FALSE,FALSE,FALSE,FALSE,TRUE,FALSE,FALSE,FALSE,-0.93486399
11461,,2023-03-05 0:00,-0.30555227,1.622001284,-0.939914897,-0.857855462,-0.313685113,1.185140317,FALSE,TRUE,FALSE,FALSE,FALSE,FALSE,FALSE,TRUE,FALSE,FALSE,FALSE,-1.076054198
5837,,2023-03-07 0:00,-0.20804132,1.066788125,-0.737327799,0.0384175385,-0.313685113,0.656864243,FALSE,FALSE,TRUE,FALSE,FALSE,FALSE,FALSE,TRUE,FALSE,FALSE,FALSE,-1.146649302
6726,,2023-03-08 0:00,0.474535336,1.209797575,-0.971672099,-0.409718961,-0.219133336,0.626301304,FALSE,FALSE,FALSE,TRUE,FALSE,FALSE,FALSE,TRUE,FALSE,FALSE,FALSE,-1.209400505
5127,,2023-03-09 0:00,0.474535336,1.108849728,-0.678961032,0.0384175385,-0.0221504675,0.617450103,FALSE,FALSE,FALSE,FALSE,TRUE,FALSE,FALSE,FALSE,TRUE,FALSE,FALSE,-1.052522496
6272,,2023-03-10 0:00,0.637053588,2.353873175,-0.81477836,-0.260340128,-0.313685113,0.565023977,FALSE,FALSE,FALSE,FALSE,FALSE,TRUE,FALSE,FALSE,TRUE,FALSE,FALSE,-0.94270789
11505,,2023-03-11 0:00,0.344520735,2.740839923,-0.964501105,0.187796372,-0.313685113,0.499094238,FALSE,FALSE,FALSE,FALSE,FALSE,FALSE,TRUE,FALSE,TRUE,FALSE,FALSE,-1.240776107
9777,,2023-03-12 0:00,0.0844915329,0.919572514,-0.705027795,2.129721205,0.127556512,0.448332523,TRUE,FALSE,FALSE,FALSE,FALSE,FALSE,FALSE,FALSE,TRUE,FALSE,FALSE,-1.052522496
4936,,2023-03-14 0:00,0.0844915329,0.238174546,-0.477752171,0.934690539,-0.313685113,0.599788523,FALSE,TRUE,FALSE,FALSE,FALSE,FALSE,FALSE,FALSE,TRUE,FALSE,FALSE,-1.248620007
6021,,2023-03-15 0:00,-0.143034019,0.43586408,-0.195614302,1.084069372,-0.313685113,0.593925564,FALSE,FALSE,TRUE,FALSE,FALSE,FALSE,FALSE,FALSE,TRUE,FALSE,FALSE,-1.225088306
5472,,2023-03-16 0:00,0.149498833,1.096231247,-0.208252126,0.187796372,-0.313685113,0.59751904,FALSE,FALSE,FALSE,TRUE,FALSE,FALSE,FALSE,FALSE,TRUE,FALSE,FALSE,-1.279995609
6409,,2023-03-17 0:00,-0.143034019,0.305473111,-0.201498502,-0.857855462,-0.313685113,0.630238096,FALSE,FALSE,FALSE,FALSE,TRUE,FALSE,FALSE,FALSE,TRUE,FALSE,FALSE,-1.201556605
14145,,2023-03-18 0:00,-0.0130194179,1.028932682,-0.684053165,0.486554039,-0.313685113,0.706078133,FALSE,FALSE,FALSE,FALSE,FALSE,TRUE,FALSE,FALSE,TRUE,FALSE,FALSE,-0.974083492
12941,,2023-03-19 0:00,0.0844915329,2.446408702,-0.0469852021,-0.260340128,-0.313685113,0.755515936,FALSE,FALSE,FALSE,FALSE,FALSE,FALSE,TRUE,FALSE,TRUE,FALSE,FALSE,-1.232932206
6624,,2023-03-21 0:00,0.116995183,1.121468208,0.252789814,-0.857855462,-0.313685113,1.023209607,TRUE,FALSE,FALSE,FALSE,FALSE,FALSE,FALSE,FALSE,TRUE,FALSE,FALSE,-1.028990795
6687,,2023-03-22 0:00,0.0519878826,1.382250147,-0.877793423,-0.708476628,-0.313685113,1.024760491,FALSE,TRUE,FALSE,FALSE,FALSE,FALSE,FALSE,FALSE,TRUE,FALSE,FALSE,-1.178024903
6951,,2023-03-23 0:00,-0.890617976,2.900674014,-0.762855189,0.337175205,-0.313685113,1.041744053,FALSE,FALSE,TRUE,FALSE,FALSE,FALSE,FALSE,FALSE,TRUE,FALSE,FALSE,-1.225088306
8862,,2023-03-24 0:00,-0.403063221,4.503221087,-0.250075985,0.0384175385,-0.313685113,1.06379629,FALSE,FALSE,FALSE,TRUE,FALSE,FALSE,FALSE,FALSE,TRUE,FALSE,FALSE,-1.240776107
15564,,2023-03-25 0:00,-0.338055921,2.740839923,-0.591263844,0.0384175385,-0.313685113,1.056609419,FALSE,FALSE,FALSE,FALSE,TRUE,FALSE,FALSE,FALSE,TRUE,FALSE,FALSE,-1.060366397
13978,,2023-03-26 0:00,-0.30555227,1.184560613,-0.569341393,1.980342372,-0.313685113,1.036675458,FALSE,FALSE,FALSE,FALSE,FALSE,TRUE,FALSE,FALSE,TRUE,FALSE,FALSE,-0.974083492
2301,,2023-03-28 0:00,-0.24054497,1.277096139,-0.284385974,-0.260340128,-0.313685113,0.562264237,FALSE,FALSE,FALSE,FALSE,FALSE,FALSE,TRUE,FALSE,TRUE,FALSE,FALSE,-1.1152737
4502,,2023-03-29 0:00,-0.175537669,1.882783222,-0.402638093,-0.559097795,-0.313685113,0.493686674,TRUE,FALSE,FALSE,FALSE,FALSE,FALSE,FALSE,FALSE,TRUE,FALSE,FALSE,-1.052522496
3825,,2023-03-30 0:00,-0.24054497,1.811278497,-0.525086048,-0.110961295,-0.313685113,0.406650349,FALSE,TRUE,FALSE,FALSE,FALSE,FALSE,FALSE,FALSE,TRUE,FALSE,FALSE,-1.154493202
3222,,2023-03-31 0:00,-0.175537669,2.681953679,-0.282090846,-0.260340128,-0.313685113,0.27789256,FALSE,FALSE,TRUE,FALSE,FALSE,FALSE,FALSE,FALSE,TRUE,FALSE,FALSE,-1.193712704
4802,,2023-04-01 0:00,0.0194842324,2.248719168,0.262505997,-0.708476628,-0.313685113,0.0972004315,FALSE,FALSE,FALSE,TRUE,FALSE,FALSE,FALSE,FALSE,TRUE,FALSE,FALSE,-1.240776107
3723,,2023-04-02 0:00,0.182002484,0.549430408,0.521745859,0.187796372,-0.313685113,-0.0325408513,FALSE,FALSE,FALSE,FALSE,TRUE,FALSE,FALSE,FALSE,TRUE,FALSE,FALSE,-1.021146895
2762,,2023-04-04 0:00,0.214506134,0.107783577,0.507639194,0.486554039,0.229987604,-0.227041503,FALSE,FALSE,FALSE,FALSE,FALSE,TRUE,FALSE,FALSE,TRUE,FALSE,FALSE,-1.005459094
3185,,2023-04-05 0:00,0.214506134,-0.708211521,0.191747589,1.681584705,3.649610197,-0.237556954,FALSE,FALSE,FALSE,FALSE,FALSE,FALSE,TRUE,FALSE,TRUE,FALSE,FALSE,-1.060366397
3607,,2023-04-06 0:00,0.344520735,0.831243148,-0.116184095,0.337175205,-0.100943615,-0.229727089,TRUE,FALSE,FALSE,FALSE,FALSE,FALSE,FALSE,FALSE,TRUE,FALSE,FALSE,-1.076054198
4204,,2023-04-07 0:00,0.377024385,1.84492778,-0.0688327742,0.934690539,-0.313685113,-0.205745788,FALSE,TRUE,FALSE,FALSE,FALSE,FALSE,FALSE,FALSE,TRUE,FALSE,FALSE,-1.076054198
5443,,2023-04-08 0:00,0.409528036,0.128814378,-0.419458673,1.382827039,-0.313685113,-0.174691062,FALSE,FALSE,TRUE,FALSE,FALSE,FALSE,FALSE,FALSE,TRUE,FALSE,FALSE,-0.997615193
7184,,2023-04-09 0:00,0.409528036,1.028932682,-0.350830098,0.337175205,-0.313685113,-0.135806551,FALSE,FALSE,FALSE,TRUE,FALSE,FALSE,FALSE,FALSE,TRUE,FALSE,FALSE,-0.919176189
2356,,2023-04-11 0:00,0.507038987,0.843861629,-0.0564670148,1.980342372,-0.0851849854,-0.366771748,FALSE,FALSE,FALSE,FALSE,TRUE,FALSE,FALSE,FALSE,TRUE,FALSE,FALSE,-0.809361583
3209,,2023-04-12 0:00,0.637053588,9.668385932,0.193230628,0.635932872,-0.313685113,-0.376379389,FALSE,FALSE,FALSE,FALSE,FALSE,TRUE,FALSE,FALSE,TRUE,FALSE,FALSE,-0.683859176
2724,,2023-04-13 0:00,0.149498833,6.589476595,0.357846265,-0.708476628,-0.313685113,-0.389353534,FALSE,FALSE,FALSE,FALSE,FALSE,FALSE,TRUE,FALSE,TRUE,FALSE,FALSE,-0.785829882
3654,,2023-04-14 0:00,-0.27304862,2.450614862,0.627014913,-1.007234295,-0.313685113,-0.39389258,TRUE,FALSE,FALSE,FALSE,FALSE,FALSE,FALSE,FALSE,TRUE,FALSE,FALSE,-0.801517683
7680,,2023-04-15 0:00,-0.110530369,1.020520361,0.890752606,-0.110961295,0.048763365,-0.373504673,FALSE,TRUE,FALSE,FALSE,FALSE,FALSE,FALSE,FALSE,TRUE,FALSE,FALSE,-0.825049384
5143,,2023-04-16 0:00,0.0194842324,2.925910976,0.912450083,0.337175205,-0.313685113,-0.38413357,FALSE,FALSE,TRUE,FALSE,FALSE,FALSE,FALSE,FALSE,TRUE,FALSE,FALSE,-0.958395691
1229,,2023-04-18 0:00,0.409528036,0.351740874,0.636680047,0.635932872,-0.195495392,-0.544704056,FALSE,FALSE,FALSE,TRUE,FALSE,FALSE,FALSE,FALSE,TRUE,FALSE,FALSE,-0.911332289
2013,,2023-04-19 0:00,0.539542637,-0.0520505144,-0.682370976,0.187796372,-0.313685113,-0.563238502,FALSE,FALSE,FALSE,FALSE,TRUE,FALSE,FALSE,FALSE,TRUE,FALSE,FALSE,-0.75445428
2400,,2023-04-20 0:00,0.507038987,-0.430604941,-0.953680164,0.187796372,-0.274288539,-0.590624068,FALSE,FALSE,FALSE,FALSE,FALSE,TRUE,FALSE,FALSE,TRUE,FALSE,FALSE,-0.75445428
2813,,2023-04-21 0:00,0.702060888,0.675615217,-0.539763384,0.337175205,-0.313685113,-0.628336035,FALSE,FALSE,FALSE,FALSE,FALSE,FALSE,TRUE,FALSE,TRUE,FALSE,FALSE,-0.75445428
4553,,2023-04-22 0:00,0.767068189,0.852273949,-0.359906401,0.486554039,-0.313685113,-0.674936964,TRUE,FALSE,FALSE,FALSE,FALSE,FALSE,FALSE,FALSE,TRUE,FALSE,FALSE,-0.825049384
3137,,2023-04-23 0:00,0.86457914,0.751326102,-0.241575396,-0.260340128,-0.313685113,-0.708525988,FALSE,TRUE,FALSE,FALSE,FALSE,FALSE,FALSE,FALSE,TRUE,FALSE,FALSE,-0.770142081
3366,,2023-04-25 0:00,0.86457914,-0.0520505144,0.0734070866,-0.559097795,-0.282167854,-0.670473602,FALSE,FALSE,TRUE,FALSE,FALSE,FALSE,FALSE,FALSE,TRUE,FALSE,FALSE,-0.895644488
1521,,2023-04-26 0:00,0.994593741,-0.317038613,-0.236443101,1.233448205,-0.313685113,-0.616685883,FALSE,FALSE,FALSE,TRUE,FALSE,FALSE,FALSE,FALSE,TRUE,FALSE,FALSE,-0.864268886
4010,,2023-04-27 0:00,1.027097391,0.0404850121,-0.151832071,-0.559097795,-0.313685113,-0.57205186,FALSE,FALSE,FALSE,FALSE,TRUE,FALSE,FALSE,FALSE,TRUE,FALSE,FALSE,-0.75445428
3847,,2023-04-28 0:00,1.092104692,-0.0141950718,0.0242093042,-0.260340128,-0.163978133,-0.533583372,FALSE,FALSE,FALSE,FALSE,FALSE,TRUE,FALSE,FALSE,TRUE,FALSE,FALSE,-0.75445428
4120,,2023-04-29 0:00,1.092104692,-0.325450934,0.264571974,0.934690539,1.664022885,-0.494736704,FALSE,FALSE,FALSE,FALSE,FALSE,FALSE,TRUE,FALSE,TRUE,FALSE,FALSE,-0.785829882
5662,,2023-04-30 0:00,1.059601041,0.095165096,-0.307891978,1.532205872,-0.305805798,-0.430433453,TRUE,FALSE,FALSE,FALSE,FALSE,FALSE,FALSE,FALSE,TRUE,FALSE,FALSE,-0.817205484
3535,,2023-05-02 0:00,1.027097391,-0.165616842,-0.438342767,-0.260340128,-0.313685113,0.818729091,FALSE,TRUE,FALSE,FALSE,FALSE,FALSE,FALSE,FALSE,TRUE,FALSE,FALSE,-0.903488388
3230,,2023-05-03 0:00,1.059601041,0.196112943,-0.0452319864,-0.260340128,-0.313685113,0.977444667,FALSE,FALSE,TRUE,FALSE,FALSE,FALSE,FALSE,FALSE,TRUE,FALSE,FALSE,-0.75445428
5246,,2023-05-04 0:00,0.539542637,0.322297752,-0.21553571,-0.260340128,-0.313685113,1.078249419,FALSE,FALSE,FALSE,TRUE,FALSE,FALSE,FALSE,FALSE,TRUE,FALSE,FALSE,-0.683859176
3477,,2023-05-05 0:00,0.539542637,-0.931138017,0.453717686,0.337175205,2.065867936,1.088386609,FALSE,FALSE,FALSE,FALSE,TRUE,FALSE,FALSE,FALSE,TRUE,FALSE,FALSE,-0.628951873
5804,,2023-05-06 0:00,0.507038987,-0.939550337,-0.211735982,4.669161372,3.428989385,1.084982344,FALSE,FALSE,FALSE,FALSE,FALSE,TRUE,FALSE,FALSE,TRUE,FALSE,FALSE,-0.676015276
5241,,2023-05-07 0:00,0.507038987,-0.13196756,0.420017927,0.486554039,-0.313685113,1.046892116,FALSE,FALSE,FALSE,FALSE,FALSE,FALSE,TRUE,FALSE,TRUE,FALSE,FALSE,-0.597576272
2137,,2023-05-09 0:00,0.474535336,0.562048889,0.795654648,0.0384175385,-0.313685113,0.0943983404,TRUE,FALSE,FALSE,FALSE,FALSE,FALSE,FALSE,FALSE,TRUE,FALSE,FALSE,-0.707390878
2034,,2023-05-10 0:00,0.637053588,0.784975385,0.573725377,-0.708476628,-0.313685113,-0.0717688398,FALSE,TRUE,FALSE,FALSE,FALSE,FALSE,FALSE,FALSE,TRUE,FALSE,FALSE,-0.730922579
4073,,2023-05-11 0:00,0.637053588,0.587285851,0.46140311,0.0384175385,-0.313685113,-0.173708373,FALSE,FALSE,TRUE,FALSE,FALSE,FALSE,FALSE,FALSE,TRUE,FALSE,FALSE,-0.785829882
5454,,2023-05-12 0:00,0.92958644,0.72188298,-0.390697842,-0.708476628,-0.313685113,-0.169850164,FALSE,FALSE,FALSE,TRUE,FALSE,FALSE,FALSE,FALSE,TRUE,FALSE,FALSE,-0.526981168
7548,,2023-05-13 0:00,0.92958644,0.250793027,-0.477646619,-0.409718961,-0.313685113,-0.163835917,FALSE,FALSE,FALSE,FALSE,TRUE,FALSE,FALSE,FALSE,TRUE,FALSE,FALSE,-0.495605566
7233,,2023-05-14 0:00,0.89708279,-0.485285025,-0.0994527218,-0.409718961,-0.313685113,-0.150748327,FALSE,FALSE,FALSE,FALSE,FALSE,TRUE,FALSE,FALSE,TRUE,FALSE,FALSE,-0.519137267
3834,,2023-05-16 0:00,0.962090091,0.932190995,0.17107678,0.337175205,-0.313685113,0.374805125,FALSE,FALSE,FALSE,FALSE,FALSE,FALSE,TRUE,FALSE,TRUE,FALSE,FALSE,-0.38579096
4402,,2023-05-17 0:00,1.059601041,0.0236603709,-0.421560629,1.681584705,-0.313685113,0.355135897,TRUE,FALSE,FALSE,FALSE,FALSE,FALSE,FALSE,FALSE,TRUE,FALSE,FALSE,-0.613264073
4014,,2023-05-18 0:00,0.89708279,-0.0436381938,-0.269587264,-0.260340128,-0.211254021,0.333802339,FALSE,TRUE,FALSE,FALSE,FALSE,FALSE,FALSE,FALSE,TRUE,FALSE,FALSE,-0.56620067
5786,,2023-05-19 0:00,0.669557238,-0.502109666,0.128452908,0.0384175385,-0.313685113,0.330624966,FALSE,FALSE,TRUE,FALSE,FALSE,FALSE,FALSE,FALSE,TRUE,FALSE,FALSE,-0.668171376
7881,,2023-05-20 0:00,0.572046287,-0.434811101,0.548397085,1.084069372,-0.313685113,0.33179759,FALSE,FALSE,FALSE,TRUE,FALSE,FALSE,FALSE,FALSE,TRUE,FALSE,FALSE,-0.503449467
5003,,2023-05-21 0:00,0.474535336,1.70612449,0.666336183,1.084069372,-0.297926483,0.315646153,FALSE,FALSE,FALSE,FALSE,TRUE,FALSE,FALSE,FALSE,TRUE,FALSE,FALSE,-0.542668969
3169,,2023-05-23 0:00,0.247009784,1.222416056,0.688658485,-0.110961295,-0.313685113,-0.476315704,FALSE,FALSE,FALSE,FALSE,FALSE,TRUE,FALSE,FALSE,TRUE,FALSE,FALSE,-0.472073865
3470,,2023-05-24 0:00,0.377024385,0.1582575,0.0101419096,-0.409718961,-0.313685113,-0.478055638,FALSE,FALSE,FALSE,FALSE,FALSE,FALSE,TRUE,FALSE,TRUE,FALSE,FALSE,-0.511293367
3674,,2023-05-25 0:00,0.572046287,-0.0562566747,-0.448719199,0.187796372,-0.313685113,-0.461488099,TRUE,FALSE,FALSE,FALSE,FALSE,FALSE,FALSE,FALSE,TRUE,FALSE,FALSE,-0.511293367
4079,,2023-05-26 0:00,0.669557238,-0.13617372,0.239181836,-0.260340128,-0.274288539,-0.449119187,FALSE,TRUE,FALSE,FALSE,FALSE,FALSE,FALSE,FALSE,TRUE,FALSE,FALSE,-0.589732371
7272,,2023-05-27 0:00,0.637053588,-0.216090766,0.21936303,-0.857855462,2.191936972,-0.39703356,FALSE,FALSE,TRUE,FALSE,FALSE,FALSE,FALSE,FALSE,TRUE,FALSE,FALSE,-0.57404457
7264,,2023-05-28 0:00,0.637053588,-1.011055062,0.384564066,-0.708476628,2.979868445,-0.314649728,FALSE,FALSE,FALSE,TRUE,FALSE,FALSE,FALSE,FALSE,TRUE,FALSE,FALSE,-0.479917765
2875,,2023-05-30 0:00,0.572046287,0.0404850121,0.548613433,-0.110961295,-0.313685113,0.0224921972,FALSE,FALSE,FALSE,FALSE,TRUE,FALSE,FALSE,FALSE,TRUE,FALSE,FALSE,-0.448542164
4610,,2023-05-31 0:00,0.572046287,-0.291801651,0.696877948,0.337175205,-0.313685113,0.128630359,FALSE,FALSE,FALSE,FALSE,FALSE,TRUE,FALSE,FALSE,TRUE,FALSE,FALSE,-0.432854363
3957,,2023-06-01 0:00,0.539542637,0.14563902,0.579383234,-0.559097795,-0.313685113,0.137178903,FALSE,FALSE,FALSE,FALSE,FALSE,FALSE,TRUE,FALSE,TRUE,FALSE,FALSE,-0.464229964
4436,,2023-06-02 0:00,-0.0130194179,-0.178235323,0.377962653,0.0384175385,-0.313685113,0.133093801,TRUE,FALSE,FALSE,FALSE,FALSE,FALSE,FALSE,FALSE,TRUE,FALSE,FALSE,-0.393634861
7675,,2023-06-03 0:00,-0.0130194179,-0.0520505144,0.478174429,0.635932872,-0.313685113,0.106540279,FALSE,TRUE,FALSE,FALSE,FALSE,FALSE,FALSE,FALSE,TRUE,FALSE,FALSE,-0.487761666
7338,,2023-06-04 0:00,0.0194842324,0.0741342945,0.747277818,0.187796372,-0.313685113,0.0820293485,FALSE,FALSE,TRUE,FALSE,FALSE,FALSE,FALSE,FALSE,TRUE,FALSE,FALSE,-0.534825068
5600,,2023-06-06 0:00,-0.0130194179,-0.607263674,1.113372653,0.486554039,-0.313685113,-0.650583683,FALSE,FALSE,FALSE,TRUE,FALSE,FALSE,FALSE,FALSE,TRUE,FALSE,FALSE,-0.425010462
1097,,2023-06-07 0:00,-0.0780267185,-0.0310197129,0.919701662,-0.260340128,-0.313685113,-0.771587291,FALSE,FALSE,FALSE,FALSE,TRUE,FALSE,FALSE,FALSE,TRUE,FALSE,FALSE,-0.370103159
2789,,2023-06-08 0:00,-0.0455230682,-0.569408231,0.551910886,0.187796372,-0.163978133,-0.808353607,FALSE,FALSE,FALSE,FALSE,FALSE,TRUE,FALSE,FALSE,TRUE,FALSE,FALSE,-0.432854363
4706,,2023-06-09 0:00,-0.435566872,-0.451635743,0.828779853,-0.409718961,-0.219133336,-0.806764961,FALSE,FALSE,FALSE,FALSE,FALSE,FALSE,TRUE,FALSE,TRUE,FALSE,FALSE,-0.456386064
8692,,2023-06-10 0:00,-0.435566872,-0.0184012321,0.651284152,0.0384175385,-0.250650595,-0.819625579,TRUE,FALSE,FALSE,FALSE,FALSE,FALSE,FALSE,FALSE,TRUE,FALSE,FALSE,-0.472073865
5311,,2023-06-11 0:00,-0.468070522,-0.55678975,0.223491731,-0.110961295,2.223454231,-0.88302102,FALSE,TRUE,FALSE,FALSE,FALSE,FALSE,FALSE,FALSE,TRUE,FALSE,FALSE,-0.472073865
2830,,2023-06-13 0:00,-1.085639877,-0.333863254,0.633115004,-0.110961295,-0.313685113,-0.914982669,FALSE,FALSE,TRUE,FALSE,FALSE,FALSE,FALSE,FALSE,TRUE,FALSE,FALSE,-0.56620067
2611,,2023-06-14 0:00,-0.955625276,-0.249740048,0.820909795,-1.156613128,2.097385195,-0.919294743,FALSE,FALSE,FALSE,TRUE,FALSE,FALSE,FALSE,FALSE,TRUE,FALSE,FALSE,-0.464229964
2639,,2023-06-15 0:00,-0.890617976,-0.178235323,0.807905278,-0.260340128,-0.313685113,-0.92292598,FALSE,FALSE,FALSE,FALSE,TRUE,FALSE,FALSE,FALSE,TRUE,FALSE,FALSE,-0.503449467
3217,,2023-06-16 0:00,-1.053136227,-0.350687896,0.906635709,-0.260340128,-0.313685113,-0.930869291,FALSE,FALSE,FALSE,FALSE,FALSE,TRUE,FALSE,FALSE,TRUE,FALSE,FALSE,-0.323039757
6927,,2023-06-17 0:00,-0.955625276,-0.535758949,0.790407598,-0.409718961,-0.313685113,-0.955758402,FALSE,FALSE,FALSE,FALSE,FALSE,FALSE,TRUE,FALSE,TRUE,FALSE,FALSE,-0.519137267
3797,,2023-06-18 0:00,-0.890617976,-0.325450934,0.202065796,-0.409718961,-0.313685113,-0.964647365,TRUE,FALSE,FALSE,FALSE,FALSE,FALSE,FALSE,FALSE,TRUE,FALSE,FALSE,-0.519137267
2797,,2023-06-20 0:00,-0.890617976,0.0404850121,0.0453507284,-0.559097795,0.19059103,-0.807934364,FALSE,TRUE,FALSE,FALSE,FALSE,FALSE,FALSE,FALSE,TRUE,FALSE,FALSE,-0.503449467
3197,,2023-06-21 0:00,-0.468070522,-0.98161194,0.644463503,-0.260340128,1.648264256,-0.801390569,FALSE,FALSE,TRUE,FALSE,FALSE,FALSE,FALSE,FALSE,TRUE,FALSE,FALSE,-0.519137267
4160,,2023-06-22 0:00,-0.435566872,-0.657737597,0.896240779,-0.110961295,-0.313685113,-0.76825549,FALSE,FALSE,FALSE,TRUE,FALSE,FALSE,FALSE,FALSE,TRUE,FALSE,FALSE,-0.417166562
4851,,2023-06-23 0:00,-0.143034019,-0.0352258732,0.885476896,-1.156613128,-0.313685113,-0.767158551,FALSE,FALSE,FALSE,FALSE,TRUE,FALSE,FALSE,FALSE,TRUE,FALSE,FALSE,-0.354415358
10996,,2023-06-24 0:00,-0.110530369,0.120402058,0.809588681,-0.409718961,-0.313685113,-0.723281049,FALSE,FALSE,FALSE,FALSE,FALSE,TRUE,FALSE,FALSE,FALSE,TRUE,FALSE,-0.38579096
9565,,2023-06-25 0:00,-0.0780267185,-0.1277614,0.439327927,-0.260340128,-0.313685113,-0.675318365,FALSE,FALSE,FALSE,FALSE,FALSE,FALSE,TRUE,FALSE,FALSE,TRUE,FALSE,-0.401478761
3443,,2023-06-27 0:00,-0.27304862,-0.628294475,0.815503007,1.382827039,-0.116702244,-0.541982077,TRUE,FALSE,FALSE,FALSE,FALSE,FALSE,FALSE,FALSE,FALSE,TRUE,FALSE,-0.495605566
3379,,2023-06-28 0:00,0.0194842324,-0.232915407,0.814087264,0.337175205,-0.313685113,-0.529121379,FALSE,TRUE,FALSE,FALSE,FALSE,FALSE,FALSE,FALSE,FALSE,TRUE,FALSE,-0.432854363
3705,,2023-06-29 0:00,0.344520735,-0.148792201,0.680966251,0.0384175385,4.713317686,-0.553556625,FALSE,FALSE,TRUE,FALSE,FALSE,FALSE,FALSE,FALSE,FALSE,TRUE,FALSE,-0.330883657
3703,,2023-06-30 0:00,0.409528036,-0.060462835,0.486298051,-0.708476628,-0.234891965,-0.567892524,FALSE,FALSE,FALSE,TRUE,FALSE,FALSE,FALSE,FALSE,FALSE,TRUE,FALSE,-0.409322661
8482,,2023-07-01 0:00,0.279513435,-0.300213972,0.565554619,-0.409718961,-0.313685113,-0.57628978,FALSE,FALSE,FALSE,FALSE,TRUE,FALSE,FALSE,FALSE,FALSE,TRUE,FALSE,-0.338727558
8868,,2023-07-02 0:00,0.182002484,-0.624088315,0.400119139,-0.559097795,-0.313685113,-0.565093492,FALSE,FALSE,FALSE,FALSE,FALSE,TRUE,FALSE,FALSE,FALSE,TRUE,FALSE,-0.495605566
4085,,2023-07-04 0:00,-0.143034019,-0.157204522,0.895011603,0.0384175385,4.555731392,-0.592896047,FALSE,FALSE,FALSE,FALSE,FALSE,FALSE,TRUE,FALSE,FALSE,TRUE,FALSE,-0.393634861
4349,,2023-07-05 0:00,-0.20804132,-0.375924857,0.81070578,2.129721205,0.891850041,-0.575534225,TRUE,FALSE,FALSE,FALSE,FALSE,FALSE,FALSE,FALSE,FALSE,TRUE,FALSE,-0.534825068
3389,,2023-07-06 0:00,-0.175537669,0.427451759,0.625319824,0.635932872,-0.313685113,-0.567174811,FALSE,TRUE,FALSE,FALSE,FALSE,FALSE,FALSE,FALSE,FALSE,TRUE,FALSE,-0.511293367
3881,,2023-07-07 0:00,-0.0455230682,0.330710073,0.705251421,0.0384175385,-0.313685113,-0.557491485,FALSE,FALSE,TRUE,FALSE,FALSE,FALSE,FALSE,FALSE,FALSE,TRUE,FALSE,-0.425010462
8247,,2023-07-08 0:00,-0.0455230682,-0.943756497,0.691656059,-0.110961295,-0.313685113,-0.567666517,FALSE,FALSE,FALSE,TRUE,FALSE,FALSE,FALSE,FALSE,FALSE,TRUE,FALSE,-0.38579096
6208,,2023-07-09 0:00,-0.0780267185,-0.809159368,0.422668295,-0.409718961,3.428989385,-0.598380744,FALSE,FALSE,FALSE,FALSE,TRUE,FALSE,FALSE,FALSE,FALSE,TRUE,FALSE,-0.330883657
1578,,2023-07-11 0:00,-0.468070522,-0.657737597,0.751142266,-0.559097795,4.279955376,-0.364768529,FALSE,FALSE,FALSE,FALSE,FALSE,TRUE,FALSE,FALSE,FALSE,TRUE,FALSE,-0.448542164
3829,,2023-07-12 0:00,-0.598085123,-0.472666544,0.929542358,-1.156613128,-0.258529909,-0.335226845,FALSE,FALSE,FALSE,FALSE,FALSE,FALSE,TRUE,FALSE,FALSE,TRUE,FALSE,-0.417166562
3692,,2023-07-13 0:00,-1.020632577,-0.485285025,1.068838821,-1.007234295,6.903767182,-0.328380393,TRUE,FALSE,FALSE,FALSE,FALSE,FALSE,FALSE,FALSE,FALSE,TRUE,FALSE,-0.432854363
3126,,2023-07-14 0:00,-1.41067638,-0.788128566,1.194210406,0.934690539,5.414576697,-0.34472096,FALSE,TRUE,FALSE,FALSE,FALSE,FALSE,FALSE,FALSE,FALSE,TRUE,FALSE,-0.456386064
8218,,2023-07-15 0:00,-1.37817273,-0.514728147,1.48227847,1.084069372,-0.132460874,-0.350508234,FALSE,FALSE,TRUE,FALSE,FALSE,FALSE,FALSE,FALSE,FALSE,TRUE,FALSE,-0.393634861
6740,,2023-07-16 0:00,-1.37817273,-0.165616842,1.027039088,0.0384175385,0.450608416,-0.326942955,FALSE,FALSE,FALSE,TRUE,FALSE,FALSE,FALSE,FALSE,FALSE,TRUE,FALSE,-0.37794706
2418,,2023-07-18 0:00,-1.44318003,-0.872251772,0.257194408,-1.305991962,-0.132460874,-0.825034431,FALSE,FALSE,FALSE,FALSE,TRUE,FALSE,FALSE,FALSE,FALSE,TRUE,FALSE,-0.37794706
3709,,2023-07-19 0:00,-1.313165429,-0.296007812,0.65274722,-0.857855462,-0.313685113,-0.849167101,FALSE,FALSE,FALSE,FALSE,FALSE,TRUE,FALSE,FALSE,FALSE,TRUE,FALSE,-0.464229964
3224,,2023-07-20 0:00,-1.248158129,0.71767682,0.848559083,-0.708476628,-0.313685113,-0.83570125,FALSE,FALSE,FALSE,FALSE,FALSE,FALSE,TRUE,FALSE,FALSE,TRUE,FALSE,-0.37794706
3678,,2023-07-21 0:00,-0.760603374,1.083612766,1.122106834,-0.708476628,-0.313685113,-0.832145698,TRUE,FALSE,FALSE,FALSE,FALSE,FALSE,FALSE,FALSE,FALSE,TRUE,FALSE,-0.464229964
8350,,2023-07-22 0:00,-0.793107025,-0.115142919,1.367814976,0.486554039,0.655470599,-0.814708191,FALSE,TRUE,FALSE,FALSE,FALSE,FALSE,FALSE,FALSE,FALSE,TRUE,FALSE,-0.432854363
7830,,2023-07-23 0:00,-0.825610675,-1.040498184,0.680766291,-0.260340128,2.85379941,-0.787095652,FALSE,FALSE,TRUE,FALSE,FALSE,FALSE,FALSE,FALSE,FALSE,TRUE,FALSE,-0.362259259
5708,,2023-07-25 0:00,-0.988128926,-0.70400536,0.981146071,0.635932872,0.127556512,-0.718934917,FALSE,FALSE,FALSE,TRUE,FALSE,FALSE,FALSE,FALSE,FALSE,TRUE,FALSE,-0.291664155
7013,,2023-07-26 0:00,-0.988128926,-0.910107215,1.048396405,-0.110961295,-0.234891965,-0.643246168,FALSE,FALSE,FALSE,FALSE,TRUE,FALSE,FALSE,FALSE,FALSE,TRUE,FALSE,-0.213225151
6579,,2023-07-27 0:00,-0.988128926,-0.586232872,0.596991903,-0.559097795,-0.313685113,-0.580380276,FALSE,FALSE,FALSE,FALSE,FALSE,TRUE,FALSE,FALSE,FALSE,TRUE,FALSE,-0.213225151
6399,,2023-07-28 0:00,-0.988128926,-0.161410682,0.776992781,-0.260340128,-0.313685113,-0.485287114,FALSE,FALSE,FALSE,FALSE,FALSE,FALSE,TRUE,FALSE,FALSE,TRUE,FALSE,-0.283820255
10001,,2023-07-29 0:00,-0.988128926,-0.253946209,1.174221876,-0.409718961,-0.313685113,-0.449466449,TRUE,FALSE,FALSE,FALSE,FALSE,FALSE,FALSE,FALSE,FALSE,TRUE,FALSE,-0.291664155
8064,,2023-07-30 0:00,-1.020632577,-0.825984009,1.042947841,-0.559097795,1.65614357,-0.396170437,FALSE,TRUE,FALSE,FALSE,FALSE,FALSE,FALSE,FALSE,FALSE,TRUE,FALSE,-0.275976354
6525,,2023-08-01 0:00,-0.825610675,-0.232915407,1.372240541,-0.559097795,-0.313685113,-0.315034832,FALSE,FALSE,TRUE,FALSE,FALSE,FALSE,FALSE,FALSE,FALSE,TRUE,FALSE,-0.20538125
8387,,2023-08-02 0:00,-0.30555227,-0.0436381938,0.894194414,-0.260340128,-0.313685113,-0.286552246,FALSE,FALSE,FALSE,TRUE,FALSE,FALSE,FALSE,FALSE,FALSE,TRUE,FALSE,-0.150473947
8552,,2023-08-03 0:00,-0.24054497,-0.531552788,0.784773804,-0.260340128,-0.313685113,-0.293285171,FALSE,FALSE,FALSE,FALSE,TRUE,FALSE,FALSE,FALSE,FALSE,TRUE,FALSE,-0.189693449
7806,,2023-08-04 0:00,0.0194842324,-0.586232872,1.206612196,-0.559097795,-0.313685113,-0.339545682,FALSE,FALSE,FALSE,FALSE,FALSE,TRUE,FALSE,FALSE,FALSE,TRUE,FALSE,-0.283820255
9744,,2023-08-05 0:00,0.0194842324,-0.594645193,1.219663612,-0.409718961,-0.313685113,-0.381040175,FALSE,FALSE,FALSE,FALSE,FALSE,FALSE,TRUE,FALSE,FALSE,TRUE,FALSE,-0.134786147
9400,,2023-08-06 0:00,-0.0130194179,-0.548377429,0.969512794,-0.857855462,0.0724013092,-0.459414429,TRUE,FALSE,FALSE,FALSE,FALSE,FALSE,FALSE,FALSE,FALSE,TRUE,FALSE,-0.221069051
4939,,2023-08-08 0:00,0.312017085,-1.112002909,0.758182112,0.934690539,-0.313685113,-0.59289967,FALSE,TRUE,FALSE,FALSE,FALSE,FALSE,FALSE,FALSE,FALSE,TRUE,FALSE,-0.221069051
5717,,2023-08-09 0:00,0.344520735,-1.095178268,0.992011834,1.382827039,-0.297926483,-0.70490087,FALSE,FALSE,TRUE,FALSE,FALSE,FALSE,FALSE,FALSE,FALSE,TRUE,FALSE,-0.174005649
2114,,2023-08-10 0:00,0.312017085,-1.225569237,0.563151127,2.129721205,6.470404871,-0.78115701,FALSE,FALSE,FALSE,TRUE,FALSE,FALSE,FALSE,FALSE,FALSE,TRUE,FALSE,-0.134786147
3771,,2023-08-11 0:00,0.539542637,-0.754479284,0.868869267,0.0384175385,3.365954867,-0.799275353,FALSE,FALSE,FALSE,FALSE,TRUE,FALSE,FALSE,FALSE,FALSE,TRUE,FALSE,-0.0563471422
7053,,2023-08-12 0:00,0.637053588,-0.640912956,0.703287338,-0.559097795,-0.195495392,-0.785279953,FALSE,FALSE,FALSE,FALSE,FALSE,TRUE,FALSE,FALSE,FALSE,TRUE,FALSE,-0.213225151
8375,,2023-08-13 0:00,0.702060888,-0.253946209,0.592097451,-0.857855462,-0.313685113,-0.762622564,FALSE,FALSE,FALSE,FALSE,FALSE,FALSE,TRUE,FALSE,FALSE,TRUE,FALSE,-0.166161748
10710,,2023-08-15 0:00,0.92958644,-0.367512537,0.650770842,0.0384175385,-0.313685113,-0.677137043,TRUE,FALSE,FALSE,FALSE,FALSE,FALSE,FALSE,FALSE,FALSE,TRUE,FALSE,-0.268132454
4141,,2023-08-16 0:00,1.059601041,-0.645119116,0.710035486,-0.260340128,-0.290047168,-0.656030377,FALSE,TRUE,FALSE,FALSE,FALSE,FALSE,FALSE,FALSE,FALSE,TRUE,FALSE,-0.166161748
4480,,2023-08-17 0:00,1.157111992,-0.392749498,0.842344103,-0.857855462,-0.313685113,-0.643056233,FALSE,FALSE,TRUE,FALSE,FALSE,FALSE,FALSE,FALSE,FALSE,TRUE,FALSE,-0.111254445
4470,,2023-08-18 0:00,0.962090091,0.0404850121,0.790144376,-0.559097795,-0.305805798,-0.658640359,FALSE,FALSE,FALSE,TRUE,FALSE,FALSE,FALSE,FALSE,FALSE,TRUE,FALSE,-0.032815441
8547,,2023-08-19 0:00,0.994593741,-0.249740048,1.101404625,-0.559097795,-0.313685113,-0.655500828,FALSE,FALSE,FALSE,FALSE,TRUE,FALSE,FALSE,FALSE,FALSE,TRUE,FALSE,-0.111254445
8474,,2023-08-20 0:00,1.059601041,-0.321244773,1.228983181,-1.007234295,-0.313685113,-0.686820288,FALSE,FALSE,FALSE,FALSE,FALSE,TRUE,FALSE,FALSE,FALSE,TRUE,FALSE,-0.150473947
4879,,2023-08-22 0:00,0.962090091,-0.603057513,1.440461596,0.187796372,3.042902963,-0.335075557,FALSE,FALSE,FALSE,FALSE,FALSE,FALSE,TRUE,FALSE,FALSE,TRUE,FALSE,-0.0563471422
3802,,2023-08-23 0:00,0.962090091,-1.019467383,1.210274204,-0.110961295,2.979868445,-0.355501306,TRUE,FALSE,FALSE,FALSE,FALSE,FALSE,FALSE,FALSE,FALSE,TRUE,FALSE,-0.181849549
2939,,2023-08-24 0:00,0.442031686,-1.141446031,0.711850708,0.785311705,0.0960392534,-0.371917557,FALSE,TRUE,FALSE,FALSE,FALSE,FALSE,FALSE,FALSE,FALSE,TRUE,FALSE,-0.174005649
4836,,2023-08-25 0:00,0.572046287,-0.6997992,1.019442018,0.486554039,-0.313685113,-0.36938326,FALSE,FALSE,TRUE,FALSE,FALSE,FALSE,FALSE,FALSE,FALSE,TRUE,FALSE,0.022091862
10535,,2023-08-26 0:00,0.539542637,0.179288302,1.140970588,-0.708476628,-0.313685113,-0.3454398,FALSE,FALSE,FALSE,TRUE,FALSE,FALSE,FALSE,FALSE,FALSE,TRUE,FALSE,-0.0641910427
11948,,2023-08-27 0:00,0.507038987,-0.228709247,1.116137144,-0.708476628,-0.313685113,-0.294375428,FALSE,FALSE,FALSE,FALSE,TRUE,FALSE,FALSE,FALSE,FALSE,TRUE,FALSE,-0.0485032418
4312,,2023-08-29 0:00,0.442031686,-0.876457933,1.229736373,-0.260340128,4.00417936,-0.541871047,FALSE,FALSE,FALSE,FALSE,FALSE,TRUE,FALSE,FALSE,FALSE,TRUE,FALSE,-0.142630047
5659,,2023-08-30 0:00,0.442031686,-0.636706796,1.407248098,-1.754128462,-0.037909097,-0.527837805,FALSE,FALSE,FALSE,FALSE,FALSE,FALSE,TRUE,FALSE,FALSE,TRUE,FALSE,-0.032815441
4615,,2023-08-31 0:00,0.539542637,-0.523140468,1.37105089,-1.455370795,-0.313685113,-0.5144854,TRUE,FALSE,FALSE,FALSE,FALSE,FALSE,FALSE,FALSE,FALSE,TRUE,FALSE,-0.126942246
5551,,2023-09-01 0:00,0.377024385,-0.359100216,1.336465071,-0.409718961,-0.313685113,-0.502986456,FALSE,TRUE,FALSE,FALSE,FALSE,FALSE,FALSE,FALSE,FALSE,TRUE,FALSE,-0.134786147
10665,,2023-09-02 0:00,0.377024385,-0.211884606,1.281184618,-1.007234295,-0.313685113,-0.50639072,FALSE,FALSE,TRUE,FALSE,FALSE,FALSE,FALSE,FALSE,FALSE,TRUE,FALSE,-0.0406593414
9708,,2023-09-03 0:00,0.344520735,-0.674562238,1.45647619,-0.110961295,-0.305805798,-0.530712521,FALSE,FALSE,FALSE,TRUE,FALSE,FALSE,FALSE,FALSE,FALSE,TRUE,FALSE,-0.0485032418
3920,,2023-09-05 0:00,0.669557238,-0.725036162,1.481616745,-0.708476628,-0.313685113,0.723139633,FALSE,FALSE,FALSE,FALSE,TRUE,FALSE,FALSE,FALSE,FALSE,TRUE,FALSE,0.0534674637
2242,,2023-09-06 0:00,0.832075489,-0.645119116,1.471302702,0.187796372,-0.313685113,0.799395693,FALSE,FALSE,FALSE,FALSE,FALSE,TRUE,FALSE,FALSE,FALSE,TRUE,FALSE,-0.126942246
2975,,2023-09-07 0:00,0.92958644,-0.661943758,1.513685921,0.337175205,-0.313685113,0.853637357,FALSE,FALSE,FALSE,FALSE,FALSE,FALSE,TRUE,FALSE,FALSE,TRUE,FALSE,-0.0249715405
4635,,2023-09-08 0:00,0.86457914,-0.6997992,1.526876153,0.0384175385,-0.313685113,0.869221483,TRUE,FALSE,FALSE,FALSE,FALSE,FALSE,FALSE,FALSE,FALSE,TRUE,FALSE,-0.119098346
11075,,2023-09-09 0:00,0.86457914,-0.161410682,1.388544912,-0.708476628,-0.313685113,0.848531,FALSE,TRUE,FALSE,FALSE,FALSE,FALSE,FALSE,FALSE,FALSE,TRUE,FALSE,-0.0406593414
9805,,2023-09-10 0:00,0.86457914,0.0320726915,1.54385886,-1.007234295,-0.313685113,0.826289713,FALSE,FALSE,TRUE,FALSE,FALSE,FALSE,FALSE,FALSE,FALSE,TRUE,FALSE,-0.0798788435
1937,,2023-09-12 0:00,0.637053588,-0.228709247,1.68614799,-1.156613128,-0.313685113,-0.046956782,FALSE,FALSE,FALSE,TRUE,FALSE,FALSE,FALSE,FALSE,FALSE,TRUE,FALSE,-0.683859176
3301,,2023-09-13 0:00,0.669557238,-0.523140468,1.34538457,-0.708476628,0.93912593,-0.140083037,FALSE,FALSE,FALSE,FALSE,TRUE,FALSE,FALSE,FALSE,FALSE,TRUE,FALSE,0.131906468
3120,,2023-09-14 0:00,0.604549937,-1.065735146,0.437911552,0.187796372,-0.313685113,-0.213426538,FALSE,FALSE,FALSE,FALSE,FALSE,TRUE,FALSE,FALSE,FALSE,TRUE,FALSE,0.0299357624
3037,,2023-09-15 0:00,0.637053588,-1.027879703,0.554484968,0.486554039,-0.148219503,-0.272131645,FALSE,FALSE,FALSE,FALSE,FALSE,FALSE,TRUE,FALSE,FALSE,TRUE,FALSE,-0.0641910427
4805,,2023-09-16 0:00,0.637053588,-0.960581139,0.560279041,-0.857855462,2.735609689,-0.328264612,TRUE,FALSE,FALSE,FALSE,FALSE,FALSE,FALSE,FALSE,FALSE,TRUE,FALSE,-0.119098346
5305,,2023-09-17 0:00,0.637053588,-0.817571688,1.104359004,-1.305991962,-0.0773056707,-0.355461129,FALSE,TRUE,FALSE,FALSE,FALSE,FALSE,FALSE,FALSE,FALSE,TRUE,FALSE,-0.417166562
2633,,2023-09-19 0:00,0.702060888,-0.380131018,1.232117855,-1.007234295,-0.313685113,0.0541157633,FALSE,FALSE,TRUE,FALSE,FALSE,FALSE,FALSE,FALSE,FALSE,TRUE,FALSE,0.0691552646
1566,,2023-09-20 0:00,0.734564539,-0.569408231,1.329713936,0.635932872,2.507109561,0.0872508419,FALSE,FALSE,FALSE,TRUE,FALSE,FALSE,FALSE,FALSE,FALSE,TRUE,FALSE,-0.032815441
2464,,2023-09-21 0:00,1.027097391,-1.044704345,1.193355003,0.0384175385,-0.313685113,0.0702671999,FALSE,FALSE,FALSE,FALSE,TRUE,FALSE,FALSE,FALSE,FALSE,TRUE,FALSE,0.0456235633
3109,,2023-09-22 0:00,1.027097391,-0.632500635,1.270823518,-0.857855462,-0.313685113,0.0446215679,FALSE,FALSE,FALSE,FALSE,FALSE,TRUE,FALSE,FALSE,FALSE,TRUE,FALSE,-0.0955666444
5930,,2023-09-23 0:00,0.994593741,-0.674562238,1.37105089,0.337175205,-0.313685113,0.019959349,FALSE,FALSE,FALSE,FALSE,FALSE,FALSE,TRUE,FALSE,FALSE,TRUE,FALSE,-0.0877227439
6439,,2023-09-24 0:00,0.962090091,-0.968993459,1.409119737,0.934690539,-0.313685113,-0.00527026082,TRUE,FALSE,FALSE,FALSE,FALSE,FALSE,FALSE,FALSE,FALSE,TRUE,FALSE,-0.0641910427
2959,,2023-09-26 0:00,1.482148495,-1.196126115,1.295128981,0.187796372,1.876764383,-1.187516513,FALSE,TRUE,FALSE,FALSE,FALSE,FALSE,FALSE,FALSE,FALSE,TRUE,FALSE,-0.174005649
2819,,2023-09-27 0:00,1.417141195,-1.057322825,1.438089204,-0.708476628,0.0330047356,-1.290174725,FALSE,FALSE,TRUE,FALSE,FALSE,FALSE,FALSE,FALSE,FALSE,TRUE,FALSE,-0.00928373968
2512,,2023-09-28 0:00,1.482148495,0.389596317,1.123352792,-0.409718961,-0.313685113,-1.356482725,FALSE,FALSE,FALSE,TRUE,FALSE,FALSE,FALSE,FALSE,FALSE,TRUE,FALSE,-0.0563471422
2072,,2023-09-29 0:00,1.514652145,0.00683572973,0.708131691,-1.305991962,-0.313685113,-1.414885255,FALSE,FALSE,FALSE,FALSE,TRUE,FALSE,FALSE,FALSE,FALSE,TRUE,FALSE,0.00640406117
3458,,2023-09-30 0:00,1.579659446,-0.371718697,0.818019224,-0.110961295,0.0408840503,-1.449722426,FALSE,FALSE,FALSE,FALSE,FALSE,TRUE,FALSE,FALSE,FALSE,TRUE,FALSE,-0.103410545
5567,,2023-10-01 0:00,1.612163096,-0.354894056,1.042335857,0.187796372,-0.313685113,-1.44832283,FALSE,FALSE,FALSE,FALSE,FALSE,FALSE,TRUE,FALSE,FALSE,TRUE,FALSE,-0.158317848
6975,,2023-10-03 0:00,1.709674047,-0.628294475,1.100273314,-0.857855462,-0.313685113,-1.443784508,TRUE,FALSE,FALSE,FALSE,FALSE,FALSE,FALSE,FALSE,FALSE,TRUE,FALSE,-0.0877227439
1425,,2023-10-04 0:00,1.774681348,-0.569408231,1.037631039,-0.260340128,0.844574153,-1.43054563,FALSE,TRUE,FALSE,FALSE,FALSE,FALSE,FALSE,FALSE,FALSE,TRUE,FALSE,-0.0485032418
3364,,2023-10-05 0:00,1.384637544,-0.169823003,0.543238478,0.486554039,-0.313685113,-1.362422012,FALSE,FALSE,TRUE,FALSE,FALSE,FALSE,FALSE,FALSE,FALSE,TRUE,FALSE,-0.0171276401
4336,,2023-10-06 0:00,1.319630244,-0.535758949,0.6381762,-1.007234295,-0.313685113,-1.293390504,FALSE,FALSE,FALSE,TRUE,FALSE,FALSE,FALSE,FALSE,FALSE,TRUE,FALSE,-0.0563471422
11993,,2023-10-07 0:00,1.352133894,-0.502109666,0.547090103,-0.260340128,-0.313685113,-1.215318826,FALSE,FALSE,FALSE,FALSE,TRUE,FALSE,FALSE,FALSE,FALSE,TRUE,FALSE,-0.738766479
12828,,2023-10-08 0:00,1.384637544,-0.952168818,0.794966285,0.337175205,-0.313685113,-1.158164604,FALSE,FALSE,FALSE,FALSE,FALSE,TRUE,FALSE,FALSE,FALSE,TRUE,FALSE,-0.338727558
3159,,2023-10-10 0:00,1.449644845,-0.611469834,0.9323,-1.007234295,-0.313685113,-0.53207041,FALSE,FALSE,FALSE,FALSE,FALSE,FALSE,TRUE,FALSE,FALSE,FALSE,TRUE,1.198676926
3333,,2023-10-11 0:00,1.027097391,-0.460048063,1.103481872,-0.857855462,-0.313685113,-0.48509122,TRUE,FALSE,FALSE,FALSE,FALSE,FALSE,FALSE,FALSE,FALSE,FALSE,TRUE,1.065330619
3402,,2023-10-12 0:00,1.124608342,-0.304420132,0.973630677,-1.156613128,-0.313685113,-0.475521421,FALSE,TRUE,FALSE,FALSE,FALSE,FALSE,FALSE,FALSE,FALSE,FALSE,TRUE,1.104550121
4642,,2023-10-13 0:00,1.417141195,-0.00578275116,1.068125284,-1.156613128,-0.313685113,-0.451956222,FALSE,FALSE,TRUE,FALSE,FALSE,FALSE,FALSE,FALSE,FALSE,FALSE,TRUE,1.065330619
9576,,2023-10-14 0:00,1.449644845,-0.27918317,1.342482881,-1.305991962,0.143315142,-0.476278022,FALSE,FALSE,FALSE,TRUE,FALSE,FALSE,FALSE,FALSE,FALSE,FALSE,TRUE,1.08886232
7399,,2023-10-15 0:00,1.482148495,-0.41798646,1.33578467,-0.409718961,-0.313685113,-0.533583613,FALSE,FALSE,FALSE,FALSE,TRUE,FALSE,FALSE,FALSE,FALSE,FALSE,TRUE,1.128081822
3182,,2023-10-17 0:00,1.482148495,-0.0436381938,1.302754126,-1.007234295,-0.313685113,-0.35425018,FALSE,FALSE,FALSE,FALSE,FALSE,TRUE,FALSE,FALSE,FALSE,FALSE,TRUE,1.159457424
3510,,2023-10-18 0:00,1.384637544,-0.0941121174,1.137622845,-0.260340128,-0.313685113,-0.35334237,FALSE,FALSE,FALSE,FALSE,FALSE,FALSE,TRUE,FALSE,FALSE,FALSE,TRUE,1.230052528
2867,,2023-10-19 0:00,1.612163096,-0.190853804,1.11371861,-1.156613128,0.332418695,-0.342524263,TRUE,FALSE,FALSE,FALSE,FALSE,FALSE,FALSE,FALSE,FALSE,FALSE,TRUE,1.120237922
2345,,2023-10-20 0:00,1.514652145,-0.55678975,1.081887404,1.382827039,-0.313685113,-0.340670802,FALSE,TRUE,FALSE,FALSE,FALSE,FALSE,FALSE,FALSE,FALSE,FALSE,TRUE,1.08101842
5545,,2023-10-21 0:00,1.514652145,-0.674562238,1.071844586,0.0384175385,-0.227012651,-0.360983025,FALSE,FALSE,TRUE,FALSE,FALSE,FALSE,FALSE,FALSE,FALSE,FALSE,TRUE,1.112394021
4720,,2023-10-22 0:00,1.547155796,-0.455841903,1.061164069,-0.857855462,-0.313685113,-0.369228912,FALSE,FALSE,FALSE,TRUE,FALSE,FALSE,FALSE,FALSE,FALSE,FALSE,TRUE,0.7280429
2679,,2023-10-24 0:00,1.254622943,-0.0310197129,0.520310122,-0.857855462,-0.313685113,-0.496550792,FALSE,FALSE,FALSE,FALSE,TRUE,FALSE,FALSE,FALSE,FALSE,FALSE,TRUE,1.159457424
2626,,2023-10-25 0:00,1.352133894,0.0362788518,0.800814124,-1.305991962,-0.313685113,-0.508617047,FALSE,FALSE,FALSE,FALSE,FALSE,TRUE,FALSE,FALSE,FALSE,FALSE,TRUE,1.112394021
4123,,2023-10-26 0:00,1.644666746,0.625141293,0.567866771,-0.260340128,-0.313685113,-0.459822238,FALSE,FALSE,FALSE,FALSE,FALSE,FALSE,TRUE,FALSE,FALSE,FALSE,TRUE,1.292803731
4254,,2023-10-27 0:00,1.547155796,-0.232915407,0.660398417,-0.559097795,-0.313685113,-0.445637708,TRUE,FALSE,FALSE,FALSE,FALSE,FALSE,FALSE,FALSE,FALSE,FALSE,TRUE,1.151613523
6427,,2023-10-28 0:00,1.514652145,0.0404850121,0.777824631,-1.305991962,-0.313685113,-0.418441192,FALSE,TRUE,FALSE,FALSE,FALSE,FALSE,FALSE,FALSE,FALSE,FALSE,TRUE,1.159457424
3969,,2023-10-29 0:00,1.514652145,-0.199266125,0.847801104,-0.857855462,-0.313685113,-0.402062783,FALSE,FALSE,TRUE,FALSE,FALSE,FALSE,FALSE,FALSE,FALSE,FALSE,TRUE,1.143769623
2616,,2023-10-31 0:00,1.449644845,0.536811927,0.763147823,-0.708476628,-0.313685113,-0.58604879,FALSE,FALSE,FALSE,TRUE,FALSE,FALSE,FALSE,FALSE,FALSE,FALSE,TRUE,1.112394021
2780,,2023-11-01 0:00,1.579659446,0.498956484,0.295098016,0.187796372,-0.313685113,-0.573793405,FALSE,FALSE,FALSE,FALSE,TRUE,FALSE,FALSE,FALSE,FALSE,FALSE,TRUE,1.206520826
2700,,2023-11-02 0:00,1.124608342,0.221349905,0.49175415,0.934690539,-0.313685113,-0.606247647,FALSE,FALSE,FALSE,FALSE,FALSE,TRUE,FALSE,FALSE,FALSE,FALSE,TRUE,1.245740329
3046,,2023-11-03 0:00,0.409528036,-0.0983182777,0.563066882,0.785311705,0.35605664,-0.620659149,FALSE,FALSE,FALSE,FALSE,FALSE,FALSE,TRUE,FALSE,FALSE,FALSE,TRUE,1.371242735
5180,,2023-11-04 0:00,0.214506134,0.671409057,0.748229555,0.486554039,-0.313685113,-0.62988861,TRUE,FALSE,FALSE,FALSE,FALSE,FALSE,FALSE,FALSE,FALSE,FALSE,TRUE,1.214364727
4809,,2023-11-05 0:00,0.0194842324,-0.868045612,0.842182566,1.532205872,0.505763619,-0.612072843,FALSE,TRUE,FALSE,FALSE,FALSE,FALSE,FALSE,FALSE,FALSE,FALSE,TRUE,1.230052528
4350,,2023-11-07 0:00,0.0194842324,-0.611469834,0.697132456,1.382827039,-0.313685113,-0.417761241,FALSE,FALSE,TRUE,FALSE,FALSE,FALSE,FALSE,FALSE,FALSE,FALSE,TRUE,1.261428129
6206,,2023-11-08 0:00,0.0844915329,-0.460048063,0.155886482,-0.857855462,-0.313685113,-0.399680659,FALSE,FALSE,FALSE,TRUE,FALSE,FALSE,FALSE,FALSE,FALSE,FALSE,TRUE,1.230052528
6128,,2023-11-09 0:00,0.0844915329,-0.195059965,0.389737086,-0.260340128,0.0881599387,-0.384663924,FALSE,FALSE,FALSE,FALSE,TRUE,FALSE,FALSE,FALSE,FALSE,FALSE,TRUE,1.543808545
3854,,2023-11-10 0:00,0.377024385,-0.70400536,0.657772302,2.428478872,-0.313685113,-0.36211998,FALSE,FALSE,FALSE,FALSE,FALSE,TRUE,FALSE,FALSE,FALSE,FALSE,TRUE,1.708530454
8846,,2023-11-11 0:00,0.442031686,-0.628294475,0.709362792,-0.110961295,-0.313685113,-0.301031864,FALSE,FALSE,FALSE,FALSE,FALSE,FALSE,TRUE,FALSE,FALSE,FALSE,TRUE,1.418306138
7451,,2023-11-12 0:00,0.539542637,-0.628294475,0.374518207,-0.110961295,-0.313685113,-0.279849594,TRUE,FALSE,FALSE,FALSE,FALSE,FALSE,FALSE,FALSE,FALSE,FALSE,TRUE,1.347711034
3121,,2023-11-14 0:00,0.702060888,-0.338069415,0.469124779,-0.857855462,-0.313685113,0.344390414,FALSE,TRUE,FALSE,FALSE,FALSE,FALSE,FALSE,FALSE,FALSE,FALSE,TRUE,1.441837839
5348,,2023-11-15 0:00,-0.143034019,0.364359355,0.5226413,-1.156613128,-0.313685113,0.501290371,FALSE,FALSE,TRUE,FALSE,FALSE,FALSE,FALSE,FALSE,FALSE,FALSE,TRUE,1.371242735
3818,,2023-11-16 0:00,-0.30555227,0.398008637,0.292944021,-0.559097795,0.348177325,0.529394697,FALSE,FALSE,FALSE,TRUE,FALSE,FALSE,FALSE,FALSE,FALSE,FALSE,TRUE,1.300647632
5934,,2023-11-17 0:00,-0.30555227,-0.636706796,0.154341278,0.934690539,-0.313685113,0.559276799,FALSE,FALSE,FALSE,FALSE,TRUE,FALSE,FALSE,FALSE,FALSE,FALSE,TRUE,1.316335432
9289,,2023-11-18 0:00,-0.403063221,-0.523140468,0.232919358,1.830963539,-0.313685113,0.53718672,FALSE,FALSE,FALSE,FALSE,FALSE,TRUE,FALSE,FALSE,FALSE,FALSE,TRUE,1.355554935
8589,,2023-11-19 0:00,-0.500574172,0.259205348,0.238950701,0.187796372,-0.313685113,0.523758631,FALSE,FALSE,FALSE,FALSE,FALSE,FALSE,TRUE,FALSE,FALSE,FALSE,TRUE,1.418306138
3979,,2023-11-21 0:00,-0.468070522,0.0657219739,0.271670198,-0.857855462,-0.313685113,0.20004552,TRUE,FALSE,FALSE,FALSE,FALSE,FALSE,FALSE,FALSE,FALSE,FALSE,TRUE,1.441837839
2885,,2023-11-22 0:00,-0.20804132,0.313885431,0.243042187,-0.708476628,-0.313685113,0.0266914693,FALSE,TRUE,FALSE,FALSE,FALSE,FALSE,FALSE,FALSE,FALSE,FALSE,TRUE,1.253584229
1236,,2023-11-23 0:00,-0.24054497,2.379110137,0.259822341,1.532205872,-0.305805798,-0.0109827362,FALSE,FALSE,TRUE,FALSE,FALSE,FALSE,FALSE,FALSE,FALSE,FALSE,TRUE,1.379086636
2954,,2023-11-24 0:00,-0.0455230682,-0.754479284,0.243042187,2.279100039,-0.313685113,-0.0470303729,FALSE,FALSE,FALSE,TRUE,FALSE,FALSE,FALSE,FALSE,FALSE,FALSE,TRUE,1.292803731
6663,,2023-11-25 0:00,-0.0455230682,-0.670356078,0.416263572,-0.708476628,-0.313685113,-0.067872144,FALSE,FALSE,FALSE,FALSE,TRUE,FALSE,FALSE,FALSE,FALSE,FALSE,TRUE,1.347711034
6908,,2023-11-26 0:00,-0.0780267185,-0.4137803,0.343248133,-1.305991962,-0.313685113,-0.0682125624,FALSE,FALSE,FALSE,FALSE,FALSE,TRUE,FALSE,FALSE,FALSE,FALSE,TRUE,1.371242735
1385,,2023-11-28 0:00,-0.403063221,-0.1277614,0.250379004,1.382827039,-0.313685113,0.0267308412,FALSE,FALSE,FALSE,FALSE,FALSE,FALSE,TRUE,FALSE,FALSE,FALSE,TRUE,1.339867134
2899,,2023-11-29 0:00,-0.565581473,-0.729242322,-0.22835423,0.337175205,-0.313685113,0.0305890508,TRUE,FALSE,FALSE,FALSE,FALSE,FALSE,FALSE,FALSE,FALSE,FALSE,TRUE,1.300647632
3884,,2023-11-30 0:00,-0.500574172,-0.6997992,-0.0238659128,0.785311705,-0.313685113,0.00569993989,FALSE,TRUE,FALSE,FALSE,FALSE,FALSE,FALSE,FALSE,FALSE,FALSE,TRUE,1.237896428
4431,,2023-12-01 0:00,-0.0455230682,-0.493697346,0.138261428,-0.409718961,-0.313685113,-0.0104893388,FALSE,FALSE,TRUE,FALSE,FALSE,FALSE,FALSE,FALSE,FALSE,FALSE,TRUE,1.284959831
4285,,2023-12-02 0:00,-0.0780267185,-0.00578275116,0.0684900705,0.187796372,-0.313685113,-0.0252791018,FALSE,FALSE,FALSE,TRUE,FALSE,FALSE,FALSE,FALSE,FALSE,FALSE,TRUE,1.198676926
3710,,2023-12-03 0:00,-0.0780267185,0.14563902,0.105806935,-0.857855462,-0.313685113,-0.0413170924,FALSE,FALSE,FALSE,FALSE,TRUE,FALSE,FALSE,FALSE,FALSE,FALSE,TRUE,1.316335432
2029,,2023-12-05 0:00,0.149498833,0.28864847,0.0338445756,-0.409718961,-0.313685113,-0.519928552,FALSE,FALSE,FALSE,FALSE,FALSE,TRUE,FALSE,FALSE,FALSE,FALSE,TRUE,1.379086636
1956,,2023-12-06 0:00,0.247009784,1.243446857,-0.0303807163,0.0384175385,-0.0142711528,-0.529838769,FALSE,FALSE,FALSE,FALSE,FALSE,FALSE,TRUE,FALSE,FALSE,FALSE,TRUE,1.371242735
2392,,2023-12-07 0:00,0.604549937,1.180354453,-0.253779029,0.486554039,-0.313685113,-0.529157933,TRUE,FALSE,FALSE,FALSE,FALSE,FALSE,FALSE,FALSE,FALSE,FALSE,TRUE,1.230052528
3433,,2023-12-08 0:00,-0.0130194179,2.000555711,-0.214828878,1.084069372,-0.313685113,-0.531124839,FALSE,TRUE,FALSE,FALSE,FALSE,FALSE,FALSE,FALSE,FALSE,FALSE,TRUE,1.245740329
6551,,2023-12-09 0:00,0.116995183,1.56311504,-0.0327282208,-0.409718961,-0.313685113,-0.49152165,FALSE,FALSE,TRUE,FALSE,FALSE,FALSE,FALSE,FALSE,FALSE,FALSE,TRUE,1.284959831
7565,,2023-12-10 0:00,0.247009784,1.836515459,-0.0543079388,-3.397295628,-0.313685113,-0.442613315,FALSE,FALSE,FALSE,TRUE,FALSE,FALSE,FALSE,FALSE,FALSE,FALSE,TRUE,1.284959831
4182,,2023-12-12 0:00,0.344520735,-1.133033711,0.0443367446,0.635932872,-0.282167854,-0.591270283,FALSE,FALSE,FALSE,FALSE,TRUE,FALSE,FALSE,FALSE,FALSE,FALSE,TRUE,1.410462238
4367,,2023-12-13 0:00,0.442031686,-0.872251772,0.0939677884,0.187796372,-0.313685113,-0.516149006,FALSE,FALSE,FALSE,FALSE,FALSE,TRUE,FALSE,FALSE,FALSE,FALSE,TRUE,1.426150038
4771,,2023-12-14 0:00,-0.370559571,-1.040498184,0.0522856621,3.324751872,1.025798392,-0.468299768,FALSE,FALSE,FALSE,FALSE,FALSE,FALSE,TRUE,FALSE,FALSE,FALSE,TRUE,1.418306138
5203,,2023-12-15 0:00,-0.435566872,-1.217156917,0.0114359744,1.980342372,2.136781769,-0.411675094,TRUE,FALSE,FALSE,FALSE,FALSE,FALSE,FALSE,FALSE,FALSE,FALSE,TRUE,1.300647632
10553,,2023-12-16 0:00,-0.370559571,-0.741860803,0.0975123418,4.370403706,-0.195495392,-0.364468932,FALSE,TRUE,FALSE,FALSE,FALSE,FALSE,FALSE,FALSE,FALSE,FALSE,TRUE,1.347711034
9296,,2023-12-17 0:00,-0.30555227,-0.851220971,-0.0190914227,1.382827039,-0.313685113,-0.330993435,FALSE,FALSE,TRUE,FALSE,FALSE,FALSE,FALSE,FALSE,FALSE,FALSE,TRUE,1.245740329
6788,,2023-12-19 0:00,0.0519878826,-0.41798646,0.0681023049,-0.559097795,-0.290047168,0.724576267,FALSE,FALSE,FALSE,TRUE,FALSE,FALSE,FALSE,FALSE,FALSE,FALSE,TRUE,1.222208627
6195,,2023-12-20 0:00,-0.175537669,0.330710073,0.243358453,1.681584705,-0.250650595,0.732065713,FALSE,FALSE,FALSE,FALSE,TRUE,FALSE,FALSE,FALSE,FALSE,FALSE,TRUE,1.292803731
6263,,2023-12-21 0:00,-0.0455230682,-0.607263674,0.561254238,1.084069372,-0.313685113,0.769475024,FALSE,FALSE,FALSE,FALSE,FALSE,TRUE,FALSE,FALSE,FALSE,FALSE,TRUE,1.292803731
6428,,2023-12-22 0:00,-0.175537669,-0.573614391,0.274383525,0.635932872,-0.313685113,0.780179605,FALSE,FALSE,FALSE,FALSE,FALSE,FALSE,TRUE,FALSE,FALSE,FALSE,TRUE,1.379086636
12545,,2023-12-23 0:00,-0.20804132,-0.216090766,0.164309596,-0.708476628,-0.313685113,0.819291168,TRUE,FALSE,FALSE,FALSE,FALSE,FALSE,FALSE,FALSE,FALSE,FALSE,TRUE,1.253584229
14116,,2023-12-24 0:00,-0.27304862,-0.0310197129,0.00580997552,-1.007234295,-0.227012651,0.871338953,FALSE,TRUE,FALSE,FALSE,FALSE,FALSE,FALSE,FALSE,FALSE,FALSE,TRUE,1.324179333
2479,,2023-12-25 0:00,-0.338055921,0.309679271,-0.369047398,-1.156613128,-0.258529909,0.241650479,FALSE,FALSE,TRUE,FALSE,FALSE,FALSE,FALSE,FALSE,FALSE,FALSE,TRUE,1.002579415
5251,,2023-12-26 0:00,-0.370559571,0.528399607,-0.811196891,-0.708476628,-0.313685113,0.151020679,FALSE,FALSE,FALSE,TRUE,FALSE,FALSE,FALSE,FALSE,FALSE,FALSE,TRUE,1.284959831
6837,,2023-12-27 0:00,-0.435566872,1.676681368,-0.453674719,-1.305991962,-0.313685113,0.121441234,FALSE,FALSE,FALSE,FALSE,TRUE,FALSE,FALSE,FALSE,FALSE,FALSE,TRUE,1.300647632
6712,,2023-12-28 0:00,-0.630588773,0.801800026,-0.401568515,-1.007234295,-0.313685113,0.07900109,FALSE,FALSE,FALSE,FALSE,FALSE,TRUE,FALSE,FALSE,FALSE,FALSE,TRUE,1.347711034
6545,,2023-12-29 0:00,-0.533077822,0.351740874,-0.915047303,-0.857855462,-0.313685113,0.0445421799,FALSE,FALSE,FALSE,FALSE,FALSE,FALSE,TRUE,FALSE,FALSE,FALSE,TRUE,1.300647632
7209,,2023-12-30 0:00,,0.166669821,-1.007050559,0.486554039,0.718505117,-0.0367825549,TRUE,FALSE,FALSE,FALSE,FALSE,FALSE,FALSE,FALSE,FALSE,FALSE,TRUE,1.230052528
9470,,2023-12-31 0:00,,-0.506315827,-1.140108126,-0.409718961,0.0566426798,-0.0137468242,FALSE,TRUE,FALSE,FALSE,FALSE,FALSE,FALSE,FALSE,FALSE,FALSE,TRUE,1.386930536
219,,2024-01-01 0:00,,-0.455841903,-1.064708562,-0.857855462,-0.313685113,-0.420262124,FALSE,FALSE,TRUE,FALSE,FALSE,FALSE,FALSE,FALSE,FALSE,FALSE,TRUE,1.292803731
3169,,2024-01-02 0:00,,0.217143745,-0.940366645,-1.007234295,-0.313685113,-0.448215082,FALSE,FALSE,FALSE,TRUE,FALSE,FALSE,FALSE,FALSE,FALSE,FALSE,TRUE,1.182989125
3499,,2024-01-03 0:00,,0.284442309,-0.815793074,-1.007234295,-0.266409224,-0.501019468,FALSE,FALSE,FALSE,FALSE,TRUE,FALSE,FALSE,FALSE,FALSE,FALSE,TRUE,1.26927203
3290,,2024-01-04 0:00,,0.730295301,-1.043748705,-0.559097795,-0.313685113,-0.521823397,FALSE,FALSE,FALSE,FALSE,FALSE,TRUE,FALSE,FALSE,FALSE,FALSE,TRUE,1.347711034
4005,,2024-01-05 0:00,,1.929050985,-1.17947999,0.0384175385,-0.313685113,-0.55374809,FALSE,FALSE,FALSE,FALSE,FALSE,FALSE,TRUE,FALSE,FALSE,FALSE,TRUE,1.386930536
10544,,2024-01-06 0:00,,-0.375924857,-1.272020549,-0.110961295,-0.124581559,-0.557568458,TRUE,FALSE,FALSE,FALSE,FALSE,FALSE,FALSE,FALSE,FALSE,FALSE,TRUE,1.46536954
8801,,2024-01-07 0:00,,-0.472666544,-0.881963563,1.233448205,-0.313685113,-0.675886481,FALSE,TRUE,FALSE,FALSE,FALSE,FALSE,FALSE,FALSE,FALSE,FALSE,TRUE,1.418306138
2235,,2024-01-09 0:00,,-0.0562566747,-0.714887118,-0.409718961,-0.187616077,0.0439762383,FALSE,FALSE,TRUE,FALSE,FALSE,FALSE,FALSE,FALSE,FALSE,FALSE,TRUE,1.308491532
3446,,2024-01-10 0:00,,1.348600864,-0.613564848,-0.857855462,-0.313685113,0.047153611,FALSE,FALSE,FALSE,TRUE,FALSE,FALSE,FALSE,FALSE,FALSE,FALSE,TRUE,1.222208627
2675,,2024-01-11 0:00,,1.201385254,-0.522625129,-0.559097795,-0.313685113,0.0476074754,FALSE,FALSE,FALSE,FALSE,TRUE,FALSE,FALSE,FALSE,FALSE,FALSE,TRUE,1.371242735
3972,,2024-01-12 0:00,,0.835449308,-0.523672405,0.0384175385,-0.313685113,0.0595981262,FALSE,FALSE,FALSE,FALSE,FALSE,TRUE,FALSE,FALSE,FALSE,FALSE,TRUE,1.418306138
7713,,2024-01-13 0:00,,-0.388543338,-1.375112545,-1.305991962,-0.313685113,0.0624349999,FALSE,FALSE,FALSE,FALSE,FALSE,FALSE,TRUE,FALSE,FALSE,FALSE,TRUE,1.481057341
7391,,2024-01-14 0:00,,-0.060462835,-1.224883908,-0.260340128,-0.0694263559,0.0640993304,TRUE,FALSE,FALSE,FALSE,FALSE,FALSE,FALSE,FALSE,FALSE,FALSE,TRUE,1.363398835
3206,,2024-01-16 0:00,,-0.140379881,-0.722784778,-1.156613128,-0.313685113,-0.828098438,FALSE,TRUE,FALSE,FALSE,FALSE,FALSE,FALSE,FALSE,FALSE,FALSE,TRUE,1.332023233
3527,,2024-01-17 0:00,,0.0615158136,-1.054813648,-0.409718961,0.450608416,-0.836079591,FALSE,FALSE,TRUE,FALSE,FALSE,FALSE,FALSE,FALSE,FALSE,FALSE,TRUE,1.300647632
3822,,2024-01-18 0:00,,-0.405367979,-1.183229109,0.187796372,-0.274288539,-0.847805508,FALSE,FALSE,FALSE,TRUE,FALSE,FALSE,FALSE,FALSE,FALSE,FALSE,TRUE,1.27711593
4413,,2024-01-19 0:00,,-0.851220971,-1.468519176,3.324751872,-0.313685113,-0.847729824,FALSE,FALSE,FALSE,FALSE,TRUE,FALSE,FALSE,FALSE,FALSE,FALSE,TRUE,1.386930536
8642,,2024-01-20 0:00,,-1.208744596,-1.599714452,4.519782539,-0.282167854,-0.873602428,FALSE,FALSE,FALSE,FALSE,FALSE,TRUE,FALSE,FALSE,FALSE,FALSE,TRUE,1.426150038
7558,,2024-01-21 0:00,,-0.939550337,-1.592496548,0.337175205,-0.282167854,-0.896675921,FALSE,FALSE,FALSE,FALSE,FALSE,FALSE,TRUE,TRUE,FALSE,FALSE,FALSE,1.567340246
4600,,2024-01-23 0:00,,-0.523140468,-1.161522449,2.428478872,-0.313685113,-0.775480927,TRUE,FALSE,FALSE,FALSE,FALSE,FALSE,FALSE,TRUE,FALSE,FALSE,FALSE,1.418306138
4855,,2024-01-24 0:00,,-0.481078865,-1.215084115,1.532205872,-0.313685113,-0.760993821,FALSE,TRUE,FALSE,FALSE,FALSE,FALSE,FALSE,TRUE,FALSE,FALSE,FALSE,1.379086636
6761,,2024-01-25 0:00,,-0.514728147,-1.074203114,-0.260340128,-0.313685113,-0.754109527,FALSE,FALSE,TRUE,FALSE,FALSE,FALSE,FALSE,TRUE,FALSE,FALSE,FALSE,1.363398835
6219,,2024-01-26 0:00,,-0.0562566747,-0.614495265,-0.559097795,-0.313685113,-0.751159207,FALSE,FALSE,FALSE,TRUE,FALSE,FALSE,FALSE,TRUE,FALSE,FALSE,FALSE,1.284959831
10365,,2024-01-27 0:00,,0.709264499,-0.970440193,-0.708476628,-0.313685113,-0.728993444,FALSE,FALSE,FALSE,FALSE,TRUE,FALSE,FALSE,TRUE,FALSE,FALSE,FALSE,1.371242735
10547,,2024-01-28 0:00,,-0.102524438,-0.753108676,-0.559097795,-0.313685113,-0.717986206,FALSE,FALSE,FALSE,FALSE,FALSE,TRUE,FALSE,TRUE,FALSE,FALSE,FALSE,1.535964644
6696,,2024-01-30 0:00,,0.957427957,-0.425496488,-1.305991962,-0.313685113,-0.747112512,FALSE,FALSE,FALSE,FALSE,FALSE,FALSE,TRUE,TRUE,FALSE,FALSE,FALSE,1.535964644
7825,,2024-01-31 0:00,,0.949015636,-0.302395903,-0.559097795,-0.313685113,-0.732209303,TRUE,FALSE,FALSE,FALSE,FALSE,FALSE,FALSE,TRUE,FALSE,FALSE,FALSE,1.308491532
4833,,2024-02-01 0:00,,1.98793723,-0.331756482,-0.260340128,-0.313685113,-0.721088619,FALSE,TRUE,FALSE,FALSE,FALSE,FALSE,FALSE,TRUE,FALSE,FALSE,FALSE,1.46536954
4997,,2024-02-02 0:00,,0.376977836,-0.78394326,-0.260340128,-0.313685113,-0.732549721,FALSE,FALSE,TRUE,FALSE,FALSE,FALSE,FALSE,TRUE,FALSE,FALSE,FALSE,1.410462238
8004,,2024-02-03 0:00,,0.120402058,-1.033282867,-0.110961295,-0.313685113,-0.770034716,FALSE,FALSE,FALSE,TRUE,FALSE,FALSE,FALSE,TRUE,FALSE,FALSE,FALSE,1.245740329
7363,,2024-02-04 0:00,,-0.426398781,-0.87298024,-0.708476628,-0.313685113,-0.788947503,FALSE,FALSE,FALSE,FALSE,TRUE,FALSE,FALSE,TRUE,FALSE,FALSE,FALSE,1.418306138
3399,,2024-02-06 0:00,,-0.901694894,-0.954247846,-0.110961295,-0.297926483,-0.236044717,FALSE,FALSE,FALSE,FALSE,FALSE,TRUE,FALSE,TRUE,FALSE,FALSE,FALSE,1.394774437
3864,,2024-02-07 0:00,,-0.106730598,-1.360068256,-0.260340128,-0.313685113,-0.297019307,FALSE,FALSE,FALSE,FALSE,FALSE,FALSE,TRUE,TRUE,FALSE,FALSE,FALSE,1.661467051
2809,,2024-02-08 0:00,,0.128814378,-1.881434695,-1.007234295,-0.313685113,-0.363176018,TRUE,FALSE,FALSE,FALSE,FALSE,FALSE,FALSE,TRUE,FALSE,FALSE,FALSE,1.308491532
4919,,2024-02-09 0:00,,-0.00157659086,-2.141247536,-0.110961295,-0.313685113,-0.419157617,FALSE,TRUE,FALSE,FALSE,FALSE,FALSE,FALSE,TRUE,FALSE,FALSE,FALSE,1.575184146
4228,,2024-02-10 0:00,,0.448482561,-1.879452157,-0.559097795,-0.313685113,-0.46307296,FALSE,FALSE,TRUE,FALSE,FALSE,FALSE,FALSE,TRUE,FALSE,FALSE,FALSE,1.473213441
6227,,2024-02-11 0:00,,1.092025086,-1.75635728,-0.110961295,-0.313685113,-0.458798648,FALSE,FALSE,FALSE,TRUE,FALSE,FALSE,FALSE,TRUE,FALSE,FALSE,FALSE,1.371242735
1072,,2024-02-12 0:00,,1.222416056,-2.136271323,-0.708476628,-0.313685113,-1.008296445,FALSE,FALSE,FALSE,FALSE,TRUE,FALSE,FALSE,TRUE,FALSE,FALSE,FALSE,1.504589043
2587,,2024-02-13 0:00,,1.314951582,-2.457356048,0.337175205,-0.313685113,-1.015256343,FALSE,FALSE,FALSE,FALSE,FALSE,TRUE,FALSE,TRUE,FALSE,FALSE,FALSE,0.563320991
5804,,2024-02-14 0:00,,0.402214798,-2.361236502,-0.110961295,-0.313685113,-0.947700116,FALSE,FALSE,FALSE,FALSE,FALSE,FALSE,TRUE,TRUE,FALSE,FALSE,FALSE,1.245740329
4696,,2024-02-15 0:00,,-0.523140468,-1.916579462,0.934690539,0.545160193,-0.861949861,TRUE,FALSE,FALSE,FALSE,FALSE,FALSE,FALSE,TRUE,FALSE,FALSE,FALSE,1.677154852
3862,,2024-02-16 0:00,,-0.371718697,-1.758820376,-0.708476628,-0.313685113,-0.770336648,FALSE,TRUE,FALSE,FALSE,FALSE,FALSE,FALSE,TRUE,FALSE,FALSE,FALSE,1.551652445
8910,,2024-02-17 0:00,,0.385390156,-1.716649808,-0.857855462,-0.313685113,-0.684094687,FALSE,FALSE,TRUE,FALSE,FALSE,FALSE,FALSE,TRUE,FALSE,FALSE,FALSE,1.606559748
9250,,2024-02-18 0:00,,0.111989737,-1.34374008,0.785311705,1.033677706,-0.659810728,FALSE,FALSE,FALSE,TRUE,FALSE,FALSE,FALSE,TRUE,FALSE,FALSE,FALSE,0.406442983
4392,,2024-02-20 0:00,,-0.245533888,-1.43636146,1.681584705,-0.10882293,-0.561578036,FALSE,FALSE,FALSE,FALSE,TRUE,FALSE,FALSE,TRUE,FALSE,FALSE,FALSE,1.198676926
5574,,2024-02-21 0:00,,-1.26342468,-1.364719206,4.370403706,1.08883291,-0.561729324,FALSE,FALSE,FALSE,FALSE,FALSE,TRUE,FALSE,TRUE,FALSE,FALSE,FALSE,1.653623151
4339,,2024-02-22 0:00,,-1.191919955,-1.376249415,2.876615372,0.379694584,-0.607006342,FALSE,FALSE,FALSE,FALSE,FALSE,FALSE,TRUE,TRUE,FALSE,FALSE,FALSE,1.575184146
6858,,2024-02-23 0:00,,-1.065735146,-1.747279104,1.830963539,-0.282167854,-0.633295049,TRUE,FALSE,FALSE,FALSE,FALSE,FALSE,FALSE,TRUE,FALSE,FALSE,FALSE,1.473213441
10222,,2024-02-24 0:00,,-0.889076414,-1.645416952,0.934690539,-0.132460874,-0.629285551,FALSE,TRUE,FALSE,FALSE,FALSE,FALSE,FALSE,TRUE,FALSE,FALSE,FALSE,1.520276843
8895,,2024-02-25 0:00,,-0.863839452,-1.352811032,-0.409718961,-0.171857447,-0.642410984,,,,,,,,,,,,
6558,,2024-02-27 0:00,,-0.69559304,-1.240033607,1.084069372,-0.313685113,-0.719424289,,,,,,,,,,,,
6507,,2024-02-28 0:00,,-0.0941121174,-1.460595528,-0.260340128,-0.313685113,-0.715641763,,,,,,,,,,,,
6793,,2024-02-29 0:00,,0.877510911,-1.413474205,-0.110961295,-0.313685113,-0.701646364,,,,,,,,,,,,
10074,,2024-03-01 0:00,,0.128814378,-1.094126899,3.175373039,-0.313685113,-0.672709913,,,,,,,,,,,,
8415,,2024-03-02 0:00,,-0.0310197129,-1.333943752,1.382827039,-0.313685113,-0.70452108,,,,,,,,,,,,
7720,,2024-03-03 0:00,,3.203517556,-1.74108189,0.934690539,-0.313685113,-0.755661136,,,,,,,,,,,,
2538,,2024-03-05 0:00,,0.494750324,-1.77644424,0.934690539,-0.313685113,-0.698958524,,,,,,,,,,,,
2755,,2024-03-06 0:00,,-0.855427131,-1.752913845,0.785311705,-0.313685113,-0.759933113,,,,,,,,,,,,
2941,,2024-03-07 0:00,,-0.228709247,-1.820624087,1.084069372,-0.148219503,-0.781266672,,,,,,,,,,,,
4096,,2024-03-08 0:00,,0.376977836,-1.473458821,1.681584705,-0.313685113,-0.846061629,,,,,,,,,,,,
6674,,2024-03-09 0:00,,-0.0394320335,-1.281243104,0.635932872,-0.313685113,-0.871782945,,,,,,,,,,,,
6781,,2024-03-10 0:00,,-0.241327728,-1.081787528,-0.260340128,-0.313685113,-0.856614921,,,,,,,,,,,,
3840,,2024-03-12 0:00,,-0.106730598,-1.615525632,-3.397295628,-0.148219503,-0.587748708,,,,,,,,,,,,
4345,,2024-03-13 0:00,,0.347534714,-1.58254698,0.635932872,-0.313685113,-0.512740876,,,,,,,,,,,,
4628,,2024-03-14 0:00,,0.957427957,-1.404511201,-3.397295628,-0.313685113,-0.516939504,,,,,,,,,,,,
4765,,2024-03-15 0:00,,0.620935133,-1.553442533,0.0384175385,-0.313685113,-0.505062299,,,,,,,,,,,,
8872,,2024-03-16 0:00,,0.692439858,-1.205731719,-0.260340128,-0.313685113,-0.491104742,,,,,,,,,,,,
7662,,2024-03-17 0:00,,2.538944229,-0.891057596,2.129721205,-0.305805798,-0.491747737,,,,,,,,,,,,
3948,,2024-03-19 0:00,,0.519987286,-1.1465564,2.129721205,-0.297926483,-0.383603297,,,,,,,,,,,,
4963,,2024-03-20 0:00,,0.170875981,-1.404995223,1.681584705,-0.313685113,-0.448927802,,,,,,,,,,,,
4129,,2024-03-21 0:00,,0.0362788518,-2.287321698,-0.409718961,-0.313685113,-0.433078942,,,,,,,,,,,,
5680,,2024-03-22 0:00,,0.263411508,-2.398757373,1.681584705,0.111797883,-0.430166384,,,,,,,,,,,,
11542,,2024-03-23 0:00,,0.915366354,-2.012766997,0.0384175385,-0.305805798,-0.426951169,,,,,,,,,,,,
9615,,2024-03-24 0:00,,-0.0352258732,-1.68665792,0.187796372,-0.313685113,-0.425551653,,,,,,,,,,,,
3763,,2024-03-26 0:00,,-1.158270673,-1.550398925,0.486554039,0.592436082,-0.676450812,,,,,,,,,,,,
3816,,2024-03-27 0:00,,-0.41798646,-1.540526195,-0.409718961,-0.313685113,-0.689916663,,,,,,,,,,,,
5139,,2024-03-28 0:00,,-0.41798646,-1.52777894,-0.708476628,-0.163978133,-0.708829369,,,,,,,,,,,,
6275,,2024-03-29 0:00,,8.419156324,-1.481493603,0.785311705,-0.203374706,-0.705084686,,,,,,,,,,,,
8233,,2024-03-30 0:00,,2.320223893,-1.199136763,0.187796372,-0.313685113,-0.709812863,,,,,,,,,,,,
5047,,2024-03-31 0:00,,0.334916233,-0.801978597,-0.559097795,-0.313685113,-0.740754062,,,,,,,,,,,,
2488,,2024-04-02 0:00,,0.608316652,-1.180388498,-0.409718961,-0.313685113,-1.166976433,,,,,,,,,,,,
3150,,2024-04-03 0:00,,0.313885431,-1.119736588,-0.708476628,-0.313685113,-1.183846629,,,,,,,,,,,,
1991,,2024-04-04 0:00,,-0.102524438,-0.939218954,0.934690539,-0.313685113,-1.230636689,,,,,,,,,,,,
3318,,2024-04-05 0:00,,0.242380706,-0.641309224,0.337175205,-0.313685113,-1.293275609,,,,,,,,,,,,
4685,,2024-04-06 0:00,,1.226622216,-1.390347369,-0.559097795,-0.313685113,-1.372709041,,,,,,,,,,,,
3293,,2024-04-07 0:00,,0.86489243,-1.565009341,-0.409718961,-0.313685113,-1.40198591,,,,,,,,,,,,
2352,,2024-04-09 0:00,,0.271823828,-1.526161831,1.830963539,-0.313685113,-1.205556112,,,,,,,,,,,,
6642,,2024-04-10 0:00,,0.309679271,-1.386886665,0.486554039,-0.313685113,-1.219400224,,,,,,,,,,,,
4593,,2024-04-11 0:00,,0.541018087,-1.335984992,-0.708476628,-0.313685113,-1.18210436,,,,,,,,,,,,
4769,,2024-04-12 0:00,,0.503162645,-1.313710425,-0.260340128,-0.313685113,-1.128732662,,,,,,,,,,,,
9073,,2024-04-13 0:00,,0.200319103,-1.400308273,-0.559097795,-0.313685113,-1.082850412,,,,,,,,,,,,
7006,,2024-04-14 0:00,,0.351740874,-1.042117846,-0.559097795,-0.313685113,-1.052400999,,,,,,,,,,,,
3176,,2024-04-16 0:00,,1.781835375,-0.685636802,0.337175205,-0.132460874,-1.030727023,,,,,,,,,,,,
3390,,2024-04-17 0:00,,4.360211637,-0.296230933,-0.110961295,-0.313685113,-0.99218285,,,,,,,,,,,,
3180,,2024-04-18 0:00,,3.401207089,-1.323511424,-0.110961295,-0.313685113,-1.001185339,,,,,,,,,,,,
4361,,2024-04-19 0:00,,2.429584061,-1.296850931,-0.260340128,-0.313685113,-1.012457311,,,,,,,,,,,,
6146,,2024-04-20 0:00,,1.188766773,-1.103511613,1.084069372,0.0645219945,-1.012722126,,,,,,,,,,,,
6187,,2024-04-21 0:00,,-0.779716246,-1.03400182,2.279100039,-0.313685113,-1.019681943,,,,,,,,,,,,
2192,,2024-04-23 0:00,,-0.590439032,-0.93962914,1.980342372,-0.313685113,-1.293843805,,,,,,,,,,,,
3035,,2024-04-24 0:00,,-0.943756497,-1.293157618,1.084069372,0.395453213,-1.323196358,,,,,,,,,,,,
3413,,2024-04-25 0:00,,-0.224503087,-1.622961174,-0.559097795,-0.313685113,-1.335224851,,,,,,,,,,,,
4948,,2024-04-26 0:00,,1.129880529,-1.679776348,-0.559097795,-0.313685113,-1.353986269,,,,,,,,,,,,
7603,,2024-04-27 0:00,,0.71347066,-1.295242031,-0.559097795,-0.313685113,-1.356936589,,,,,,,,,,,,
6330,,2024-04-28 0:00,,0.107783577,-1.272573674,-1.007234295,-0.313685113,-1.351035869,,,,,,,,,,,,
2865,,2024-04-30 0:00,,0.965840277,-1.366156399,-0.110961295,-0.313685113,-0.238537388,,,,,,,,,,,,
4554,,2024-05-01 0:00,,-0.27918317,-1.047746634,0.187796372,-0.313685113,-0.223407207,,,,,,,,,,,,
4728,,2024-05-02 0:00,,0.00262956943,-0.713977963,0.187796372,-0.313685113,-0.180702248,,,,,,,,,,,,
3825,,2024-05-03 0:00,,0.427451759,-0.710488897,-0.559097795,-0.313685113,-0.169165543,,,,,,,,,,,,
6782,,2024-05-04 0:00,,0.898541713,-0.92515219,-0.559097795,-0.313685113,-0.160579237,,,,,,,,,,,,
5575,,2024-05-05 0:00,,-0.443223422,-1.438507576,0.337175205,3.492023903,-0.155624088,,,,,,,,,,,,
3314,,2024-05-07 0:00,,-0.531552788,-1.401774713,1.084069372,-0.124581559,-0.415866154,,,,,,,,,,,,
1665,,2024-05-08 0:00,,-0.598851353,-1.115186617,0.0384175385,-0.313685113,-0.42169127,,,,,,,,,,,,
3902,,2024-05-09 0:00,,-0.228709247,-0.613578881,0.934690539,-0.313685113,-0.4019842,,,,,,,,,,,,
6070,,2024-05-10 0:00,,-0.203472285,-0.355652418,0.486554039,-0.313685113,-0.367638655,,,,,,,,,,,,
9075,,2024-05-11 0:00,,-0.607263674,-0.720436939,1.830963539,2.184057657,-0.355458794,,,,,,,,,,,,
9111,,2024-05-12 0:00,,1.369631666,-0.997054084,0.635932872,-0.313685113,-0.326900604,,,,,,,,,,,,
2065,,2024-05-14 0:00,,-0.291801651,-1.006548379,0.187796372,-0.313685113,-0.293917618,,,,,,,,,,,,
3121,,2024-05-15 0:00,,-0.472666544,-1.019149085,0.635932872,1.309453722,-0.297057149,,,,,,,,,,,,
2695,,2024-05-16 0:00,,-0.796540887,-0.849491218,1.233448205,-0.305805798,-0.302806661,,,,,,,,,,,,
3650,,2024-05-17 0:00,,0.259205348,-0.768997872,-0.110961295,-0.313685113,-0.170379793,,,,,,,,,,,,
6014,,2024-05-18 0:00,,-0.308626293,-0.946868695,-0.409718961,-0.313685113,-0.168602016,,,,,,,,,,,,
5611,,2024-05-19 0:00,,-0.430604941,-0.674346369,-0.559097795,-0.313685113,-0.16663511,,,,,,,,,,,,
3192,,2024-05-21 0:00,,0.334916233,-0.487645442,-0.559097795,-0.313685113,-0.325125162,,,,,,,,,,,,
3407,,2024-05-22 0:00,,0.806006186,-0.587508053,0.0384175385,-0.313685113,-0.311167524,,,,,,,,,,,,
5860,,2024-05-23 0:00,,-0.123555239,-0.200790871,0.337175205,-0.313685113,-0.342260012,,,,,,,,,,,,
5174,,2024-05-24 0:00,,0.0741342945,-0.317591489,-0.260340128,-0.313685113,-0.499992094,,,,,,,,,,,,
8605,,2024-05-25 0:00,,-0.0226073923,-0.215356584,-0.708476628,-0.313685113,-0.49015748,,,,,,,,,,,,
8629,,2024-05-26 0:00,,-0.405367979,-0.698979328,0.635932872,0.371815269,-0.490649187,,,,,,,,,,,,
4680,,2024-05-28 0:00,,-0.767097765,-0.724700771,0.337175205,-0.313685113,-0.524730722,,,,,,,,,,,,
5417,,2024-05-29 0:00,,-0.41798646,-0.666393829,-0.260340128,-0.313685113,-0.509184518,,,,,,,,,,,,
5198,,2024-05-30 0:00,,-0.321244773,-0.283504918,-1.007234295,-0.313685113,-0.495869956,,,,,,,,,,,,
6377,,2024-05-31 0:00,,-0.41798646,-0.148068093,0.486554039,-0.234891965,-0.478318923,,,,,,,,,,,,
8002,,2024-06-01 0:00,,-0.258152369,0.474045538,0.785311705,-0.313685113,-0.485732685,,,,,,,,,,,,
7106,,2024-06-02 0:00,,-0.535758949,-0.344854835,0.635932872,-0.313685113,-0.491595643,,,,,,,,,,,,
3336,,2024-06-04 0:00,,-0.712417681,-0.857309771,0.187796372,-0.313685113,-0.651637385,,,,,,,,,,,,
6518,,2024-06-05 0:00,,0.141432859,-0.437539074,-0.559097795,-0.313685113,-0.606322526,,,,,,,,,,,,
8721,,2024-06-06 0:00,,0.351740874,-0.628619501,-0.409718961,-0.313685113,-0.589944117,,,,,,,,,,,,
9341,,2024-06-07 0:00,,-0.13617372,-0.778201456,-0.559097795,-0.250650595,-0.550113955,,,,,,,,,,,,
8864,,2024-06-08 0:00,,-0.460048063,-0.433616247,-1.007234295,1.017919077,-0.534492067,,,,,,,,,,,,
7736,,2024-06-09 0:00,,-0.26656469,-0.033132055,-0.708476628,-0.313685113,-0.542359774,,,,,,,,,,,,
4843,,2024-06-11 0:00,,1.129880529,0.226955664,0.187796372,-0.313685113,-0.582038648,,,,,,,,,,,,
4539,,2024-06-12 0:00,,-0.148792201,0.461978767,-0.260340128,-0.313685113,-0.644185781,,,,,,,,,,,,
4785,,2024-06-13 0:00,,-0.144586041,0.338897154,-0.708476628,-0.313685113,-0.679930841,,,,,,,,,,,,
4404,,2024-06-14 0:00,,-0.0226073923,0.280778683,0.0384175385,-0.313685113,-0.752404375,,,,,,,,,,,,
7643,,2024-06-15 0:00,,-0.359100216,0.144846408,-0.559097795,0.166953086,-0.78951119,,,,,,,,,,,,
6892,,2024-06-16 0:00,,-0.493697346,0.0539210787,0.785311705,-0.313685113,-0.791478097,,,,,,,,,,,,
5668,,2024-06-18 0:00,,-0.359100216,0.457978266,-0.260340128,-0.313685113,-0.415148119,,,,,,,,,,,,
3543,,2024-06-19 0:00,,0.263411508,0.422002417,-1.007234295,-0.313685113,-0.388027287,,,,,,,,,,,,
4912,,2024-06-20 0:00,,0.330710073,0.519090134,-0.409718961,-0.313685113,-0.369984547,,,,,,,,,,,,
7153,,2024-06-21 0:00,,0.103577417,-0.0240365288,-0.409718961,-0.313685113,-0.314532497,,,,,,,,,,,,
9939,,2024-06-22 0:00,,-0.220296926,0.164444608,-0.409718961,0.986401818,-0.271411436,,,,,,,,,,,,
6343,,2024-06-23 0:00,,-0.771303925,0.349870971,-0.110961295,0.0881599387,-0.282948142,,,,,,,,,,,,
4826,,2024-06-25 0:00,,-0.603057513,0.628533611,1.084069372,-0.313685113,-0.30685384,,,,,,,,,,,,
5170,,2024-06-26 0:00,,-0.422192621,0.861454236,-0.559097795,-0.313685113,-0.300007469,,,,,,,,,,,,
5437,,2024-06-27 0:00,,-0.211884606,-1.55E-07,-1.007234295,-0.313685113,-0.295922287,,,,,,,,,,,,
8549,,2024-06-28 0:00,,0.225556065,-0.338546468,-0.260340128,-0.313685113,-0.30095304,,,,,,,,,,,,
11466,,2024-06-29 0:00,,-0.174029163,0.0588371929,-0.110961295,2.70409243,-0.308593774,,,,,,,,,,,,
6989,,2024-06-30 0:00,,-0.632500635,0.441071271,2.129721205,2.223454231,-0.284952891,,,,,,,,,,,,
3023,,2024-07-02 0:00,,-0.712417681,0.48973573,0.785311705,4.815748778,-0.591304985,,,,,,,,,,,,
4458,,2024-07-03 0:00,,-0.426398781,-0.108519868,1.980342372,-0.250650595,-0.60798597,,,,,,,,,,,,
3095,,2024-07-04 0:00,,0.095165096,0.273616993,1.084069372,-0.0300297823,-0.646341013,,,,,,,,,,,,
4515,,2024-07-05 0:00,,-0.674562238,0.637585852,1.532205872,0.00936679138,-0.691845003,,,,,,,,,,,,
6864,,2024-07-06 0:00,,-0.258152369,0.41911447,1.382827039,-0.0930643001,-0.703230501,,,,,,,,,,,,
6113,,2024-07-07 0:00,,-0.544171269,-0.315401333,-0.708476628,1.947678215,-0.699447976,,,,,,,,,,,,
3213,,2024-07-09 0:00,,-0.792334727,-0.136056554,-0.708476628,-0.290047168,-1.00701118,,,,,,,,,,,,
4303,,2024-07-10 0:00,,-0.935344177,0.389547973,-0.110961295,-0.203374706,-0.988060631,,,,,,,,,,,,
4868,,2024-07-11 0:00,,0.0362788518,0.489262432,-0.260340128,-0.313685113,-0.946452612,,,,,,,,,,,,
5657,,2024-07-12 0:00,,0.103577417,0.770949899,-1.007234295,-0.313685113,-0.908173254,,,,,,,,,,,,
6663,,2024-07-13 0:00,,0.587285851,0.859832916,-0.559097795,-0.313685113,-0.904315045,,,,,,,,,,,,
6470,,2024-07-14 0:00,,-0.1277614,0.450374582,0.187796372,-0.282167854,-0.907378891,,,,,,,,,,,,
4018,,2024-07-16 0:00,,-0.905901055,0.651918417,0.0384175385,1.025798392,-0.502225265,,,,,,,,,,,,
4357,,2024-07-17 0:00,,-0.998436581,0.582232405,0.337175205,7.471077842,-0.516863739,,,,,,,,,,,,
4134,,2024-07-18 0:00,,-1.065735146,0.75704286,-0.110961295,9.834872262,-0.504608274,,,,,,,,,,,,
5319,,2024-07-19 0:00,,-0.460048063,0.948683998,-0.110961295,-0.305805798,-0.510395628,,,,,,,,,,,,
8772,,2024-07-20 0:00,,-0.779716246,0.050999201,0.635932872,0.860332782,-0.483653057,,,,,,,,,,,,
8434,,2024-07-21 0:00,,-0.645119116,-0.414425909,1.980342372,0.35605664,-0.457856137,,,,,,,,,,,,
3862,,2024-07-23 0:00,,-0.960581139,-0.268261714,1.382827039,-0.156098818,-0.838801489,,,,,,,,,,,,
4061,,2024-07-24 0:00,,-0.855427131,0.114608805,0.486554039,0.844574153,-0.825146508,,,,,,,,,,,,
2862,,2024-07-25 0:00,,-0.611469834,0.189652544,-0.708476628,1.679781514,-0.843870165,,,,,,,,,,,,
4721,,2024-07-26 0:00,,-0.821777849,0.470143572,0.0384175385,0.119677198,-0.855142137,,,,,,,,,,,,
6482,,2024-07-27 0:00,,-0.783922406,0.0661987721,-0.857855462,2.325885322,-0.887558536,,,,,,,,,,,,
5785,,2024-07-28 0:00,,-0.725036162,0.220813466,1.382827039,-0.313685113,-0.892173187,,,,,,,,,,,,
5794,,2024-07-30 0:00,,-0.468460384,0.556798016,0.785311705,-0.313685113,-1.220125103,,,,,,,,,,,,
6548,,2024-07-31 0:00,,-0.762891605,0.71558167,0.486554039,-0.313685113,-1.160966131,,,,,,,,,,,,
5325,,2024-08-01 0:00,,-0.682974559,-0.298183557,0.486554039,-0.290047168,-1.122195067,,,,,,,,,,,,
5447,,2024-08-02 0:00,,-0.380131018,-0.0166986794,0.486554039,-0.313685113,-1.058118789,,,,,,,,,,,,
6072,,2024-08-03 0:00,,-0.140379881,0.406694173,-0.110961295,-0.313685113,-1.066137784,,,,,,,,,,,,
4833,,2024-08-04 0:00,,-0.245533888,0.622009319,-1.007234295,-0.313685113,-1.108842742,,,,,,,,,,,,
4955,,2024-08-06 0:00,,-0.788128566,0.72866758,-0.559097795,-0.313685113,-0.534417188,,,,,,,,,,,,
5436,,2024-08-07 0:00,,-0.69138688,0.370043132,-0.857855462,-0.0457884117,-0.583211996,,,,,,,,,,,,
5230,,2024-08-08 0:00,,-0.628294475,0.68571147,-1.007234295,-0.313685113,-0.618919215,,,,,,,,,,,,
4353,,2024-08-09 0:00,,-0.317038613,0.556747203,-1.007234295,-0.313685113,-0.672366516,,,,,,,,,,,,
7716,,2024-08-10 0:00,,-0.0856997968,0.539678549,-0.857855462,-0.313685113,-0.639534013,,,,,,,,,,,,
7481,,2024-08-11 0:00,,-0.249740048,0.438523731,-0.708476628,-0.313685113,-0.5832876,,,,,,,,,,,,
6112,,2024-08-13 0:00,,-0.430604941,0.722574856,-0.708476628,-0.313685113,-0.769278356,,,,,,,,,,,,
6032,,2024-08-14 0:00,,-0.439017262,0.428746954,-0.559097795,-0.0773056707,-0.715604002,,,,,,,,,,,,
10109,,2024-08-15 0:00,,-0.531552788,0.428987653,-0.708476628,0.19059103,-0.657050183,,,,,,,,,,,,
6273,,2024-08-16 0:00,,-0.565202071,0.725172641,-0.409718961,-0.313685113,-0.628491993,,,,,,,,,,,,
8584,,2024-08-17 0:00,,-0.531552788,0.843741236,-0.857855462,0.553039508,-0.633333616,,,,,,,,,,,,
7999,,2024-08-18 0:00,,-0.594645193,0.826487064,-0.409718961,-0.313685113,-0.659660084,,,,,,,,,,,,
4150,,2024-08-20 0:00,,-0.371718697,0.659403061,0.0384175385,-0.313685113,-0.828210999,,,,,,,,,,,,
5064,,2024-08-21 0:00,,-0.905901055,0.672497651,1.382827039,3.011385704,-0.908438794,,,,,,,,,,,,
5296,,2024-08-22 0:00,,-0.809159368,0.76185183,1.681584705,-0.266409224,-0.977167645,,,,,,,,,,,,
5226,,2024-08-23 0:00,,-0.354894056,0.993828569,0.635932872,-0.313685113,-1.028156332,,,,,,,,,,,,
11518,,2024-08-24 0:00,,0.179288302,1.118117816,-1.305991962,-0.156098818,-1.036251012,,,,,,,,,,,,
9346,,2024-08-25 0:00,,0.107783577,1.049571605,-1.305991962,-0.313685113,-1.035721463,,,,,,,,,,,,
3972,,2024-08-27 0:00,,-0.531552788,1.093548959,-0.559097795,-0.290047168,-1.164783439,,,,,,,,,,,,
4396,,2024-08-28 0:00,,-0.863839452,0.99569698,0.934690539,-0.313685113,-1.174542369,,,,,,,,,,,,
4253,,2024-08-29 0:00,,-1.044704345,0.402764267,1.233448205,-0.313685113,-1.180216197,,,,,,,,,,,,
4854,,2024-08-30 0:00,,-0.859633291,0.794618608,0.187796372,-0.313685113,-1.183620461,,,,,,,,,,,,
9735,,2024-08-31 0:00,,0.0867527754,1.004941255,-0.559097795,-0.313685113,-1.182447838,,,,,,,,,,,,
5930,,2024-09-01 0:00,,-0.169823003,1.121806038,-0.409718961,-0.313685113,-1.213540325,,,,,,,,,,,,
3658,,2024-09-03 0:00,,-0.943756497,1.082303756,0.934690539,-0.313685113,0.893022914,,,,,,,,,,,,
4159,,2024-09-04 0:00,,-0.653531437,1.353784735,-0.110961295,-0.313685113,1.175162869,,,,,,,,,,,,
2135,,2024-09-05 0:00,,-0.472666544,1.288188081,0.187796372,0.229987604,1.520736108,,,,,,,,,,,,
5029,,2024-09-06 0:00,,-0.830190169,0.881578425,0.486554039,-0.258529909,1.740842295,,,,,,,,,,,,
10743,,2024-09-07 0:00,,-0.523140468,1.062643741,-0.559097795,-0.313685113,1.81369409,,,,,,,,,,,,
7362,,2024-09-08 0:00,,-0.224503087,1.234426169,-1.007234295,-0.313685113,1.870432209,,,,,,,,,,,,
5106,,2024-09-10 0:00,,-0.203472285,1.216213441,-0.708476628,-0.313685113,1.745152034,,,,,,,,,,,,
3473,,2024-09-11 0:00,,-0.161410682,1.553453257,-0.708476628,-0.282167854,1.653614425,,,,,,,,,,,,
4470,,2024-09-12 0:00,,-1.006848902,1.721373977,-0.260340128,2.262850805,1.376353935,,,,,,,,,,,,
4787,,2024-09-13 0:00,,-0.83439633,1.538879885,-0.110961295,0.285142807,1.181779933,,,,,,,,,,,,
8830,,2024-09-14 0:00,,-0.926931856,0.779324393,-0.857855462,-0.313685113,1.109495449,,,,,,,,,,,,
6735,,2024-09-15 0:00,,-0.893282574,0.882901948,0.785311705,-0.313685113,1.106280314,,,,,,,,,,,,
702,,2024-09-16 0:00,,-1.141446031,0.91491024,0.785311705,0.434849787,0.0852067212,,,,,,,,,,,,
5917,,2024-09-17 0:00,,-0.910107215,0.88164298,-0.857855462,-0.313685113,-0.0503974395,,,,,,,,,,,,
5895,,2024-09-18 0:00,,-0.746066963,1.089693239,-1.007234295,-0.258529909,-0.233850838,,,,,,,,,,,,
4923,,2024-09-19 0:00,,-0.653531437,1.300326452,-0.857855462,-0.313685113,-0.280527371,,,,,,,,,,,,
2809,,2024-09-20 0:00,,-0.863839452,1.334545167,0.187796372,3.980541416,-0.277123107,,,,,,,,,,,,
5027,,2024-09-21 0:00,,-1.229775398,1.217242848,3.025994205,1.813729865,-0.288584209,,,,,,,,,,,,
2798,,2024-09-22 0:00,,-1.229775398,0.611434012,0.635932872,-0.313685113,-0.340442944,,,,,,,,,,,,
1379,,2024-09-24 0:00,,-0.922725696,1.129175424,-0.110961295,-0.313685113,0.694927095,,,,,,,,,,,,
3084,,2024-09-25 0:00,,-0.741860803,0.562582979,-0.857855462,-0.313685113,0.794256727,,,,,,,,,,,,
2545,,2024-09-26 0:00,,-0.666149918,0.833069215,-1.007234295,-0.219133336,1.071630664,,,,,,,,,,,,
4501,,2024-09-27 0:00,,-0.716623841,1.109798066,0.187796372,-0.313685113,1.220171127,,,,,,,,,,,,
9241,,2024-09-28 0:00,,-0.905901055,0.700464321,1.681584705,-0.313685113,1.2981672,,,,,,,,,,,,
8804,,2024-09-29 0:00,,-1.057322825,0.82658864,0.635932872,-0.313685113,1.366442187,,,,,,,,,,,,
4544,,2024-10-01 0:00,,-0.804953208,0.74398794,0.337175205,-0.116702244,0.707136425,,,,,,,,,,,,
3536,,2024-10-02 0:00,,-0.804953208,0.581139698,0.337175205,-0.313685113,0.642114496,,,,,,,,,,,,
4593,,2024-10-03 0:00,,-0.792334727,0.73191025,-0.559097795,-0.313685113,0.35831021,,,,,,,,,,,,
4569,,2024-10-04 0:00,,-0.792334727,1.062014871,-0.708476628,-0.313685113,0.189986993,,,,,,,,,,,,
5589,,2024-10-05 0:00,,-0.476872704,0.941700138,-1.007234295,-0.313685113,0.124246385,,,,,,,,,,,,
7063,,2024-10-06 0:00,,-0.510521987,0.932916289,-1.305991962,-0.313685113,0.0805957747,,,,,,,,,,,,
4003,,2024-10-08 0:00,,0.212937584,1.29682547,-0.708476628,-0.313685113,-0.249586333,,,,,,,,,,,,
5548,,2024-10-09 0:00,,-0.889076414,1.375611513,0.0384175385,-0.313685113,-0.291383482,,,,,,,,,,,,
3709,,2024-10-10 0:00,,-0.661943758,1.391155585,-0.559097795,-0.313685113,-0.308442728,,,,,,,,,,,,
3599,,2024-10-11 0:00,,-0.0941121174,1.086242144,-0.708476628,-0.313685113,-0.317785555,,,,,,,,,,,,
4951,,2024-10-12 0:00,,0.0825466151,0.765095619,-1.156613128,-0.313685113,-0.346192456,,,,,,,,,,,,
5824,,2024-10-13 0:00,,-0.321244773,0.608363224,-0.409718961,-0.313685113,-0.360679563,,,,,,,,,,,,
4926,,2024-10-15 0:00,,-0.666149918,1.065709702,-0.708476628,-0.274288539,0.287127335,,,,,,,,,,,,
3867,,2024-10-16 0:00,,-0.0899059571,1.082107615,-1.156613128,-0.313685113,0.390088204,,,,,,,,,,,,
4514,,2024-10-17 0:00,,0.0573096533,0.973245614,-0.857855462,-0.313685113,0.463658678,,,,,,,,,,,,
5345,,2024-10-18 0:00,,-0.544171269,0.917876626,0.337175205,3.397472126,0.504926198,,,,,,,,,,,,
8020,,2024-10-19 0:00,,-1.099384428,0.911049479,1.532205872,-0.234891965,0.548652411,,,,,,,,,,,,
8266,,2024-10-20 0:00,,-0.939550337,1.117082093,2.129721205,-0.313685113,0.578269699,,,,,,,,,,,,
5262,,2024-10-22 0:00,,-0.968993459,1.249431348,-0.409718961,1.309453722,0.0532457962,,,,,,,,,,,,
6578,,2024-10-23 0:00,,-0.859633291,1.214370651,2.129721205,-0.132460874,-0.00799360811,,,,,,,,,,,,
2913,,2024-10-24 0:00,,-0.367512537,1.214164406,-0.708476628,-0.313685113,-0.0902639943,,,,,,,,,,,,
7737,,2024-10-25 0:00,,-0.321244773,1.334627119,-0.857855462,-0.313685113,-0.0967321052,,,,,,,,,,,,
10533,,2024-10-26 0:00,,-0.497903506,1.058772818,-0.708476628,-0.313685113,-0.107890631,,,,,,,,,,,,
7678,,2024-10-27 0:00,,-0.342275575,1.241360132,-1.007234295,-0.313685113,-0.129186347,,,,,,,,,,,,
5587,,2024-10-29 0:00,,-0.863839452,1.372378294,0.0384175385,-0.313685113,0.337623431,,,,,,,,,,,,
5691,,2024-10-30 0:00,,-0.321244773,1.41034928,-1.007234295,-0.313685113,0.342502976,,,,,,,,,,,,
3550,,2024-10-31 0:00,,-0.0394320335,1.334216356,-1.305991962,-0.313685113,0.461690966,,,,,,,,,,,,
5150,,2024-11-01 0:00,,0.179288302,1.446154982,-1.305991962,-0.313685113,0.513133518,,,,,,,,,,,,
9943,,2024-11-02 0:00,,-0.0730813159,1.672059749,-0.559097795,-0.313685113,0.546306439,,,,,,,,,,,,
7181,,2024-11-03 0:00,,-0.388543338,1.420317598,0.187796372,-0.313685113,0.566921318,,,,,,,,,,,,
5119,,2024-11-05 0:00,,-0.401161819,1.378779385,-0.260340128,-0.313685113,0.0835431959,,,,,,,,,,,,
4234,,2024-11-06 0:00,,-0.384337178,1.421930969,0.337175205,-0.313685113,0.0648952235,,,,,,,,,,,,
3739,,2024-11-07 0:00,,0.204525264,1.246896154,-1.156613128,-0.313685113,-0.0254697618,,,,,,,,,,,,
5424,,2024-11-08 0:00,,0.0362788518,1.36717031,-1.156613128,-0.313685113,-0.0547466309,,,,,,,,,,,,
11698,,2024-11-09 0:00,,-0.0730813159,1.475865841,-1.305991962,-0.313685113,-0.047786733,,,,,,,,,,,,
8858,,2024-11-10 0:00,,-0.371718697,1.590536623,-0.708476628,-0.313685113,-0.0342074361,,,,,,,,,,,,
6673,,2024-11-12 0:00,,0.128814378,1.588587891,-0.110961295,-0.313685113,-0.0384817484,,,,,,,,,,,,
5334,,2024-11-13 0:00,,0.137226699,1.614291391,-0.857855462,-0.313685113,-0.0178668693,,,,,,,,,,,,
5320,,2024-11-14 0:00,,-0.13617372,1.449864535,-0.708476628,-0.305805798,-0.0123821715,,,,,,,,,,,,
7163,,2024-11-15 0:00,,-0.333863254,1.351270147,-0.708476628,-0.313685113,0.0200342281,,,,,,,,,,,,
11292,,2024-11-16 0:00,,-0.535758949,1.472580871,0.486554039,0.198470345,0.0177269031,,,,,,,,,,,,
9384,,2024-11-17 0:00,,-0.628294475,1.45364319,1.980342372,-0.313685113,0.0275615169,,,,,,,,,,,,
3026,,2024-11-19 0:00,,-0.4137803,1.390641349,-0.409718961,-0.313685113,1.030400986,,,,,,,,,,,,
2994,,2024-11-20 0:00,,0.191906783,1.428315648,-1.455370795,-0.313685113,1.190667366,,,,,,,,,,,,
2975,,2024-11-21 0:00,,0.835449308,1.644098541,-0.110961295,-0.313685113,1.251793324,,,,,,,,,,,,
4016,,2024-11-22 0:00,,0.0278665312,1.13647194,-0.110961295,-0.313685113,1.223953813,,,,,,,,,,,,
7547,,2024-11-23 0:00,,-0.439017262,1.228226459,-0.857855462,-0.313685113,1.216880388,,,,,,,,,,,,
7065,,2024-11-24 0:00,,-0.687180719,1.284738475,-1.007234295,-0.313685113,1.22501291,,,,,,,,,,,,
4846,,2024-11-26 0:00,,-0.994230421,1.141391913,1.681584705,1.734936718,1.956263462,,,,,,,,,,,,
2602,,2024-11-27 0:00,,-1.019467383,1.25764966,-1.305991962,1.451281387,1.786994594,,,,,,,,,,,,
2933,,2024-11-28 0:00,,-0.729242322,1.203358914,-0.708476628,0.0724013092,1.779278175,,,,,,,,,,,,
9427,,2024-11-29 0:00,,-0.123555239,1.140516729,-1.156613128,-0.313685113,1.83151509,,,,,,,,,,,,
14287,,2024-11-30 0:00,,-0.354894056,1.401342888,-0.708476628,-0.313685113,1.895856183,,,,,,,,,,,,
11972,,2024-12-01 0:00,,-0.0562566747,1.434200709,0.187796372,-0.274288539,1.950438266,,,,,,,,,,,,
10166,,2024-12-03 0:00,,-0.712417681,1.358853838,0.187796372,-0.313685113,1.524065332,,,,,,,,,,,,
8093,,2024-12-04 0:00,,-0.502109666,1.300136174,-0.260340128,-0.313685113,1.518467188,,,,,,,,,,,,
8467,,2024-12-05 0:00,,-0.502109666,1.259170642,0.0384175385,-0.171857447,1.512869045,,,,,,,,,,,,
11189,,2024-12-06 0:00,,-0.371718697,0.895418451,0.337175205,-0.313685113,1.467705473,,,,,,,,,,,,
17262,,2024-12-07 0:00,,-0.485285025,1.374904115,0.337175205,-0.313685113,1.425870562,,,,,,,,,,,,
15207,,2024-12-08 0:00,,-0.476872704,1.380185289,-0.110961295,-0.313685113,1.404763977,,,,,,,,,,,,
8768,,2024-12-10 0:00,,0.271823828,1.007791716,-0.559097795,-0.313685113,1.148039621,,,,,,,,,,,,
10115,,2024-12-11 0:00,,1.054169644,0.775337804,-1.007234295,-0.313685113,1.211699797,,,,,,,,,,,,
9588,,2024-12-12 0:00,,0.28864847,1.151425715,-0.260340128,-0.313685113,1.226640848,,,,,,,,,,,,
11447,,2024-12-13 0:00,,-0.253946209,1.212362433,-0.110961295,-0.313685113,1.283076391,,,,,,,,,,,,
17931,,2024-12-14 0:00,,-0.232915407,1.348457052,-0.110961295,-0.313685113,1.315001084,,,,,,,,,,,,
14639,,2024-12-15 0:00,,-0.573614391,1.457846625,0.187796372,-0.313685113,1.328088675,,,,,,,,,,,,
11182,,2024-12-17 0:00,,-0.367512537,1.368255032,-0.110961295,-0.313685113,1.661485916,,,,,,,,,,,,
12928,,2024-12-18 0:00,,-0.169823003,0.76631723,-0.110961295,-0.313685113,1.70411519,,,,,,,,,,,,
12222,,2024-12-19 0:00,,0.793387705,0.818067127,-1.156613128,-0.313685113,1.771973994,,,,,,,,,,,,
13053,,2024-12-20 0:00,,0.974252598,1.163391906,-0.409718961,-0.282167854,1.784040329,,,,,,,,,,,,
19677,,2024-12-21 0:00,,0.662996736,1.193975625,0.785311705,-0.0851849854,1.833818551,,,,,,,,,,,,
19130,,2024-12-22 0:00,,-0.573614391,1.119474212,-0.260340128,-0.313685113,1.882840332,,,,,,,,,,,,
14807,,2024-12-24 0:00,,-0.0983182777,1.262851598,-1.305991962,-0.313685113,1.752869178,,,,,,,,,,,,
18957,,2024-12-25 0:00,,-0.0730813159,1.345075911,-0.409718961,-0.305805798,1.768075044,,,,,,,,,,,,
12889,,2024-12-26 0:00,,1.2813023,1.307999362,1.681584705,-0.313685113,1.730968309,,,,,,,,,,,,
14213,,2024-12-27 0:00,,-0.195059965,0.74671727,0.635932872,-0.313685113,1.677974873,,,,,,,,,,,,
17634,,2024-12-28 0:00,,-0.182441484,0.267055152,0.337175205,-0.313685113,1.618740217,,,,,,,,,,,,
15941,,2024-12-29 0:00,,-0.392749498,0.625198001,-1.156613128,-0.313685113,1.532271284,,,,,,,,,,,,
14926,,2024-12-31 0:00,,0.801800026,0.720183649,0.486554039,-0.313685113,0.832568694,,,,,,,,,,,,
,,,,,0.744861614,,,,,,,,,,,,,,,
,,,,,0.8751756,,,,,,,,,,,,,,,
,,,,,0.787293915,,,,,,,,,,,,,,,
,,,,,0.726243609,,,,,,,,,,,,,,,
,,,,,0.943451478,,,,,,,,,,,,,,,
,,,,,0.945700138,,,,,,,,,,,,,,,
,,,,,0.877828068,,,,,,,,,,,,,,,
,,,,,0.356659559,,,,,,,,,,,,,,,
,,,,,0.265487647,,,,,,,,,,,,,,,
,,,,,0.279019252,,,,,,,,,,,,,,,
,,,,,0.384038941,,,,,,,,,,,,,,,
,,,,,0.369045113,,,,,,,,,,,,,,,
,,,,,-0.00889698948,,,,,,,,,,,,,,,
,,,,,0.135188515,,,,,,,,,,,,,,,
,,,,,0.214824492,,,,,,,,,,,,,,,
,,,,,0.449628717,,,,,,,,,,,,,,,
,,,,,0.421499077,,,,,,,,,,,,,,,
,,,,,0.369712689,,,,,,,,,,,,,,,
,,,,,0.445182338,,,,,,,,,,,,,,,
,,,,,0.363074253,,,,,,,,,,,,,,,
,,,,,0.419971285,,,,,,,,,,,,,,,
,,,,,0.222598647,,,,,,,,,,,,,,,
,,,,,0.226082899,,,,,,,,,,,,,,,
,,,,,0.388924189,,,,,,,,,,,,,,,
,,,,,0.0274940417,,,,,,,,,,,,,,,
,,,,,0.0910511707,,,,,,,,,,,,,,,
,,,,,0.0240033085,,,,,,,,,,,,,,,
,,,,,0.0246318882,,,,,,,,,,,,,,,
,,,,,-0.225078476,,,,,,,,,,,,,,,
,,,,,-0.301538705,,,,,,,,,,,,,,,
,,,,,-0.269483419,,,,,,,,,,,,,,,
,,,,,0.064704665,,,,,,,,,,,,,,,
,,,,,0.217616412,,,,,,,,,,,,,,,
,,,,,-0.0260562665,,,,,,,,,,,,,,,
,,,,,-0.0103733889,,,,,,,,,,,,,,,
,,,,,0.068017296,,,,,,,,,,,,,,,
,,,,,0.0496748683,,,,,,,,,,,,,,,
,,,,,0.115167374,,,,,,,,,,,,,,,
,,,,,0.016490972,,,,,,,,,,,,,,,
,,,,,0.447342436,,,,,,,,,,,,,,,
,,,,,0.240961581,,,,,,,,,,,,,,,
,,,,,0.0824114053,,,,,,,,,,,,,,,
,,,,,-0.312922453,,,,,,,,,,,,,,,
,,,,,-0.417943334,,,,,,,,,,,,,,,
,,,,,-0.416272926,,,,,,,,,,,,,,,
,,,,,-0.219241888,,,,,,,,,,,,,,,
,,,,,-0.0223369363,,,,,,,,,,,,,,,
,,,,,0.0166720536,,,,,,,,,,,,,,,
,,,,,0.0298355291,,,,,,,,,,,,,,,
,,,,,-0.0300866418,,,,,,,,,,,,,,,
,,,,,0.0114359744,,,,,,,,,,,,,,,
,,,,,-0.0016315287,,,,,,,,,,,,,,,
,,,,,0.259029783,,,,,,,,,,,,,,,
,,,,,0.163261362,,,,,,,,,,,,,,,
,,,,,-0.487223352,,,,,,,,,,,,,,,
,,,,,-0.659161488,,,,,,,,,,,,,,,
,,,,,-0.640122287,,,,,,,,,,,,,,,
,,,,,-0.78790521,,,,,,,,,,,,,,,
,,,,,-0.554390814,,,,,,,,,,,,,,,
,,,,,-0.570591774,,,,,,,,,,,,,,,
,,,,,-0.538658665,,,,,,,,,,,,,,,
,,,,,-0.597039768,,,,,,,,,,,,,,,
,,,,,-0.321053086,,,,,,,,,,,,,,,
,,,,,-1.143624455,,,,,,,,,,,,,,,
,,,,,-1.828165004,,,,,,,,,,,,,,,
,,,,,-1.583647534,,,,,,,,,,,,,,,
,,,,,-1.561755262,,,,,,,,,,,,,,,
,,,,,-1.40755401,,,,,,,,,,,,,,,
,,,,,-1.244485962,,,,,,,,,,,,,,,
,,,,,-0.993177344,,,,,,,,,,,,,,,
,,,,,-1.055978685,,,,,,,,,,,,,,,
,,,,,-0.930229479,,,,,,,,,,,,,,,
,,,,,-1.002683372,,,,,,,,,,,,,,,
,,,,,-0.988051071,,,,,,,,,,,,,,,
,,,,,-1.282534644,,,,,,,,,,,,,,,
,,,,,-1.171720658,,,,,,,,,,,,,,,
,,,,,-1.192614425,,,,,,,,,,,,,,,
,,,,,-1.075521922,,,,,,,,,,,,,,,
,,,,,-0.914523947,,,,,,,,,,,,,,,
,,,,,-1.093639061,,,,,,,,,,,,,,,
,,,,,-0.992082434,,,,,,,,,,,,,,,
,,,,,-1.295183966,,,,,,,,,,,,,,,
,,,,,-1.144400058,,,,,,,,,,,,,,,
,,,,,-1.451611564,,,,,,,,,,,,,,,
,,,,,-1.30676732,,,,,,,,,,,,,,,
,,,,,-1.491513278,,,,,,,,,,,,,,,
,,,,,-1.301412458,,,,,,,,,,,,,,,
,,,,,-1.221999424,,,,,,,,,,,,,,,
,,,,,-1.61969709,,,,,,,,,,,,,,,
,,,,,-1.576795163,,,,,,,,,,,,,,,
,,,,,-1.295741672,,,,,,,,,,,,,,,
,,,,,-1.246045944,,,,,,,,,,,,,,,
,,,,,-1.125239855,,,,,,,,,,,,,,,
,,,,,-1.306743753,,,,,,,,,,,,,,,
,,,,,-1.476658315,,,,,,,,,,,,,,,
,,,,,-1.47022432,,,,,,,,,,,,,,,
,,,,,-1.18281368,,,,,,,,,,,,,,,
,,,,,-0.92437507,,,,,,,,,,,,,,,
,,,,,-1.083927284,,,,,,,,,,,,,,,
