종묘,Unnamed: 1,Date,달러환율,미세먼지(PM10),불쾌지수,Windspeed(m/s),Rainfall(mm),total_7d_avg,weekday_0,weekday_1,weekday_2,weekday_3,weekday_4,weekday_5,weekday_6,season_0,season_1,season_2,season_3,운항수_표준화
1061,,2023-01-01 0:00,,0.831243148,-1.287139588,0.635932872,-0.313685113,-0.838898047,FALSE,TRUE,FALSE,FALSE,FALSE,FALSE,FALSE,TRUE,FALSE,FALSE,FALSE,-1.389810215
282,,2023-01-02 0:00,-1.118143528,-0.422192621,-1.580707801,0.337175205,-0.313685113,-1.341707092,FALSE,FALSE,TRUE,FALSE,FALSE,FALSE,FALSE,TRUE,FALSE,FALSE,FALSE,-1.429029717
253,,2023-01-04 0:00,-1.150647178,0.01104189,-1.675281134,-0.559097795,-0.313685113,-1.369196274,FALSE,FALSE,FALSE,TRUE,FALSE,FALSE,FALSE,TRUE,FALSE,FALSE,FALSE,-1.523156522
289,,2023-01-05 0:00,-1.248158129,0.57046121,-1.398577128,-1.007234295,-0.313685113,-1.368415365,FALSE,FALSE,FALSE,FALSE,TRUE,FALSE,FALSE,TRUE,FALSE,FALSE,FALSE,-1.30352731
273,,2023-01-06 0:00,-1.280661779,1.668269047,-1.476530403,-0.110961295,-0.00639183808,-1.360449754,FALSE,FALSE,FALSE,FALSE,FALSE,TRUE,FALSE,TRUE,FALSE,FALSE,FALSE,-1.099585899
1295,,2023-01-07 0:00,-1.508187331,3.460093334,-1.458677988,-0.110961295,-0.305805798,-1.346705131,FALSE,FALSE,FALSE,FALSE,FALSE,FALSE,TRUE,TRUE,FALSE,FALSE,FALSE,-1.217244405
1040,,2023-01-08 0:00,-1.735712883,4.196171386,-1.497767718,-0.857855462,-0.313685113,-1.347486104,TRUE,FALSE,FALSE,FALSE,FALSE,FALSE,FALSE,TRUE,FALSE,FALSE,FALSE,-1.099585899
325,,2023-01-09 0:00,-1.963238435,2.538944229,-1.351943155,0.0384175385,-0.313685113,-0.660786654,FALSE,TRUE,FALSE,FALSE,FALSE,FALSE,FALSE,TRUE,FALSE,FALSE,FALSE,-1.201556605
341,,2023-01-11 0:00,-1.963238435,1.512641116,-1.043368051,-1.007234295,-0.313685113,-0.640169719,FALSE,FALSE,TRUE,FALSE,FALSE,FALSE,FALSE,TRUE,FALSE,FALSE,FALSE,-1.279995609
380,,2023-01-12 0:00,-2.060749386,1.176148292,-1.188043123,-0.110961295,-0.313685113,-0.643137291,FALSE,FALSE,FALSE,TRUE,FALSE,FALSE,FALSE,TRUE,FALSE,FALSE,FALSE,-1.240776107
185,,2023-01-13 0:00,-2.093253036,-0.56099591,-1.118078453,0.337175205,2.625299282,-0.656257135,FALSE,FALSE,FALSE,FALSE,TRUE,FALSE,FALSE,TRUE,FALSE,FALSE,FALSE,-1.146649302
894,,2023-01-14 0:00,-2.190763987,-0.893282574,-0.580323463,0.337175205,-0.187616077,-0.670001759,FALSE,FALSE,FALSE,FALSE,FALSE,TRUE,FALSE,TRUE,FALSE,FALSE,FALSE,-0.981927393
541,,2023-01-15 0:00,-2.255771287,-0.876457933,-1.065965874,0.785311705,-0.0615470412,-0.681872109,FALSE,FALSE,FALSE,FALSE,FALSE,FALSE,TRUE,TRUE,FALSE,FALSE,FALSE,-1.1231176
304,,2023-01-16 0:00,-2.353282238,-0.573614391,-1.153084715,0.635932872,-0.313685113,-0.748071127,TRUE,FALSE,FALSE,FALSE,FALSE,FALSE,FALSE,TRUE,FALSE,FALSE,FALSE,-1.021146895
275,,2023-01-18 0:00,-2.255771287,0.71767682,-1.855577819,-0.409718961,-0.313685113,-0.722924801,FALSE,TRUE,FALSE,FALSE,FALSE,FALSE,FALSE,TRUE,FALSE,FALSE,FALSE,-1.146649302
240,,2023-01-19 0:00,-2.353282238,1.037345003,-1.845108167,0.337175205,-0.234891965,-0.732296165,FALSE,FALSE,TRUE,FALSE,FALSE,FALSE,FALSE,TRUE,FALSE,FALSE,FALSE,-1.232932206
154,,2023-01-20 0:00,-2.255771287,1.251859178,-1.785816652,2.129721205,-0.313685113,-0.715427775,FALSE,FALSE,FALSE,TRUE,FALSE,FALSE,FALSE,TRUE,FALSE,FALSE,FALSE,-1.264307808
1396,,2023-01-21 0:00,-2.288274938,-0.455841903,-1.540962564,-0.708476628,-0.313685113,-0.664197891,FALSE,FALSE,FALSE,FALSE,TRUE,FALSE,FALSE,TRUE,FALSE,FALSE,FALSE,-1.130961501
2105,,2023-01-22 0:00,-2.288274938,-0.325450934,-1.520494136,0.486554039,-0.313685113,-0.510976695,FALSE,FALSE,FALSE,FALSE,FALSE,TRUE,FALSE,TRUE,FALSE,FALSE,FALSE,-0.92702009
4316,,2023-01-23 0:00,-2.320778588,0.776563064,-1.55967449,0.635932872,-0.313685113,-0.0482082239,FALSE,FALSE,FALSE,FALSE,FALSE,FALSE,TRUE,TRUE,FALSE,FALSE,FALSE,-1.185868804
299,,2023-01-24 0:00,-2.320778588,-0.249740048,-1.721296289,3.474130705,-0.313685113,-0.0642956399,TRUE,FALSE,FALSE,FALSE,FALSE,FALSE,FALSE,TRUE,FALSE,FALSE,FALSE,-0.879956687
403,,2023-01-26 0:00,-2.385785889,-0.287595491,-1.446321202,0.337175205,-0.250650595,-0.0578918483,FALSE,TRUE,FALSE,FALSE,FALSE,FALSE,FALSE,TRUE,FALSE,FALSE,FALSE,-1.30352731
178,,2023-01-27 0:00,-2.418289539,0.0446911724,-1.521059371,1.830963539,-0.313685113,-0.0127533024,FALSE,FALSE,TRUE,FALSE,FALSE,FALSE,FALSE,TRUE,FALSE,FALSE,FALSE,-1.358434613
955,,2023-01-28 0:00,-2.450793189,0.107783577,-2.665476195,0.187796372,-0.313685113,-0.0666383684,FALSE,FALSE,FALSE,TRUE,FALSE,FALSE,FALSE,TRUE,FALSE,FALSE,FALSE,-1.429029717
938,,2023-01-29 0:00,-2.450793189,0.385390156,-2.228858466,0.486554039,-0.313685113,-0.213924357,FALSE,FALSE,FALSE,FALSE,TRUE,FALSE,FALSE,TRUE,FALSE,FALSE,FALSE,-1.413341916
283,,2023-01-30 0:00,-2.483296839,0.368565515,-2.236947121,-0.260340128,-0.313685113,-0.294698938,FALSE,FALSE,FALSE,FALSE,FALSE,TRUE,FALSE,TRUE,FALSE,FALSE,FALSE,-1.327059011
292,,2023-02-01 0:00,-2.353282238,1.096231247,-2.012092578,1.382827039,-0.313685113,-0.2720516,FALSE,FALSE,FALSE,FALSE,FALSE,FALSE,TRUE,TRUE,FALSE,FALSE,FALSE,-1.366278513
215,,2023-02-02 0:00,-2.873340643,0.233968386,-1.860752602,0.337175205,-0.313685113,-0.306569289,TRUE,FALSE,FALSE,FALSE,FALSE,FALSE,FALSE,TRUE,FALSE,FALSE,FALSE,-1.162337102
311,,2023-02-03 0:00,-2.51580049,0.124608218,-1.499079559,-0.110961295,-0.313685113,-0.358892536,FALSE,TRUE,FALSE,FALSE,FALSE,FALSE,FALSE,TRUE,FALSE,FALSE,FALSE,-1.468249219
1761,,2023-02-04 0:00,-2.255771287,0.0236603709,-1.375931028,-0.409718961,-0.313685113,-0.331871937,FALSE,FALSE,TRUE,FALSE,FALSE,FALSE,FALSE,TRUE,FALSE,FALSE,FALSE,-1.413341916
1190,,2023-02-05 0:00,-2.028245735,1.037345003,-1.240040198,-0.708476628,-0.313685113,-0.300009431,FALSE,FALSE,FALSE,TRUE,FALSE,FALSE,FALSE,TRUE,FALSE,FALSE,FALSE,-1.366278513
309,,2023-02-06 0:00,-1.768216533,1.579939681,-1.378703093,-1.007234295,-0.313685113,0.0231263378,FALSE,FALSE,FALSE,FALSE,TRUE,FALSE,FALSE,TRUE,FALSE,FALSE,FALSE,-1.178024903
296,,2023-02-08 0:00,-1.508187331,1.335982384,-1.441058883,0.337175205,-0.313685113,0.0387452338,FALSE,FALSE,FALSE,FALSE,FALSE,TRUE,FALSE,TRUE,FALSE,FALSE,FALSE,-1.083898098
304,,2023-02-09 0:00,-1.475683681,0.0362788518,-1.320863654,0.337175205,-0.313685113,0.0465546497,FALSE,FALSE,FALSE,FALSE,FALSE,FALSE,TRUE,TRUE,FALSE,FALSE,FALSE,-1.154493202
276,,2023-02-10 0:00,-1.34566908,-0.527346628,-1.219330967,-0.110961295,-0.266409224,0.0645164026,TRUE,FALSE,FALSE,FALSE,FALSE,FALSE,FALSE,TRUE,FALSE,FALSE,FALSE,-1.091741999
2072,,2023-02-11 0:00,-1.215654478,0.347534714,-1.336531624,-0.708476628,-0.313685113,0.0988779609,FALSE,TRUE,FALSE,FALSE,FALSE,FALSE,FALSE,TRUE,FALSE,FALSE,FALSE,-1.240776107
1430,,2023-02-12 0:00,-1.085639877,1.390662467,-1.225845051,-0.708476628,-0.313685113,0.124024351,FALSE,FALSE,TRUE,FALSE,FALSE,FALSE,FALSE,TRUE,FALSE,FALSE,FALSE,-1.232932206
370,,2023-02-13 0:00,-0.955625276,-0.0226073923,-1.184606329,0.0384175385,-0.313685113,-0.183804911,FALSE,FALSE,FALSE,TRUE,FALSE,FALSE,FALSE,TRUE,FALSE,FALSE,FALSE,-1.31137121
454,,2023-02-15 0:00,-0.825610675,-0.741860803,-1.170178415,0.337175205,-0.313685113,-0.162563197,FALSE,FALSE,FALSE,FALSE,TRUE,FALSE,FALSE,TRUE,FALSE,FALSE,FALSE,-1.091741999
287,,2023-02-16 0:00,-0.825610675,-0.283389331,-0.811391645,0.635932872,-0.313685113,-0.162250808,FALSE,FALSE,FALSE,FALSE,FALSE,TRUE,FALSE,TRUE,FALSE,FALSE,FALSE,-1.021146895
444,,2023-02-17 0:00,-0.175537669,0.347534714,-1.249117196,-0.708476628,-0.313685113,-0.159283236,FALSE,FALSE,FALSE,FALSE,FALSE,FALSE,TRUE,TRUE,FALSE,FALSE,FALSE,-1.154493202
1643,,2023-02-18 0:00,-0.24054497,1.903814024,-1.255644169,-1.156613128,-0.313685113,-0.178025899,TRUE,FALSE,FALSE,FALSE,FALSE,FALSE,FALSE,TRUE,FALSE,FALSE,FALSE,-1.028990795
1390,,2023-02-19 0:00,-0.27304862,0.591492011,-1.123852174,1.532205872,-0.282167854,-0.193800989,FALSE,TRUE,FALSE,FALSE,FALSE,FALSE,FALSE,TRUE,FALSE,FALSE,FALSE,-1.248620007
297,,2023-02-20 0:00,-0.338055921,0.0825466151,-0.856942725,1.532205872,-0.313685113,-0.0620526526,FALSE,FALSE,TRUE,FALSE,FALSE,FALSE,FALSE,TRUE,FALSE,FALSE,FALSE,-1.232932206
1643,,2023-02-22 0:00,-0.0455230682,0.305473111,-1.106893306,-0.110961295,-0.313685113,-0.0667383664,FALSE,FALSE,FALSE,TRUE,FALSE,FALSE,FALSE,TRUE,FALSE,FALSE,FALSE,-1.217244405
364,,2023-02-23 0:00,-0.370559571,0.238174546,-0.839901286,-0.559097795,-0.313685113,-0.0584603663,FALSE,FALSE,FALSE,FALSE,TRUE,FALSE,FALSE,TRUE,FALSE,FALSE,FALSE,-1.130961501
388,,2023-02-24 0:00,-0.143034019,0.654584415,-1.238584095,1.084069372,-0.313685113,-0.0676755348,FALSE,FALSE,FALSE,FALSE,FALSE,TRUE,FALSE,TRUE,FALSE,FALSE,FALSE,-0.895644488
2032,,2023-02-25 0:00,0.0844915329,0.14563902,-1.122558506,0.934690539,-0.313685113,-0.0625213011,FALSE,FALSE,FALSE,FALSE,FALSE,FALSE,TRUE,TRUE,FALSE,FALSE,FALSE,-1.091741999
1762,,2023-02-26 0:00,0.312017085,0.0909589357,-0.762598406,-0.260340128,-0.313685113,-0.0609594179,TRUE,FALSE,FALSE,FALSE,FALSE,FALSE,FALSE,TRUE,FALSE,FALSE,FALSE,-1.091741999
519,,2023-02-27 0:00,0.539542637,0.541018087,-0.947595782,-0.559097795,-0.313685113,0.221592243,FALSE,TRUE,FALSE,FALSE,FALSE,FALSE,FALSE,TRUE,FALSE,FALSE,FALSE,-1.130961501
1778,,2023-03-01 0:00,0.377024385,0.0320726915,-1.199428801,1.233448205,-0.313685113,0.23268162,FALSE,FALSE,TRUE,FALSE,FALSE,FALSE,FALSE,TRUE,FALSE,FALSE,FALSE,-1.178024903
203,,2023-03-02 0:00,0.247009784,0.700852179,-1.219074955,0.785311705,-0.313685113,0.192853503,FALSE,FALSE,FALSE,TRUE,FALSE,FALSE,FALSE,TRUE,FALSE,FALSE,FALSE,-1.170181003
278,,2023-03-03 0:00,-0.20804132,0.191906783,-1.094327524,-0.260340128,-0.313685113,0.164895736,FALSE,FALSE,FALSE,FALSE,TRUE,FALSE,FALSE,TRUE,FALSE,FALSE,FALSE,-1.036834696
2158,,2023-03-04 0:00,-0.24054497,1.42010559,-1.139500468,-0.559097795,-0.313685113,0.159741502,FALSE,FALSE,FALSE,FALSE,FALSE,TRUE,FALSE,TRUE,FALSE,FALSE,FALSE,-0.919176189
1608,,2023-03-05 0:00,-0.30555227,1.622001284,-0.972989769,-0.857855462,-0.313685113,0.142404592,FALSE,FALSE,FALSE,FALSE,FALSE,FALSE,TRUE,TRUE,FALSE,FALSE,FALSE,-1.146649302
287,,2023-03-06 0:00,-0.338055921,0.835449308,-1.048386178,-0.260340128,-0.313685113,0.832202825,TRUE,FALSE,FALSE,FALSE,FALSE,FALSE,FALSE,TRUE,FALSE,FALSE,FALSE,-0.93486399
265,,2023-03-08 0:00,0.474535336,1.209797575,-0.939914897,-0.409718961,-0.219133336,0.787845253,FALSE,TRUE,FALSE,FALSE,FALSE,FALSE,FALSE,TRUE,FALSE,FALSE,FALSE,-1.076054198
221,,2023-03-09 0:00,0.474535336,1.108849728,-0.737327799,0.0384175385,-0.0221504675,0.810804981,FALSE,FALSE,TRUE,FALSE,FALSE,FALSE,FALSE,TRUE,FALSE,FALSE,FALSE,-1.146649302
410,,2023-03-10 0:00,0.637053588,2.353873175,-0.971672099,-0.260340128,-0.313685113,0.839231332,FALSE,FALSE,FALSE,TRUE,FALSE,FALSE,FALSE,TRUE,FALSE,FALSE,FALSE,-1.209400505
2503,,2023-03-11 0:00,0.344520735,2.740839923,-0.678961032,0.187796372,-0.313685113,0.838918942,FALSE,FALSE,FALSE,FALSE,TRUE,FALSE,FALSE,FALSE,TRUE,FALSE,FALSE,-1.052522496
599,,2023-03-12 0:00,0.0844915329,0.919572514,-0.81477836,2.129721205,0.127556512,0.794561306,FALSE,FALSE,FALSE,FALSE,FALSE,TRUE,FALSE,FALSE,TRUE,FALSE,FALSE,-0.94270789
340,,2023-03-13 0:00,-0.20804132,-0.0394320335,-0.964501105,1.382827039,-0.313685113,0.978764037,FALSE,FALSE,FALSE,FALSE,FALSE,FALSE,TRUE,FALSE,TRUE,FALSE,FALSE,-1.240776107
366,,2023-03-15 0:00,-0.143034019,0.43586408,-0.705027795,1.084069372,-0.313685113,1.003598037,TRUE,FALSE,FALSE,FALSE,FALSE,FALSE,FALSE,FALSE,TRUE,FALSE,FALSE,-1.052522496
374,,2023-03-16 0:00,0.149498833,1.096231247,-0.477752171,0.187796372,-0.313685113,1.01781118,FALSE,TRUE,FALSE,FALSE,FALSE,FALSE,FALSE,FALSE,TRUE,FALSE,FALSE,-1.248620007
383,,2023-03-17 0:00,-0.143034019,0.305473111,-0.195614302,-0.857855462,-0.313685113,1.017967375,FALSE,FALSE,TRUE,FALSE,FALSE,FALSE,FALSE,FALSE,TRUE,FALSE,FALSE,-1.225088306
2675,,2023-03-18 0:00,-0.0130194179,1.028932682,-0.208252126,0.486554039,-0.313685113,1.03436718,FALSE,FALSE,FALSE,TRUE,FALSE,FALSE,FALSE,FALSE,TRUE,FALSE,FALSE,-1.279995609
1920,,2023-03-19 0:00,0.0844915329,2.446408702,-0.201498502,-0.260340128,-0.313685113,1.089657999,FALSE,FALSE,FALSE,FALSE,TRUE,FALSE,FALSE,FALSE,TRUE,FALSE,FALSE,-1.201556605
394,,2023-03-20 0:00,0.214506134,2.240306847,-0.684053165,-1.007234295,-0.313685113,1.198627786,FALSE,FALSE,FALSE,FALSE,FALSE,TRUE,FALSE,FALSE,TRUE,FALSE,FALSE,-0.974083492
381,,2023-03-22 0:00,0.0519878826,1.382250147,-0.0469852021,-0.708476628,-0.313685113,1.247983397,FALSE,FALSE,FALSE,FALSE,FALSE,FALSE,TRUE,FALSE,TRUE,FALSE,FALSE,-1.232932206
347,,2023-03-23 0:00,-0.890617976,2.900674014,0.252789814,0.337175205,-0.313685113,1.259072839,TRUE,FALSE,FALSE,FALSE,FALSE,FALSE,FALSE,FALSE,TRUE,FALSE,FALSE,-1.028990795
491,,2023-03-24 0:00,-0.403063221,4.503221087,-0.877793423,0.0384175385,-0.313685113,1.272505072,FALSE,TRUE,FALSE,FALSE,FALSE,FALSE,FALSE,FALSE,TRUE,FALSE,FALSE,-1.178024903
2635,,2023-03-25 0:00,-0.338055921,2.740839923,-0.762855189,0.0384175385,-0.313685113,1.311396086,FALSE,FALSE,TRUE,FALSE,FALSE,FALSE,FALSE,FALSE,TRUE,FALSE,FALSE,-1.225088306
2360,,2023-03-26 0:00,-0.30555227,1.184560613,-0.250075985,1.980342372,-0.313685113,1.348569021,FALSE,FALSE,FALSE,TRUE,FALSE,FALSE,FALSE,FALSE,TRUE,FALSE,FALSE,-1.240776107
648,,2023-03-27 0:00,-0.24054497,0.507368805,-0.591263844,0.0384175385,-0.313685113,1.3559349,FALSE,FALSE,FALSE,FALSE,TRUE,FALSE,FALSE,FALSE,TRUE,FALSE,FALSE,-1.060366397
2293,,2023-03-29 0:00,-0.175537669,1.882783222,-0.569341393,-0.559097795,-0.313685113,1.390765043,FALSE,FALSE,FALSE,FALSE,FALSE,TRUE,FALSE,FALSE,TRUE,FALSE,FALSE,-0.974083492
629,,2023-03-30 0:00,-0.24054497,1.811278497,-0.284385974,-0.110961295,-0.313685113,1.41762951,FALSE,FALSE,FALSE,FALSE,FALSE,FALSE,TRUE,FALSE,TRUE,FALSE,FALSE,-1.1152737
540,,2023-03-31 0:00,-0.175537669,2.681953679,-0.402638093,-0.260340128,-0.313685113,1.442932095,TRUE,FALSE,FALSE,FALSE,FALSE,FALSE,FALSE,FALSE,TRUE,FALSE,FALSE,-1.052522496
3303,,2023-04-01 0:00,0.0194842324,2.248719168,-0.525086048,-0.708476628,-0.313685113,1.434654095,FALSE,TRUE,FALSE,FALSE,FALSE,FALSE,FALSE,FALSE,TRUE,FALSE,FALSE,-1.154493202
2284,,2023-04-02 0:00,0.182002484,0.549430408,-0.282090846,0.187796372,-0.313685113,1.424970406,FALSE,FALSE,TRUE,FALSE,FALSE,FALSE,FALSE,FALSE,TRUE,FALSE,FALSE,-1.193712704
572,,2023-04-03 0:00,0.377024385,0.473719523,0.262505997,0.0384175385,-0.313685113,1.671130106,FALSE,FALSE,FALSE,TRUE,FALSE,FALSE,FALSE,FALSE,TRUE,FALSE,FALSE,-1.240776107
227,,2023-04-05 0:00,0.214506134,-0.708211521,0.521745859,1.681584705,3.649610197,1.623492508,FALSE,FALSE,FALSE,FALSE,TRUE,FALSE,FALSE,FALSE,TRUE,FALSE,FALSE,-1.021146895
361,,2023-04-06 0:00,0.344520735,0.831243148,0.507639194,0.337175205,-0.100943615,1.59303569,FALSE,FALSE,FALSE,FALSE,FALSE,TRUE,FALSE,FALSE,TRUE,FALSE,FALSE,-1.005459094
573,,2023-04-07 0:00,0.377024385,1.84492778,0.191747589,0.934690539,-0.313685113,1.583976716,FALSE,FALSE,FALSE,FALSE,FALSE,FALSE,TRUE,FALSE,TRUE,FALSE,FALSE,-1.060366397
3120,,2023-04-08 0:00,0.409528036,0.128814378,-0.116184095,1.382827039,-0.313685113,1.582102443,TRUE,FALSE,FALSE,FALSE,FALSE,FALSE,FALSE,FALSE,TRUE,FALSE,FALSE,-1.076054198
2612,,2023-04-09 0:00,0.409528036,1.028932682,-0.0688327742,0.337175205,-0.313685113,1.582727158,FALSE,TRUE,FALSE,FALSE,FALSE,FALSE,FALSE,FALSE,TRUE,FALSE,FALSE,-1.076054198
608,,2023-04-10 0:00,0.442031686,0.444276401,-0.419458673,0.635932872,-0.313685113,1.501715202,FALSE,FALSE,TRUE,FALSE,FALSE,FALSE,FALSE,FALSE,TRUE,FALSE,FALSE,-0.997615193
602,,2023-04-12 0:00,0.637053588,9.668385932,-0.350830098,0.635932872,-0.313685113,1.501246682,FALSE,FALSE,FALSE,TRUE,FALSE,FALSE,FALSE,FALSE,TRUE,FALSE,FALSE,-0.919176189
704,,2023-04-13 0:00,0.149498833,6.589476595,-0.0564670148,-0.708476628,-0.313685113,1.518271266,FALSE,FALSE,FALSE,FALSE,TRUE,FALSE,FALSE,FALSE,TRUE,FALSE,FALSE,-0.809361583
519,,2023-04-14 0:00,-0.27304862,2.450614862,0.193230628,-1.007234295,-0.313685113,1.511711344,FALSE,FALSE,FALSE,FALSE,FALSE,TRUE,FALSE,FALSE,TRUE,FALSE,FALSE,-0.683859176
1892,,2023-04-15 0:00,-0.110530369,1.020520361,0.357846265,-0.110961295,0.048763365,1.468290876,FALSE,FALSE,FALSE,FALSE,FALSE,FALSE,TRUE,FALSE,TRUE,FALSE,FALSE,-0.785829882
1975,,2023-04-16 0:00,0.0194842324,2.925910976,0.627014913,0.337175205,-0.313685113,1.447674005,TRUE,FALSE,FALSE,FALSE,FALSE,FALSE,FALSE,FALSE,TRUE,FALSE,FALSE,-0.801517683
633,,2023-04-17 0:00,0.182002484,2.673541358,0.890752606,-0.409718961,-0.313685113,1.889282007,FALSE,TRUE,FALSE,FALSE,FALSE,FALSE,FALSE,FALSE,TRUE,FALSE,FALSE,-0.825049384
586,,2023-04-19 0:00,0.539542637,-0.0520505144,0.912450083,0.187796372,-0.313685113,1.918020683,FALSE,FALSE,TRUE,FALSE,FALSE,FALSE,FALSE,FALSE,TRUE,FALSE,FALSE,-0.958395691
567,,2023-04-20 0:00,0.507038987,-0.430604941,0.636680047,0.187796372,-0.274288539,1.932858606,FALSE,FALSE,FALSE,TRUE,FALSE,FALSE,FALSE,FALSE,TRUE,FALSE,FALSE,-0.911332289
506,,2023-04-21 0:00,0.702060888,0.675615217,-0.682370976,0.337175205,-0.313685113,1.972530593,FALSE,FALSE,FALSE,FALSE,TRUE,FALSE,FALSE,FALSE,TRUE,FALSE,FALSE,-0.75445428
2539,,2023-04-22 0:00,0.767068189,0.852273949,-0.953680164,0.486554039,-0.313685113,2.076083723,FALSE,FALSE,FALSE,FALSE,FALSE,TRUE,FALSE,FALSE,TRUE,FALSE,FALSE,-0.75445428
2047,,2023-04-23 0:00,0.86457914,0.751326102,-0.539763384,-0.260340128,-0.313685113,2.138402984,FALSE,FALSE,FALSE,FALSE,FALSE,FALSE,TRUE,FALSE,TRUE,FALSE,FALSE,-0.75445428
540,,2023-04-24 0:00,0.92958644,0.616728973,-0.359906401,0.635932872,-0.313685113,1.733030749,TRUE,FALSE,FALSE,FALSE,FALSE,FALSE,FALSE,FALSE,TRUE,FALSE,FALSE,-0.825049384
1955,,2023-04-26 0:00,0.994593741,-0.317038613,-0.241575396,1.233448205,-0.313685113,1.824088815,FALSE,TRUE,FALSE,FALSE,FALSE,FALSE,FALSE,FALSE,TRUE,FALSE,FALSE,-0.770142081
628,,2023-04-27 0:00,1.027097391,0.0404850121,0.0734070866,-0.559097795,-0.313685113,1.868758776,FALSE,FALSE,TRUE,FALSE,FALSE,FALSE,FALSE,FALSE,TRUE,FALSE,FALSE,-0.895644488
1451,,2023-04-28 0:00,1.092104692,-0.0141950718,-0.236443101,-0.260340128,-0.163978133,1.883128114,FALSE,FALSE,FALSE,TRUE,FALSE,FALSE,FALSE,FALSE,TRUE,FALSE,FALSE,-0.864268886
1239,,2023-04-29 0:00,1.092104692,-0.325450934,-0.151832071,0.934690539,1.664022885,1.806127062,FALSE,FALSE,FALSE,FALSE,TRUE,FALSE,FALSE,FALSE,TRUE,FALSE,FALSE,-0.75445428
3369,,2023-04-30 0:00,1.059601041,0.095165096,0.0242093042,1.532205872,-0.305805798,1.895310854,FALSE,FALSE,FALSE,FALSE,FALSE,TRUE,FALSE,FALSE,TRUE,FALSE,FALSE,-0.75445428
3707,,2023-05-01 0:00,1.027097391,0.381183996,0.264571974,0.337175205,-0.313685113,2.258924503,FALSE,FALSE,FALSE,FALSE,FALSE,FALSE,TRUE,FALSE,TRUE,FALSE,FALSE,-0.785829882
884,,2023-05-02 0:00,1.027097391,-0.165616842,-0.307891978,-0.260340128,-0.313685113,2.282977594,TRUE,FALSE,FALSE,FALSE,FALSE,FALSE,FALSE,FALSE,TRUE,FALSE,FALSE,-0.817205484
1111,,2023-05-03 0:00,1.059601041,0.196112943,-0.438342767,-0.260340128,-0.313685113,2.257831204,FALSE,TRUE,FALSE,FALSE,FALSE,FALSE,FALSE,FALSE,TRUE,FALSE,FALSE,-0.903488388
1253,,2023-05-04 0:00,0.539542637,0.322297752,-0.0452319864,-0.260340128,-0.313685113,2.228311554,FALSE,FALSE,TRUE,FALSE,FALSE,FALSE,FALSE,FALSE,TRUE,FALSE,FALSE,-0.75445428
969,,2023-05-05 0:00,0.539542637,-0.931138017,-0.21553571,0.337175205,2.065867936,2.179424463,FALSE,FALSE,FALSE,TRUE,FALSE,FALSE,FALSE,FALSE,TRUE,FALSE,FALSE,-0.683859176
1075,,2023-05-06 0:00,0.507038987,-0.939550337,0.453717686,4.669161372,3.428989385,2.199260424,FALSE,FALSE,FALSE,FALSE,TRUE,FALSE,FALSE,FALSE,TRUE,FALSE,FALSE,-0.628951873
8168,,2023-05-07 0:00,0.507038987,-0.13196756,-0.211735982,0.486554039,-0.313685113,2.169428385,FALSE,FALSE,FALSE,FALSE,FALSE,TRUE,FALSE,FALSE,TRUE,FALSE,FALSE,-0.676015276
777,,2023-05-08 0:00,0.507038987,-0.0941121174,0.420017927,-0.110961295,-0.313685113,2.015763653,FALSE,FALSE,FALSE,FALSE,FALSE,FALSE,TRUE,FALSE,TRUE,FALSE,FALSE,-0.597576272
550,,2023-05-10 0:00,0.637053588,0.784975385,0.795654648,-0.708476628,-0.313685113,1.974373588,TRUE,FALSE,FALSE,FALSE,FALSE,FALSE,FALSE,FALSE,TRUE,FALSE,FALSE,-0.707390878
495,,2023-05-11 0:00,0.637053588,0.587285851,0.573725377,0.0384175385,-0.313685113,1.959223276,FALSE,TRUE,FALSE,FALSE,FALSE,FALSE,FALSE,FALSE,TRUE,FALSE,FALSE,-0.730922579
792,,2023-05-12 0:00,0.92958644,0.72188298,0.46140311,-0.708476628,-0.313685113,1.972030731,FALSE,FALSE,TRUE,FALSE,FALSE,FALSE,FALSE,FALSE,TRUE,FALSE,FALSE,-0.785829882
2545,,2023-05-13 0:00,0.92958644,0.250793027,-0.390697842,-0.409718961,-0.313685113,1.960785159,FALSE,FALSE,FALSE,TRUE,FALSE,FALSE,FALSE,FALSE,TRUE,FALSE,FALSE,-0.526981168
2019,,2023-05-14 0:00,0.89708279,-0.485285025,-0.477646619,-0.409718961,-0.313685113,1.855357756,FALSE,FALSE,FALSE,FALSE,TRUE,FALSE,FALSE,FALSE,TRUE,FALSE,FALSE,-0.495605566
511,,2023-05-15 0:00,0.89708279,0.0573096533,-0.0994527218,0.187796372,-0.313685113,0.97602138,FALSE,FALSE,FALSE,FALSE,FALSE,TRUE,FALSE,FALSE,TRUE,FALSE,FALSE,-0.519137267
403,,2023-05-17 0:00,1.059601041,0.0236603709,0.17107678,1.681584705,-0.313685113,0.96337012,FALSE,FALSE,FALSE,FALSE,FALSE,FALSE,TRUE,FALSE,TRUE,FALSE,FALSE,-0.38579096
417,,2023-05-18 0:00,0.89708279,-0.0436381938,-0.421560629,-0.260340128,-0.211254021,0.982737497,TRUE,FALSE,FALSE,FALSE,FALSE,FALSE,FALSE,FALSE,TRUE,FALSE,FALSE,-0.613264073
636,,2023-05-19 0:00,0.669557238,-0.502109666,-0.269587264,0.0384175385,-0.313685113,0.98820412,FALSE,TRUE,FALSE,FALSE,FALSE,FALSE,FALSE,FALSE,TRUE,FALSE,FALSE,-0.56620067
2455,,2023-05-20 0:00,0.572046287,-0.434811101,0.128452908,1.084069372,-0.313685113,0.991796471,FALSE,FALSE,TRUE,FALSE,FALSE,FALSE,FALSE,FALSE,TRUE,FALSE,FALSE,-0.668171376
1858,,2023-05-21 0:00,0.474535336,1.70612449,0.548397085,1.084069372,-0.297926483,0.983362276,FALSE,FALSE,FALSE,TRUE,FALSE,FALSE,FALSE,FALSE,TRUE,FALSE,FALSE,-0.503449467
497,,2023-05-22 0:00,0.377024385,3.83023544,0.666336183,-0.559097795,-0.313685113,0.588117266,FALSE,FALSE,FALSE,FALSE,TRUE,FALSE,FALSE,FALSE,TRUE,FALSE,FALSE,-0.542668969
452,,2023-05-24 0:00,0.377024385,0.1582575,0.688658485,-0.409718961,-0.313685113,0.596863851,FALSE,FALSE,FALSE,FALSE,FALSE,TRUE,FALSE,FALSE,TRUE,FALSE,FALSE,-0.472073865
485,,2023-05-25 0:00,0.572046287,-0.0562566747,0.0101419096,0.187796372,-0.313685113,0.580464045,FALSE,FALSE,FALSE,FALSE,FALSE,FALSE,TRUE,FALSE,TRUE,FALSE,FALSE,-0.511293367
575,,2023-05-26 0:00,0.669557238,-0.13617372,-0.448719199,-0.260340128,-0.274288539,0.562346162,TRUE,FALSE,FALSE,FALSE,FALSE,FALSE,FALSE,FALSE,TRUE,FALSE,FALSE,-0.511293367
1231,,2023-05-27 0:00,0.637053588,-0.216090766,0.239181836,-0.857855462,2.191936972,0.528296993,FALSE,TRUE,FALSE,FALSE,FALSE,FALSE,FALSE,FALSE,TRUE,FALSE,FALSE,-0.589732371
994,,2023-05-28 0:00,0.637053588,-1.011055062,0.21936303,-0.708476628,2.979868445,0.507836252,FALSE,FALSE,TRUE,FALSE,FALSE,FALSE,FALSE,FALSE,TRUE,FALSE,FALSE,-0.57404457
2073,,2023-05-29 0:00,0.604549937,-0.897488734,0.384564066,-1.007234295,-0.132460874,-0.16618689,FALSE,FALSE,FALSE,TRUE,FALSE,FALSE,FALSE,FALSE,TRUE,FALSE,FALSE,-0.479917765
2118,,2023-05-31 0:00,0.572046287,-0.291801651,0.548613433,0.337175205,-0.313685113,-0.209763552,FALSE,FALSE,FALSE,FALSE,TRUE,FALSE,FALSE,FALSE,TRUE,FALSE,FALSE,-0.448542164
527,,2023-06-01 0:00,0.539542637,0.14563902,0.696877948,-0.559097795,-0.313685113,-0.243812721,FALSE,FALSE,FALSE,FALSE,FALSE,TRUE,FALSE,FALSE,TRUE,FALSE,FALSE,-0.432854363
385,,2023-06-02 0:00,-0.0130194179,-0.178235323,0.579383234,0.0384175385,-0.313685113,-0.255526877,FALSE,FALSE,FALSE,FALSE,FALSE,FALSE,TRUE,FALSE,TRUE,FALSE,FALSE,-0.464229964
2346,,2023-06-03 0:00,-0.0130194179,-0.0520505144,0.377962653,0.635932872,-0.313685113,-0.216635864,TRUE,FALSE,FALSE,FALSE,FALSE,FALSE,FALSE,FALSE,TRUE,FALSE,FALSE,-0.393634861
2099,,2023-06-04 0:00,0.0194842324,0.0741342945,0.478174429,0.187796372,-0.313685113,-0.0966829276,FALSE,TRUE,FALSE,FALSE,FALSE,FALSE,FALSE,FALSE,TRUE,FALSE,FALSE,-0.487761666
843,,2023-06-05 0:00,0.0194842324,-0.195059965,0.747277818,0.486554039,-0.313685113,0.432678195,FALSE,FALSE,TRUE,FALSE,FALSE,FALSE,FALSE,FALSE,TRUE,FALSE,FALSE,-0.534825068
2165,,2023-06-06 0:00,-0.0130194179,-0.607263674,1.113372653,0.486554039,-0.313685113,0.490155612,FALSE,FALSE,FALSE,TRUE,FALSE,FALSE,FALSE,FALSE,TRUE,FALSE,FALSE,-0.425010462
449,,2023-06-08 0:00,-0.0455230682,-0.569408231,0.919701662,0.187796372,-0.163978133,0.480315728,FALSE,FALSE,FALSE,FALSE,TRUE,FALSE,FALSE,FALSE,TRUE,FALSE,FALSE,-0.370103159
410,,2023-06-09 0:00,-0.435566872,-0.451635743,0.551910886,-0.409718961,-0.219133336,0.46641491,FALSE,FALSE,FALSE,FALSE,FALSE,TRUE,FALSE,FALSE,TRUE,FALSE,FALSE,-0.432854363
1721,,2023-06-10 0:00,-0.435566872,-0.0184012321,0.828779853,0.0384175385,-0.250650595,0.402065182,FALSE,FALSE,FALSE,FALSE,FALSE,FALSE,TRUE,FALSE,TRUE,FALSE,FALSE,-0.456386064
1655,,2023-06-11 0:00,-0.468070522,-0.55678975,0.651284152,-0.110961295,2.223454231,0.267430518,TRUE,FALSE,FALSE,FALSE,FALSE,FALSE,FALSE,FALSE,TRUE,FALSE,FALSE,-0.472073865
414,,2023-06-12 0:00,-0.468070522,-0.211884606,0.223491731,-0.857855462,-0.313685113,0.907067183,FALSE,TRUE,FALSE,FALSE,FALSE,FALSE,FALSE,FALSE,TRUE,FALSE,FALSE,-0.472073865
294,,2023-06-14 0:00,-0.955625276,-0.249740048,0.633115004,-1.156613128,2.097385195,0.848965051,FALSE,FALSE,TRUE,FALSE,FALSE,FALSE,FALSE,FALSE,TRUE,FALSE,FALSE,-0.56620067
608,,2023-06-15 0:00,-0.890617976,-0.178235323,0.820909795,-0.260340128,-0.313685113,0.844591791,FALSE,FALSE,FALSE,TRUE,FALSE,FALSE,FALSE,FALSE,TRUE,FALSE,FALSE,-0.464229964
442,,2023-06-16 0:00,-1.053136227,-0.350687896,0.807905278,-0.260340128,-0.313685113,0.848965116,FALSE,FALSE,FALSE,FALSE,TRUE,FALSE,FALSE,FALSE,TRUE,FALSE,FALSE,-0.503449467
1759,,2023-06-17 0:00,-0.955625276,-0.535758949,0.906635709,-0.409718961,-0.313685113,0.842873713,FALSE,FALSE,FALSE,FALSE,FALSE,TRUE,FALSE,FALSE,TRUE,FALSE,FALSE,-0.323039757
1165,,2023-06-18 0:00,-0.890617976,-0.325450934,0.790407598,-0.409718961,-0.313685113,0.830378584,FALSE,FALSE,FALSE,FALSE,FALSE,FALSE,TRUE,FALSE,TRUE,FALSE,FALSE,-0.519137267
290,,2023-06-19 0:00,-0.793107025,0.389596317,0.202065796,-0.110961295,-0.313685113,0.364717427,TRUE,FALSE,FALSE,FALSE,FALSE,FALSE,FALSE,FALSE,TRUE,FALSE,FALSE,-0.519137267
333,,2023-06-21 0:00,-0.468070522,-0.98161194,0.0453507284,-0.260340128,1.648264256,0.288653478,FALSE,TRUE,FALSE,FALSE,FALSE,FALSE,FALSE,FALSE,TRUE,FALSE,FALSE,-0.503449467
414,,2023-06-22 0:00,-0.435566872,-0.657737597,0.644463503,-0.110961295,-0.313685113,0.25897757,FALSE,FALSE,TRUE,FALSE,FALSE,FALSE,FALSE,FALSE,TRUE,FALSE,FALSE,-0.519137267
394,,2023-06-23 0:00,-0.143034019,-0.0352258732,0.896240779,-1.156613128,-0.313685113,0.228833141,FALSE,FALSE,FALSE,TRUE,FALSE,FALSE,FALSE,FALSE,TRUE,FALSE,FALSE,-0.417166562
1578,,2023-06-24 0:00,-0.110530369,0.120402058,0.885476896,-0.409718961,-0.313685113,0.232113102,FALSE,FALSE,FALSE,FALSE,TRUE,FALSE,FALSE,FALSE,TRUE,FALSE,FALSE,-0.354415358
1035,,2023-06-25 0:00,-0.0780267185,-0.1277614,0.809588681,-0.260340128,-0.313685113,0.207903881,FALSE,FALSE,FALSE,FALSE,FALSE,TRUE,FALSE,FALSE,FALSE,TRUE,FALSE,-0.38579096
169,,2023-06-26 0:00,-0.0455230682,-0.725036162,0.439327927,0.934690539,2.073747251,-1.083389636,FALSE,FALSE,FALSE,FALSE,FALSE,FALSE,TRUE,FALSE,FALSE,TRUE,FALSE,-0.401478761
1810,,2023-06-28 0:00,0.0194842324,-0.232915407,0.815503007,0.337175205,-0.313685113,-1.101038935,TRUE,FALSE,FALSE,FALSE,FALSE,FALSE,FALSE,FALSE,FALSE,TRUE,FALSE,-0.495605566
112,,2023-06-29 0:00,0.344520735,-0.148792201,0.814087264,0.0384175385,4.713317686,-1.123686273,FALSE,TRUE,FALSE,FALSE,FALSE,FALSE,FALSE,FALSE,FALSE,TRUE,FALSE,-0.432854363
279,,2023-06-30 0:00,0.409528036,-0.060462835,0.680966251,-0.708476628,-0.234891965,-1.143053714,FALSE,FALSE,TRUE,FALSE,FALSE,FALSE,FALSE,FALSE,FALSE,TRUE,FALSE,-0.330883657
879,,2023-07-01 0:00,0.279513435,-0.300213972,0.486298051,-0.409718961,-0.313685113,-1.180226585,FALSE,FALSE,FALSE,TRUE,FALSE,FALSE,FALSE,FALSE,FALSE,TRUE,FALSE,-0.409322661
885,,2023-07-02 0:00,0.182002484,-0.624088315,0.565554619,-0.559097795,-0.313685113,-1.187098897,FALSE,FALSE,FALSE,FALSE,TRUE,FALSE,FALSE,FALSE,FALSE,TRUE,FALSE,-0.338727558
227,,2023-07-03 0:00,0.0519878826,-0.144586041,0.400119139,-0.708476628,-0.313685113,-0.918135665,FALSE,FALSE,FALSE,FALSE,FALSE,TRUE,FALSE,FALSE,FALSE,TRUE,FALSE,-0.495605566
312,,2023-07-05 0:00,-0.20804132,-0.375924857,0.895011603,2.129721205,0.891850041,-0.945156391,FALSE,FALSE,FALSE,FALSE,FALSE,FALSE,TRUE,FALSE,FALSE,TRUE,FALSE,-0.393634861
227,,2023-07-06 0:00,-0.175537669,0.427451759,0.81070578,0.635932872,-0.313685113,-0.934379404,TRUE,FALSE,FALSE,FALSE,FALSE,FALSE,FALSE,FALSE,FALSE,TRUE,FALSE,-0.534825068
309,,2023-07-07 0:00,-0.0455230682,0.330710073,0.625319824,0.0384175385,-0.313685113,-0.919541481,FALSE,TRUE,FALSE,FALSE,FALSE,FALSE,FALSE,FALSE,FALSE,TRUE,FALSE,-0.511293367
1329,,2023-07-08 0:00,-0.0455230682,-0.943756497,0.705251421,-0.110961295,-0.313685113,-0.903297871,FALSE,FALSE,TRUE,FALSE,FALSE,FALSE,FALSE,FALSE,FALSE,TRUE,FALSE,-0.425010462
698,,2023-07-09 0:00,-0.0780267185,-0.809159368,0.691656059,-0.409718961,3.428989385,-0.912512975,FALSE,FALSE,FALSE,TRUE,FALSE,FALSE,FALSE,FALSE,FALSE,TRUE,FALSE,-0.38579096
384,,2023-07-10 0:00,-0.0780267185,-0.119349079,0.422668295,0.0384175385,0.592436082,-0.443415662,FALSE,FALSE,FALSE,FALSE,TRUE,FALSE,FALSE,FALSE,FALSE,TRUE,FALSE,-0.330883657
288,,2023-07-12 0:00,-0.598085123,-0.472666544,0.751142266,-1.156613128,-0.258529909,-0.408273195,FALSE,FALSE,FALSE,FALSE,FALSE,TRUE,FALSE,FALSE,FALSE,TRUE,FALSE,-0.448542164
123,,2023-07-13 0:00,-1.020632577,-0.485285025,0.929542358,-1.007234295,6.903767182,-0.414520727,FALSE,FALSE,FALSE,FALSE,FALSE,FALSE,TRUE,FALSE,FALSE,TRUE,FALSE,-0.417166562
199,,2023-07-14 0:00,-1.41067638,-0.788128566,1.068838821,0.934690539,5.414576697,-0.43732426,TRUE,FALSE,FALSE,FALSE,FALSE,FALSE,FALSE,FALSE,FALSE,TRUE,FALSE,-0.432854363
1083,,2023-07-15 0:00,-1.37817273,-0.514728147,1.194210406,1.084069372,-0.132460874,-0.467000105,FALSE,TRUE,FALSE,FALSE,FALSE,FALSE,FALSE,FALSE,FALSE,TRUE,FALSE,-0.456386064
1241,,2023-07-16 0:00,-1.37817273,-0.165616842,1.48227847,0.0384175385,0.450608416,-0.460596377,FALSE,FALSE,TRUE,FALSE,FALSE,FALSE,FALSE,FALSE,FALSE,TRUE,FALSE,-0.393634861
381,,2023-07-17 0:00,-1.34566908,-0.41798646,1.027039088,-0.857855462,-0.203374706,-1.360524704,FALSE,FALSE,FALSE,TRUE,FALSE,FALSE,FALSE,FALSE,FALSE,TRUE,FALSE,-0.37794706
249,,2023-07-19 0:00,-1.313165429,-0.296007812,0.257194408,-0.857855462,-0.313685113,-1.373956874,FALSE,FALSE,FALSE,FALSE,TRUE,FALSE,FALSE,FALSE,FALSE,TRUE,FALSE,-0.37794706
240,,2023-07-20 0:00,-1.248158129,0.71767682,0.65274722,-0.708476628,-0.313685113,-1.378330134,FALSE,FALSE,FALSE,FALSE,FALSE,TRUE,FALSE,FALSE,FALSE,TRUE,FALSE,-0.464229964
214,,2023-07-21 0:00,-0.760603374,1.083612766,0.848559083,-0.708476628,-0.313685113,-1.375518757,FALSE,FALSE,FALSE,FALSE,FALSE,FALSE,TRUE,FALSE,FALSE,TRUE,FALSE,-0.37794706
1057,,2023-07-22 0:00,-0.793107025,-0.115142919,1.122106834,0.486554039,0.655470599,-1.367865536,TRUE,FALSE,FALSE,FALSE,FALSE,FALSE,FALSE,FALSE,FALSE,TRUE,FALSE,-0.464229964
544,,2023-07-23 0:00,-0.825610675,-1.040498184,1.367814976,-0.260340128,2.85379941,-1.361305614,FALSE,TRUE,FALSE,FALSE,FALSE,FALSE,FALSE,FALSE,FALSE,TRUE,FALSE,-0.432854363
431,,2023-07-24 0:00,-0.858114325,-0.582026712,0.680766291,-0.409718961,-0.282167854,-1.393611657,FALSE,FALSE,TRUE,FALSE,FALSE,FALSE,FALSE,FALSE,FALSE,TRUE,FALSE,-0.362259259
1283,,2023-07-26 0:00,-0.988128926,-0.910107215,0.981146071,-0.110961295,-0.234891965,-1.371276708,FALSE,FALSE,FALSE,TRUE,FALSE,FALSE,FALSE,FALSE,FALSE,TRUE,FALSE,-0.291664155
300,,2023-07-27 0:00,-0.988128926,-0.586232872,1.048396405,-0.559097795,-0.313685113,-1.340038981,FALSE,FALSE,FALSE,FALSE,TRUE,FALSE,FALSE,FALSE,FALSE,TRUE,FALSE,-0.213225151
255,,2023-07-28 0:00,-0.988128926,-0.161410682,0.596991903,-0.260340128,-0.313685113,-1.313955422,FALSE,FALSE,FALSE,FALSE,FALSE,TRUE,FALSE,FALSE,FALSE,TRUE,FALSE,-0.213225151
940,,2023-07-29 0:00,-0.988128926,-0.253946209,0.776992781,-0.409718961,-0.313685113,-1.302397461,FALSE,FALSE,FALSE,FALSE,FALSE,FALSE,TRUE,FALSE,FALSE,TRUE,FALSE,-0.283820255
752,,2023-07-30 0:00,-1.020632577,-0.825984009,1.174221876,-0.559097795,1.65614357,-1.298492785,TRUE,FALSE,FALSE,FALSE,FALSE,FALSE,FALSE,FALSE,FALSE,TRUE,FALSE,-0.291664155
353,,2023-07-31 0:00,-1.020632577,-0.220296926,1.042947841,-0.857855462,-0.290047168,-1.433833473,FALSE,TRUE,FALSE,FALSE,FALSE,FALSE,FALSE,FALSE,FALSE,TRUE,FALSE,-0.275976354
367,,2023-08-02 0:00,-0.30555227,-0.0436381938,1.372240541,-0.260340128,-0.313685113,-1.452107551,FALSE,FALSE,TRUE,FALSE,FALSE,FALSE,FALSE,FALSE,FALSE,TRUE,FALSE,-0.20538125
243,,2023-08-03 0:00,-0.24054497,-0.531552788,0.894194414,-0.260340128,-0.313685113,-1.474911084,FALSE,FALSE,FALSE,TRUE,FALSE,FALSE,FALSE,FALSE,FALSE,TRUE,FALSE,-0.150473947
251,,2023-08-04 0:00,0.0194842324,-0.586232872,0.784773804,-0.559097795,-0.313685113,-1.51145924,FALSE,FALSE,FALSE,FALSE,TRUE,FALSE,FALSE,FALSE,FALSE,TRUE,FALSE,-0.189693449
605,,2023-08-05 0:00,0.0194842324,-0.594645193,1.206612196,-0.409718961,-0.313685113,-1.5406665,FALSE,FALSE,FALSE,FALSE,FALSE,TRUE,FALSE,FALSE,FALSE,TRUE,FALSE,-0.283820255
588,,2023-08-06 0:00,-0.0130194179,-0.548377429,1.219663612,-0.857855462,0.0724013092,-1.56159576,FALSE,FALSE,FALSE,FALSE,FALSE,FALSE,TRUE,FALSE,FALSE,TRUE,FALSE,-0.134786147
565,,2023-08-07 0:00,-0.0130194179,-0.994230421,0.969512794,0.635932872,-0.313685113,-1.634510959,TRUE,FALSE,FALSE,FALSE,FALSE,FALSE,FALSE,FALSE,FALSE,TRUE,FALSE,-0.221069051
630,,2023-08-09 0:00,0.344520735,-1.095178268,0.758182112,1.382827039,-0.297926483,-1.666217271,FALSE,TRUE,FALSE,FALSE,FALSE,FALSE,FALSE,FALSE,FALSE,TRUE,FALSE,-0.221069051
107,,2023-08-10 0:00,0.312017085,-1.225569237,0.992011834,2.129721205,6.470404871,-1.693081739,FALSE,FALSE,TRUE,FALSE,FALSE,FALSE,FALSE,FALSE,FALSE,TRUE,FALSE,-0.174005649
393,,2023-08-11 0:00,0.539542637,-0.754479284,0.563151127,0.0384175385,3.365954867,-1.667466829,FALSE,FALSE,FALSE,TRUE,FALSE,FALSE,FALSE,FALSE,FALSE,TRUE,FALSE,-0.134786147
1426,,2023-08-12 0:00,0.637053588,-0.640912956,0.868869267,-0.559097795,-0.195495392,-1.614362672,FALSE,FALSE,FALSE,FALSE,TRUE,FALSE,FALSE,FALSE,FALSE,TRUE,FALSE,-0.0563471422
1459,,2023-08-13 0:00,0.702060888,-0.253946209,0.703287338,-0.857855462,-0.313685113,-1.553449036,FALSE,FALSE,FALSE,FALSE,FALSE,TRUE,FALSE,FALSE,FALSE,TRUE,FALSE,-0.213225151
980,,2023-08-14 0:00,0.799571839,0.259205348,0.592097451,-1.007234295,-0.313685113,-1.231225388,FALSE,FALSE,FALSE,FALSE,FALSE,FALSE,TRUE,FALSE,FALSE,TRUE,FALSE,-0.166161748
1044,,2023-08-15 0:00,0.92958644,-0.367512537,0.650770842,0.0384175385,-0.313685113,-1.180932609,TRUE,FALSE,FALSE,FALSE,FALSE,FALSE,FALSE,FALSE,FALSE,TRUE,FALSE,-0.268132454
578,,2023-08-17 0:00,1.157111992,-0.392749498,0.710035486,-0.857855462,-0.313685113,-1.126891284,FALSE,TRUE,FALSE,FALSE,FALSE,FALSE,FALSE,FALSE,FALSE,TRUE,FALSE,-0.166161748
576,,2023-08-18 0:00,0.962090091,0.0404850121,0.842344103,-0.559097795,-0.305805798,-1.118613284,FALSE,FALSE,TRUE,FALSE,FALSE,FALSE,FALSE,FALSE,FALSE,TRUE,FALSE,-0.111254445
991,,2023-08-19 0:00,0.994593741,-0.249740048,0.790144376,-0.559097795,-0.313685113,-1.145946335,FALSE,FALSE,FALSE,TRUE,FALSE,FALSE,FALSE,FALSE,FALSE,TRUE,FALSE,-0.032815441
876,,2023-08-20 0:00,1.059601041,-0.321244773,1.101404625,-1.007234295,-0.313685113,-1.172966998,FALSE,FALSE,FALSE,FALSE,TRUE,FALSE,FALSE,FALSE,FALSE,TRUE,FALSE,-0.111254445
517,,2023-08-21 0:00,1.092104692,-0.401161819,1.228983181,0.187796372,-0.313685113,-1.385439885,FALSE,FALSE,FALSE,FALSE,FALSE,TRUE,FALSE,FALSE,FALSE,TRUE,FALSE,-0.150473947
391,,2023-08-23 0:00,0.962090091,-1.019467383,1.440461596,-0.110961295,2.979868445,-1.434951755,FALSE,FALSE,FALSE,FALSE,FALSE,FALSE,TRUE,FALSE,FALSE,TRUE,FALSE,-0.0563471422
719,,2023-08-24 0:00,0.442031686,-1.141446031,1.210274204,0.785311705,0.0960392534,-1.442292651,TRUE,FALSE,FALSE,FALSE,FALSE,FALSE,FALSE,FALSE,FALSE,TRUE,FALSE,-0.181849549
732,,2023-08-25 0:00,0.572046287,-0.6997992,0.711850708,0.486554039,-0.313685113,-1.433858456,FALSE,TRUE,FALSE,FALSE,FALSE,FALSE,FALSE,FALSE,FALSE,TRUE,FALSE,-0.174005649
1474,,2023-08-26 0:00,0.539542637,0.179288302,1.019442018,-0.708476628,-0.313685113,-1.411835833,FALSE,FALSE,TRUE,FALSE,FALSE,FALSE,FALSE,FALSE,FALSE,TRUE,FALSE,0.022091862
1409,,2023-08-27 0:00,0.507038987,-0.228709247,1.140970588,-0.708476628,-0.313685113,-1.403557832,FALSE,FALSE,FALSE,TRUE,FALSE,FALSE,FALSE,FALSE,FALSE,TRUE,FALSE,-0.0641910427
407,,2023-08-28 0:00,0.474535336,-0.813365528,1.116137144,1.532205872,0.505763619,-0.275094186,FALSE,FALSE,FALSE,FALSE,TRUE,FALSE,FALSE,FALSE,FALSE,TRUE,FALSE,-0.0485032418
1535,,2023-08-30 0:00,0.442031686,-0.636706796,1.229736373,-1.754128462,-0.037909097,-0.22214616,FALSE,FALSE,FALSE,FALSE,FALSE,TRUE,FALSE,FALSE,FALSE,TRUE,FALSE,-0.142630047
381,,2023-08-31 0:00,0.539542637,-0.523140468,1.407248098,-1.455370795,-0.313685113,-0.205121576,FALSE,FALSE,FALSE,FALSE,FALSE,FALSE,TRUE,FALSE,FALSE,TRUE,FALSE,-0.032815441
386,,2023-09-01 0:00,0.377024385,-0.359100216,1.37105089,-0.409718961,-0.313685113,-0.20215394,TRUE,FALSE,FALSE,FALSE,FALSE,FALSE,FALSE,FALSE,FALSE,TRUE,FALSE,-0.126942246
1725,,2023-09-02 0:00,0.377024385,-0.211884606,1.336465071,-1.007234295,-0.313685113,-0.178881823,FALSE,TRUE,FALSE,FALSE,FALSE,FALSE,FALSE,FALSE,FALSE,TRUE,FALSE,-0.134786147
1472,,2023-09-03 0:00,0.344520735,-0.674562238,1.281184618,-0.110961295,-0.305805798,-0.163887706,FALSE,FALSE,TRUE,FALSE,FALSE,FALSE,FALSE,FALSE,FALSE,TRUE,FALSE,-0.0406593414
411,,2023-09-04 0:00,0.344520735,-0.716623841,1.45647619,-0.708476628,-0.290047168,-0.422542535,FALSE,FALSE,FALSE,TRUE,FALSE,FALSE,FALSE,FALSE,FALSE,TRUE,FALSE,-0.0485032418
371,,2023-09-06 0:00,0.832075489,-0.645119116,1.481616745,0.187796372,-0.313685113,-0.431757703,FALSE,FALSE,FALSE,FALSE,TRUE,FALSE,FALSE,FALSE,FALSE,TRUE,FALSE,0.0534674637
376,,2023-09-07 0:00,0.92958644,-0.661943758,1.471302702,0.337175205,-0.313685113,-0.424104482,FALSE,FALSE,FALSE,FALSE,FALSE,TRUE,FALSE,FALSE,FALSE,TRUE,FALSE,-0.126942246
411,,2023-09-08 0:00,0.86457914,-0.6997992,1.513685921,0.0384175385,-0.313685113,-0.408329455,FALSE,FALSE,FALSE,FALSE,FALSE,FALSE,TRUE,FALSE,FALSE,TRUE,FALSE,-0.0249715405
1693,,2023-09-09 0:00,0.86457914,-0.161410682,1.526876153,-0.708476628,-0.313685113,-0.405986599,TRUE,FALSE,FALSE,FALSE,FALSE,FALSE,FALSE,FALSE,FALSE,TRUE,FALSE,-0.119098346
1499,,2023-09-10 0:00,0.86457914,0.0320726915,1.388544912,-1.007234295,-0.313685113,-0.403956131,FALSE,TRUE,FALSE,FALSE,FALSE,FALSE,FALSE,FALSE,FALSE,TRUE,FALSE,-0.0406593414
454,,2023-09-11 0:00,0.86457914,-0.178235323,1.54385886,-0.559097795,-0.313685113,-0.392554365,FALSE,FALSE,TRUE,FALSE,FALSE,FALSE,FALSE,FALSE,FALSE,TRUE,FALSE,-0.0798788435
294,,2023-09-13 0:00,0.669557238,-0.523140468,1.68614799,-0.708476628,0.93912593,-0.378185027,FALSE,FALSE,FALSE,TRUE,FALSE,FALSE,FALSE,FALSE,FALSE,TRUE,FALSE,-0.683859176
470,,2023-09-14 0:00,0.604549937,-1.065735146,1.34538457,0.187796372,-0.313685113,-0.377716442,FALSE,FALSE,FALSE,FALSE,TRUE,FALSE,FALSE,FALSE,FALSE,TRUE,FALSE,0.131906468
414,,2023-09-15 0:00,0.637053588,-1.027879703,0.437911552,0.486554039,-0.148219503,-0.377872637,FALSE,FALSE,FALSE,FALSE,FALSE,TRUE,FALSE,FALSE,FALSE,TRUE,FALSE,0.0299357624
1938,,2023-09-16 0:00,0.637053588,-0.960581139,0.554484968,-0.857855462,2.735609689,-0.390836351,FALSE,FALSE,FALSE,FALSE,FALSE,FALSE,TRUE,FALSE,FALSE,TRUE,FALSE,-0.0641910427
1490,,2023-09-17 0:00,0.637053588,-0.817571688,0.560279041,-1.305991962,-0.0773056707,-0.379590779,TRUE,FALSE,FALSE,FALSE,FALSE,FALSE,FALSE,FALSE,FALSE,TRUE,FALSE,-0.119098346
545,,2023-09-18 0:00,0.637053588,-0.687180719,1.104359004,-0.559097795,-0.313685113,-0.0135280463,FALSE,TRUE,FALSE,FALSE,FALSE,FALSE,FALSE,FALSE,FALSE,TRUE,FALSE,-0.417166562
192,,2023-09-20 0:00,0.734564539,-0.569408231,1.232117855,0.635932872,2.507109561,0.016303993,FALSE,FALSE,TRUE,FALSE,FALSE,FALSE,FALSE,FALSE,FALSE,TRUE,FALSE,0.0691552646
502,,2023-09-21 0:00,1.027097391,-1.044704345,1.329713936,0.0384175385,-0.313685113,0.0500407724,FALSE,FALSE,FALSE,TRUE,FALSE,FALSE,FALSE,FALSE,FALSE,TRUE,FALSE,-0.032815441
554,,2023-09-22 0:00,1.027097391,-0.632500635,1.193355003,-0.857855462,-0.313685113,0.0606616294,FALSE,FALSE,FALSE,FALSE,TRUE,FALSE,FALSE,FALSE,FALSE,TRUE,FALSE,0.0456235633
2285,,2023-09-23 0:00,0.994593741,-0.674562238,1.270823518,0.337175205,-0.313685113,0.10127072,FALSE,FALSE,FALSE,FALSE,FALSE,TRUE,FALSE,FALSE,FALSE,TRUE,FALSE,-0.0955666444
1858,,2023-09-24 0:00,0.962090091,-0.968993459,1.37105089,0.934690539,-0.313685113,0.127666604,FALSE,FALSE,FALSE,FALSE,FALSE,FALSE,TRUE,FALSE,FALSE,TRUE,FALSE,-0.0877227439
428,,2023-09-25 0:00,0.92958644,-0.964787299,1.409119737,0.0384175385,-0.163978133,0.0400946613,TRUE,FALSE,FALSE,FALSE,FALSE,FALSE,FALSE,FALSE,FALSE,TRUE,FALSE,-0.0641910427
1266,,2023-09-27 0:00,1.417141195,-1.057322825,1.295128981,-0.708476628,0.0330047356,0.0452488951,FALSE,TRUE,FALSE,FALSE,FALSE,FALSE,FALSE,FALSE,FALSE,TRUE,FALSE,-0.174005649
3667,,2023-09-28 0:00,1.482148495,0.389596317,1.438089204,-0.409718961,-0.313685113,0.190973,FALSE,FALSE,TRUE,FALSE,FALSE,FALSE,FALSE,FALSE,FALSE,TRUE,FALSE,-0.00928373968
6755,,2023-09-29 0:00,1.514652145,0.00683572973,1.123352792,-1.305991962,-0.313685113,0.436189301,FALSE,FALSE,FALSE,TRUE,FALSE,FALSE,FALSE,FALSE,FALSE,TRUE,FALSE,-0.0563471422
5562,,2023-09-30 0:00,1.579659446,-0.371718697,0.708131691,-0.110961295,0.0408840503,0.606747407,FALSE,FALSE,FALSE,FALSE,TRUE,FALSE,FALSE,FALSE,FALSE,TRUE,FALSE,0.00640406117
7517,,2023-10-01 0:00,1.612163096,-0.354894056,0.818019224,0.187796372,-0.313685113,0.819632681,FALSE,FALSE,FALSE,FALSE,FALSE,TRUE,FALSE,FALSE,FALSE,TRUE,FALSE,-0.103410545
7150,,2023-10-02 0:00,1.677170397,-0.729242322,1.042335857,-0.857855462,-0.313685113,1.196284994,FALSE,FALSE,FALSE,FALSE,FALSE,FALSE,TRUE,FALSE,FALSE,TRUE,FALSE,-0.158317848
3921,,2023-10-03 0:00,1.709674047,-0.628294475,1.100273314,-0.857855462,-0.313685113,1.29499628,TRUE,FALSE,FALSE,FALSE,FALSE,FALSE,FALSE,FALSE,FALSE,TRUE,FALSE,-0.0877227439
459,,2023-10-05 0:00,1.384637544,-0.169823003,1.037631039,0.486554039,-0.313685113,1.154738798,FALSE,TRUE,FALSE,FALSE,FALSE,FALSE,FALSE,FALSE,FALSE,TRUE,FALSE,-0.0485032418
560,,2023-10-06 0:00,1.319630244,-0.535758949,0.543238478,-1.007234295,-0.313685113,0.928108965,FALSE,FALSE,TRUE,FALSE,FALSE,FALSE,FALSE,FALSE,FALSE,TRUE,FALSE,-0.0171276401
2885,,2023-10-07 0:00,1.352133894,-0.502109666,0.6381762,-0.260340128,-0.313685113,0.770826898,FALSE,FALSE,FALSE,TRUE,FALSE,FALSE,FALSE,FALSE,FALSE,TRUE,FALSE,-0.0563471422
2886,,2023-10-08 0:00,1.384637544,-0.952168818,0.547090103,0.337175205,-0.313685113,0.599956404,FALSE,FALSE,FALSE,FALSE,TRUE,FALSE,FALSE,FALSE,FALSE,TRUE,FALSE,-0.738766479
2698,,2023-10-09 0:00,1.417141195,-0.935344177,0.794966285,-0.559097795,-0.219133336,-0.215311356,FALSE,FALSE,FALSE,FALSE,FALSE,TRUE,FALSE,FALSE,FALSE,TRUE,FALSE,-0.338727558
531,,2023-10-11 0:00,1.027097391,-0.460048063,0.9323,-0.857855462,-0.313685113,-0.271539343,FALSE,FALSE,FALSE,FALSE,FALSE,FALSE,TRUE,FALSE,FALSE,FALSE,TRUE,1.198676926
492,,2023-10-12 0:00,1.124608342,-0.304420132,1.103481872,-1.156613128,-0.313685113,-0.26138707,TRUE,FALSE,FALSE,FALSE,FALSE,FALSE,FALSE,FALSE,FALSE,FALSE,TRUE,1.065330619
1027,,2023-10-13 0:00,1.417141195,-0.00578275116,0.973630677,-1.156613128,-0.313685113,-0.268103187,FALSE,TRUE,FALSE,FALSE,FALSE,FALSE,FALSE,FALSE,FALSE,FALSE,TRUE,1.104550121
1964,,2023-10-14 0:00,1.449644845,-0.27918317,1.068125284,-1.305991962,0.143315142,-0.289344837,FALSE,FALSE,TRUE,FALSE,FALSE,FALSE,FALSE,FALSE,FALSE,FALSE,TRUE,1.065330619
2362,,2023-10-15 0:00,1.482148495,-0.41798646,1.342482881,-0.409718961,-0.313685113,-0.318083577,FALSE,FALSE,FALSE,TRUE,FALSE,FALSE,FALSE,FALSE,FALSE,FALSE,TRUE,1.08886232
1037,,2023-10-16 0:00,1.514652145,0.393802477,1.33578467,0.187796372,-0.313685113,0.382647838,FALSE,FALSE,FALSE,FALSE,TRUE,FALSE,FALSE,FALSE,FALSE,FALSE,TRUE,1.128081822
817,,2023-10-17 0:00,1.482148495,-0.0436381938,1.302754126,-1.007234295,-0.313685113,0.387645877,FALSE,FALSE,FALSE,FALSE,FALSE,TRUE,FALSE,FALSE,FALSE,FALSE,TRUE,1.159457424
1140,,2023-10-18 0:00,1.384637544,-0.0941121174,1.137622845,-0.260340128,-0.313685113,0.406857124,FALSE,FALSE,FALSE,FALSE,FALSE,FALSE,TRUE,FALSE,FALSE,FALSE,TRUE,1.230052528
403,,2023-10-19 0:00,1.612163096,-0.190853804,1.11371861,-1.156613128,0.332418695,0.439969124,TRUE,FALSE,FALSE,FALSE,FALSE,FALSE,FALSE,FALSE,FALSE,FALSE,TRUE,1.120237922
993,,2023-10-20 0:00,1.514652145,-0.55678975,1.081887404,1.382827039,-0.313685113,0.487294332,FALSE,TRUE,FALSE,FALSE,FALSE,FALSE,FALSE,FALSE,FALSE,FALSE,TRUE,1.08101842
3189,,2023-10-21 0:00,1.514652145,-0.674562238,1.071844586,0.0384175385,-0.227012651,0.530246216,FALSE,FALSE,TRUE,FALSE,FALSE,FALSE,FALSE,FALSE,FALSE,FALSE,TRUE,1.112394021
2718,,2023-10-22 0:00,1.547155796,-0.455841903,1.061164069,-0.857855462,-0.313685113,0.549925982,FALSE,FALSE,FALSE,TRUE,FALSE,FALSE,FALSE,FALSE,FALSE,FALSE,TRUE,0.7280429
725,,2023-10-23 0:00,1.547155796,-0.182441484,0.520310122,-0.857855462,-0.313685113,0.964850759,FALSE,FALSE,FALSE,FALSE,TRUE,FALSE,FALSE,FALSE,FALSE,FALSE,TRUE,1.159457424
3625,,2023-10-25 0:00,1.352133894,0.0362788518,0.800814124,-1.305991962,-0.313685113,1.025452006,FALSE,FALSE,FALSE,FALSE,FALSE,TRUE,FALSE,FALSE,FALSE,FALSE,TRUE,1.112394021
550,,2023-10-26 0:00,1.644666746,0.625141293,0.567866771,-0.260340128,-0.313685113,1.027170084,FALSE,FALSE,FALSE,FALSE,FALSE,FALSE,TRUE,FALSE,FALSE,FALSE,TRUE,1.292803731
908,,2023-10-27 0:00,1.547155796,-0.232915407,0.660398417,-0.559097795,-0.313685113,1.024983422,TRUE,FALSE,FALSE,FALSE,FALSE,FALSE,FALSE,FALSE,FALSE,FALSE,TRUE,1.151613523
4250,,2023-10-28 0:00,1.514652145,0.0404850121,0.777824631,-1.305991962,-0.313685113,1.072152435,FALSE,TRUE,FALSE,FALSE,FALSE,FALSE,FALSE,FALSE,FALSE,FALSE,TRUE,1.159457424
3453,,2023-10-29 0:00,1.514652145,-0.199266125,0.847801104,-0.857855462,-0.313685113,1.1135425,FALSE,FALSE,TRUE,FALSE,FALSE,FALSE,FALSE,FALSE,FALSE,FALSE,TRUE,1.143769623
961,,2023-10-30 0:00,1.482148495,0.326503912,0.763147823,-0.857855462,-0.313685113,1.278402837,FALSE,FALSE,FALSE,TRUE,FALSE,FALSE,FALSE,FALSE,FALSE,FALSE,TRUE,1.112394021
556,,2023-11-01 0:00,1.579659446,0.498956484,0.295098016,0.187796372,-0.313685113,1.246071746,FALSE,FALSE,FALSE,FALSE,TRUE,FALSE,FALSE,FALSE,FALSE,FALSE,TRUE,1.206520826
728,,2023-11-02 0:00,1.124608342,0.221349905,0.49175415,0.934690539,-0.313685113,1.266063902,FALSE,FALSE,FALSE,FALSE,FALSE,TRUE,FALSE,FALSE,FALSE,FALSE,TRUE,1.245740329
663,,2023-11-03 0:00,0.409528036,-0.0983182777,0.563066882,0.785311705,0.35605664,1.268719084,FALSE,FALSE,FALSE,FALSE,FALSE,FALSE,TRUE,FALSE,FALSE,FALSE,TRUE,1.371242735
4814,,2023-11-04 0:00,0.214506134,0.671409057,0.748229555,0.486554039,-0.313685113,1.258566811,TRUE,FALSE,FALSE,FALSE,FALSE,FALSE,FALSE,FALSE,FALSE,FALSE,TRUE,1.214364727
1580,,2023-11-05 0:00,0.0194842324,-0.868045612,0.842182566,1.532205872,0.505763619,1.157668863,FALSE,TRUE,FALSE,FALSE,FALSE,FALSE,FALSE,FALSE,FALSE,FALSE,TRUE,1.230052528
355,,2023-11-06 0:00,-0.175537669,-0.565202071,0.697132456,3.922267205,3.295041034,1.090507693,FALSE,FALSE,TRUE,FALSE,FALSE,FALSE,FALSE,FALSE,FALSE,FALSE,TRUE,1.261428129
704,,2023-11-08 0:00,0.0844915329,-0.460048063,0.155886482,-0.857855462,-0.313685113,1.053647148,FALSE,FALSE,FALSE,TRUE,FALSE,FALSE,FALSE,FALSE,FALSE,FALSE,TRUE,1.230052528
822,,2023-11-09 0:00,0.0844915329,-0.195059965,0.389737086,-0.260340128,0.0881599387,0.990859302,FALSE,FALSE,FALSE,FALSE,TRUE,FALSE,FALSE,FALSE,FALSE,FALSE,TRUE,1.543808545
544,,2023-11-10 0:00,0.377024385,-0.70400536,0.657772302,2.428478872,-0.313685113,0.931507613,FALSE,FALSE,FALSE,FALSE,FALSE,TRUE,FALSE,FALSE,FALSE,FALSE,TRUE,1.708530454
2240,,2023-11-11 0:00,0.442031686,-0.628294475,0.709362792,-0.110961295,-0.313685113,0.865752132,FALSE,FALSE,FALSE,FALSE,FALSE,FALSE,TRUE,FALSE,FALSE,FALSE,TRUE,1.418306138
1641,,2023-11-12 0:00,0.539542637,-0.628294475,0.374518207,-0.110961295,-0.313685113,0.882308133,TRUE,FALSE,FALSE,FALSE,FALSE,FALSE,FALSE,FALSE,FALSE,FALSE,TRUE,1.347711034
540,,2023-11-13 0:00,0.604549937,-0.434811101,0.469124779,0.0384175385,-0.313685113,0.318141915,FALSE,TRUE,FALSE,FALSE,FALSE,FALSE,FALSE,FALSE,FALSE,FALSE,TRUE,1.441837839
447,,2023-11-15 0:00,-0.143034019,0.364359355,0.5226413,-1.156613128,-0.313685113,0.220055407,FALSE,FALSE,TRUE,FALSE,FALSE,FALSE,FALSE,FALSE,FALSE,FALSE,TRUE,1.371242735
157,,2023-11-16 0:00,-0.30555227,0.398008637,0.292944021,-0.559097795,0.348177325,0.177728239,FALSE,FALSE,FALSE,TRUE,FALSE,FALSE,FALSE,FALSE,FALSE,FALSE,TRUE,1.300647632
496,,2023-11-17 0:00,-0.30555227,-0.636706796,0.154341278,0.934690539,-0.313685113,0.14758381,FALSE,FALSE,FALSE,FALSE,TRUE,FALSE,FALSE,FALSE,FALSE,FALSE,TRUE,1.316335432
1667,,2023-11-18 0:00,-0.403063221,-0.523140468,0.232919358,1.830963539,-0.313685113,0.084014991,FALSE,FALSE,FALSE,FALSE,FALSE,TRUE,FALSE,FALSE,FALSE,FALSE,TRUE,1.355554935
1711,,2023-11-19 0:00,-0.500574172,0.259205348,0.238950701,0.187796372,-0.313685113,0.0507467958,FALSE,FALSE,FALSE,FALSE,FALSE,FALSE,TRUE,FALSE,FALSE,FALSE,TRUE,1.418306138
478,,2023-11-20 0:00,-0.598085123,-0.152998362,0.271670198,-1.156613128,-0.313685113,0.487669148,TRUE,FALSE,FALSE,FALSE,FALSE,FALSE,FALSE,FALSE,FALSE,FALSE,TRUE,1.441837839
562,,2023-11-22 0:00,-0.20804132,0.313885431,0.243042187,-0.708476628,-0.313685113,0.483608213,FALSE,TRUE,FALSE,FALSE,FALSE,FALSE,FALSE,FALSE,FALSE,FALSE,TRUE,1.253584229
525,,2023-11-23 0:00,-0.24054497,2.379110137,0.259822341,1.532205872,-0.305805798,0.493916681,FALSE,FALSE,TRUE,FALSE,FALSE,FALSE,FALSE,FALSE,FALSE,FALSE,TRUE,1.379086636
360,,2023-11-24 0:00,-0.0455230682,-0.754479284,0.243042187,2.279100039,-0.313685113,0.475174018,FALSE,FALSE,FALSE,TRUE,FALSE,FALSE,FALSE,FALSE,FALSE,FALSE,TRUE,1.292803731
1473,,2023-11-25 0:00,-0.0455230682,-0.670356078,0.416263572,-0.708476628,-0.313685113,0.44815342,FALSE,FALSE,FALSE,FALSE,TRUE,FALSE,FALSE,FALSE,FALSE,FALSE,TRUE,1.347711034
1237,,2023-11-26 0:00,-0.0780267185,-0.4137803,0.343248133,-1.305991962,-0.313685113,0.428317459,FALSE,FALSE,FALSE,FALSE,FALSE,TRUE,FALSE,FALSE,FALSE,FALSE,TRUE,1.371242735
310,,2023-11-27 0:00,-0.0780267185,0.183494462,0.250379004,0.187796372,-0.0300297823,-0.347828142,FALSE,FALSE,FALSE,FALSE,FALSE,FALSE,TRUE,FALSE,FALSE,FALSE,TRUE,1.339867134
1525,,2023-11-29 0:00,-0.565581473,-0.729242322,-0.22835423,0.337175205,-0.313685113,-0.382189636,TRUE,FALSE,FALSE,FALSE,FALSE,FALSE,FALSE,FALSE,FALSE,FALSE,TRUE,1.300647632
183,,2023-11-30 0:00,-0.500574172,-0.6997992,-0.0238659128,0.785311705,-0.313685113,-0.413739754,FALSE,TRUE,FALSE,FALSE,FALSE,FALSE,FALSE,FALSE,FALSE,FALSE,TRUE,1.237896428
200,,2023-12-01 0:00,-0.0455230682,-0.493697346,0.138261428,-0.409718961,-0.313685113,-0.427796766,FALSE,FALSE,TRUE,FALSE,FALSE,FALSE,FALSE,FALSE,FALSE,FALSE,TRUE,1.284959831
1188,,2023-12-02 0:00,-0.0780267185,-0.00578275116,0.0684900705,0.187796372,-0.313685113,-0.422642597,FALSE,FALSE,FALSE,TRUE,FALSE,FALSE,FALSE,FALSE,FALSE,FALSE,TRUE,1.198676926
969,,2023-12-03 0:00,-0.0780267185,0.14563902,0.105806935,-0.857855462,-0.313685113,-0.437324324,FALSE,FALSE,FALSE,FALSE,TRUE,FALSE,FALSE,FALSE,FALSE,FALSE,TRUE,1.316335432
296,,2023-12-04 0:00,-0.110530369,0.271823828,0.0338445756,-1.007234295,-0.313685113,-0.992743958,FALSE,FALSE,FALSE,FALSE,FALSE,TRUE,FALSE,FALSE,FALSE,FALSE,TRUE,1.379086636
158,,2023-12-06 0:00,0.247009784,1.243446857,-0.0303807163,0.0384175385,-0.0142711528,-1.008675179,FALSE,FALSE,FALSE,FALSE,FALSE,FALSE,TRUE,FALSE,FALSE,FALSE,TRUE,1.371242735
208,,2023-12-07 0:00,0.604549937,1.180354453,-0.253779029,0.486554039,-0.313685113,-0.998835296,TRUE,FALSE,FALSE,FALSE,FALSE,FALSE,FALSE,FALSE,FALSE,FALSE,TRUE,1.230052528
396,,2023-12-08 0:00,-0.0130194179,2.000555711,-0.214828878,1.084069372,-0.313685113,-0.974469815,FALSE,TRUE,FALSE,FALSE,FALSE,FALSE,FALSE,FALSE,FALSE,FALSE,TRUE,1.245740329
1715,,2023-12-09 0:00,0.116995183,1.56311504,-0.0327282208,-0.409718961,-0.313685113,-0.957132841,FALSE,FALSE,TRUE,FALSE,FALSE,FALSE,FALSE,FALSE,FALSE,FALSE,TRUE,1.284959831
1498,,2023-12-10 0:00,0.247009784,1.836515459,-0.0543079388,-3.397295628,-0.313685113,-0.942451114,FALSE,FALSE,FALSE,TRUE,FALSE,FALSE,FALSE,FALSE,FALSE,FALSE,TRUE,1.284959831
159,,2023-12-11 0:00,0.377024385,-1.158270673,0.0443367446,-3.397295628,0.584556767,-0.756998825,FALSE,FALSE,FALSE,FALSE,TRUE,FALSE,FALSE,FALSE,FALSE,FALSE,TRUE,1.410462238
325,,2023-12-13 0:00,0.442031686,-0.872251772,0.0939677884,0.187796372,-0.313685113,-0.758716967,FALSE,FALSE,FALSE,FALSE,FALSE,TRUE,FALSE,FALSE,FALSE,FALSE,TRUE,1.426150038
137,,2023-12-14 0:00,-0.370559571,-1.040498184,0.0522856621,3.324751872,1.025798392,-0.781676695,FALSE,FALSE,FALSE,FALSE,FALSE,FALSE,TRUE,FALSE,FALSE,FALSE,TRUE,1.418306138
143,,2023-12-15 0:00,-0.435566872,-1.217156917,0.0114359744,1.980342372,2.136781769,-0.808541163,TRUE,FALSE,FALSE,FALSE,FALSE,FALSE,FALSE,FALSE,FALSE,FALSE,TRUE,1.300647632
671,,2023-12-16 0:00,-0.370559571,-0.741860803,0.0975123418,4.370403706,-0.195495392,-0.778709123,FALSE,TRUE,FALSE,FALSE,FALSE,FALSE,FALSE,FALSE,FALSE,FALSE,TRUE,1.347711034
369,,2023-12-17 0:00,-0.30555227,-0.851220971,-0.0190914227,1.382827039,-0.313685113,-0.799638448,FALSE,FALSE,TRUE,FALSE,FALSE,FALSE,FALSE,FALSE,FALSE,FALSE,TRUE,1.245740329
145,,2023-12-18 0:00,-0.24054497,-0.847014811,0.0681023049,-0.110961295,-0.313685113,-1.139330217,FALSE,FALSE,FALSE,TRUE,FALSE,FALSE,FALSE,FALSE,FALSE,FALSE,TRUE,1.222208627
156,,2023-12-20 0:00,-0.175537669,0.330710073,0.243358453,1.681584705,-0.250650595,-1.164476542,FALSE,FALSE,FALSE,FALSE,TRUE,FALSE,FALSE,FALSE,FALSE,FALSE,TRUE,1.292803731
161,,2023-12-21 0:00,-0.0455230682,-0.607263674,0.561254238,1.084069372,-0.313685113,-1.180407828,FALSE,FALSE,FALSE,FALSE,FALSE,TRUE,FALSE,FALSE,FALSE,FALSE,TRUE,1.292803731
231,,2023-12-22 0:00,-0.175537669,-0.573614391,0.274383525,0.635932872,-0.313685113,-1.196807633,FALSE,FALSE,FALSE,FALSE,FALSE,FALSE,TRUE,FALSE,FALSE,FALSE,TRUE,1.379086636
682,,2023-12-23 0:00,-0.20804132,-0.216090766,0.164309596,-0.708476628,-0.313685113,-1.276463868,TRUE,FALSE,FALSE,FALSE,FALSE,FALSE,FALSE,FALSE,FALSE,FALSE,TRUE,1.253584229
1260,,2023-12-24 0:00,-0.27304862,-0.0310197129,0.00580997552,-1.007234295,-0.227012651,-1.242883283,FALSE,TRUE,FALSE,FALSE,FALSE,FALSE,FALSE,FALSE,FALSE,FALSE,TRUE,1.324179333
1353,,2023-12-25 0:00,-0.338055921,0.309679271,-0.369047398,-1.156613128,-0.258529909,-1.6719713,FALSE,FALSE,TRUE,FALSE,FALSE,FALSE,FALSE,FALSE,FALSE,FALSE,TRUE,1.002579415
1713,,2023-12-27 0:00,-0.435566872,1.676681368,-0.811196891,-1.305991962,-0.313685113,-1.642295456,FALSE,FALSE,FALSE,TRUE,FALSE,FALSE,FALSE,FALSE,FALSE,FALSE,TRUE,1.284959831
358,,2023-12-28 0:00,-0.630588773,0.801800026,-0.453674719,-1.007234295,-0.313685113,-1.613556715,FALSE,FALSE,FALSE,FALSE,TRUE,FALSE,FALSE,FALSE,FALSE,FALSE,TRUE,1.300647632
371,,2023-12-29 0:00,-0.533077822,0.351740874,-0.401568515,-0.857855462,-0.313685113,-1.585598949,FALSE,FALSE,FALSE,FALSE,FALSE,TRUE,FALSE,FALSE,FALSE,FALSE,TRUE,1.347711034
1741,,2023-12-30 0:00,,0.166669821,-0.915047303,0.486554039,0.718505117,-1.434564415,FALSE,FALSE,FALSE,FALSE,FALSE,FALSE,TRUE,FALSE,FALSE,FALSE,TRUE,1.300647632
1048,,2023-12-31 0:00,,-0.506315827,-1.007050559,-0.409718961,0.0566426798,-1.415821753,TRUE,FALSE,FALSE,FALSE,FALSE,FALSE,FALSE,FALSE,FALSE,FALSE,TRUE,1.230052528
,,2024-01-01 0:00,,-0.455841903,-1.140108126,-0.857855462,-0.313685113,-1.091905011,FALSE,TRUE,FALSE,FALSE,FALSE,FALSE,FALSE,FALSE,FALSE,FALSE,TRUE,1.386930536
,,2024-01-02 0:00,,0.217143745,-1.064708562,-1.007234295,-0.313685113,-1.097683959,FALSE,FALSE,TRUE,FALSE,FALSE,FALSE,FALSE,FALSE,FALSE,FALSE,TRUE,1.292803731
,,2024-01-03 0:00,,0.284442309,-0.940366645,-1.007234295,-0.266409224,-1.106899128,FALSE,FALSE,FALSE,TRUE,FALSE,FALSE,FALSE,FALSE,FALSE,FALSE,TRUE,1.182989125
,,2024-01-04 0:00,,0.730295301,-0.815793074,-0.559097795,-0.313685113,-1.108304816,FALSE,FALSE,FALSE,FALSE,TRUE,FALSE,FALSE,FALSE,FALSE,FALSE,TRUE,1.26927203
,,2024-01-05 0:00,,1.929050985,-1.043748705,0.0384175385,-0.313685113,-1.103150582,FALSE,FALSE,FALSE,FALSE,FALSE,TRUE,FALSE,FALSE,FALSE,FALSE,TRUE,1.347711034
,,2024-01-06 0:00,,-0.375924857,-1.17947999,-0.110961295,-0.124581559,-1.204829505,FALSE,FALSE,FALSE,FALSE,FALSE,FALSE,TRUE,FALSE,FALSE,FALSE,TRUE,1.386930536
,,2024-01-07 0:00,,-0.472666544,-1.272020549,1.233448205,-0.313685113,-1.248718557,TRUE,FALSE,FALSE,FALSE,FALSE,FALSE,FALSE,FALSE,FALSE,FALSE,TRUE,1.46536954
,,2024-01-08 0:00,,-0.502109666,-0.881963563,-0.708476628,-0.313685113,-1.306976947,FALSE,TRUE,FALSE,FALSE,FALSE,FALSE,FALSE,FALSE,FALSE,FALSE,TRUE,1.418306138
,,2024-01-09 0:00,,-0.0562566747,-0.714887118,-0.409718961,-0.187616077,-1.27495831,FALSE,FALSE,TRUE,FALSE,FALSE,FALSE,FALSE,FALSE,FALSE,FALSE,TRUE,1.308491532
,,2024-01-10 0:00,,1.348600864,-0.613564848,-0.857855462,-0.313685113,-1.263400349,FALSE,FALSE,FALSE,TRUE,FALSE,FALSE,FALSE,FALSE,FALSE,FALSE,TRUE,1.222208627
,,2024-01-11 0:00,,1.201385254,-0.522625129,-0.559097795,-0.313685113,-1.257309011,FALSE,FALSE,FALSE,FALSE,TRUE,FALSE,FALSE,FALSE,FALSE,FALSE,TRUE,1.371242735
,,2024-01-12 0:00,,0.835449308,-0.523672405,0.0384175385,-0.313685113,-1.2410654,FALSE,FALSE,FALSE,FALSE,FALSE,TRUE,FALSE,FALSE,FALSE,FALSE,TRUE,1.418306138
,,2024-01-13 0:00,,-0.388543338,-1.375112545,-1.305991962,-0.313685113,-1.230132153,FALSE,FALSE,FALSE,FALSE,FALSE,FALSE,TRUE,FALSE,FALSE,FALSE,TRUE,1.481057341
,,2024-01-14 0:00,,-0.060462835,-1.224883908,-0.260340128,-0.0694263559,-1.233724504,TRUE,FALSE,FALSE,FALSE,FALSE,FALSE,FALSE,FALSE,FALSE,FALSE,TRUE,1.363398835
,,2024-01-15 0:00,,-0.485285025,-0.722784778,0.337175205,-0.313685113,-1.178302538,FALSE,TRUE,FALSE,FALSE,FALSE,FALSE,FALSE,FALSE,FALSE,FALSE,TRUE,1.332023233
,,2024-01-16 0:00,,-0.140379881,-1.054813648,-1.156613128,-0.313685113,-1.204698422,FALSE,FALSE,TRUE,FALSE,FALSE,FALSE,FALSE,FALSE,FALSE,FALSE,TRUE,1.300647632
,,2024-01-17 0:00,,0.0615158136,-1.183229109,-0.409718961,0.450608416,-1.1981385,FALSE,FALSE,FALSE,TRUE,FALSE,FALSE,FALSE,FALSE,FALSE,FALSE,TRUE,1.27711593
,,2024-01-18 0:00,,-0.405367979,-1.468519176,0.187796372,-0.274288539,-1.18486246,FALSE,FALSE,FALSE,FALSE,TRUE,FALSE,FALSE,FALSE,FALSE,FALSE,TRUE,1.386930536
,,2024-01-19 0:00,,-0.851220971,-1.599714452,3.324751872,-0.313685113,-1.174710188,FALSE,FALSE,FALSE,FALSE,FALSE,TRUE,FALSE,FALSE,FALSE,FALSE,TRUE,1.426150038
,,2024-01-20 0:00,,-1.208744596,-1.592496548,4.519782539,-0.282167854,-1.193296655,FALSE,FALSE,FALSE,FALSE,FALSE,FALSE,TRUE,TRUE,FALSE,FALSE,FALSE,1.567340246
,,2024-01-21 0:00,,-0.939550337,-1.161522449,0.337175205,-0.282167854,-1.188923331,TRUE,FALSE,FALSE,FALSE,FALSE,FALSE,FALSE,TRUE,FALSE,FALSE,FALSE,1.418306138
,,2024-01-22 0:00,,-0.1277614,-1.215084115,2.727236539,-0.297926483,-1.423237663,FALSE,TRUE,FALSE,FALSE,FALSE,FALSE,FALSE,TRUE,FALSE,FALSE,FALSE,1.379086636
,,2024-01-23 0:00,,-0.523140468,-1.074203114,2.428478872,-0.313685113,-1.437450807,FALSE,FALSE,TRUE,FALSE,FALSE,FALSE,FALSE,TRUE,FALSE,FALSE,FALSE,1.363398835
,,2024-01-24 0:00,,-0.481078865,-0.614495265,1.532205872,-0.313685113,-1.469313313,FALSE,FALSE,FALSE,TRUE,FALSE,FALSE,FALSE,TRUE,FALSE,FALSE,FALSE,1.284959831
,,2024-01-25 0:00,,-0.514728147,-0.970440193,-0.260340128,-0.313685113,-1.500551041,FALSE,FALSE,FALSE,FALSE,TRUE,FALSE,FALSE,TRUE,FALSE,FALSE,FALSE,1.371242735
,,2024-01-26 0:00,,-0.0562566747,-0.753108676,-0.559097795,-0.313685113,-1.51851273,FALSE,FALSE,FALSE,FALSE,FALSE,TRUE,FALSE,TRUE,FALSE,FALSE,FALSE,1.535964644
,,2024-01-27 0:00,,0.709264499,-0.425496488,-0.708476628,-0.313685113,-1.506642379,FALSE,FALSE,FALSE,FALSE,FALSE,FALSE,TRUE,TRUE,FALSE,FALSE,FALSE,1.535964644
,,2024-01-28 0:00,,-0.102524438,-0.302395903,-0.559097795,-0.313685113,-1.485556924,TRUE,FALSE,FALSE,FALSE,FALSE,FALSE,FALSE,TRUE,FALSE,FALSE,FALSE,1.308491532
,,2024-01-29 0:00,,0.355947034,-0.331756482,-0.857855462,-0.313685113,-0.9226402,FALSE,TRUE,FALSE,FALSE,FALSE,FALSE,FALSE,TRUE,FALSE,FALSE,FALSE,1.46536954
,,2024-01-30 0:00,,0.957427957,-0.78394326,-1.305991962,-0.313685113,-0.907646083,FALSE,FALSE,TRUE,FALSE,FALSE,FALSE,FALSE,TRUE,FALSE,FALSE,FALSE,1.410462238
,,2024-01-31 0:00,,0.949015636,-1.033282867,-0.559097795,-0.313685113,-0.86844268,FALSE,FALSE,FALSE,TRUE,FALSE,FALSE,FALSE,TRUE,FALSE,FALSE,FALSE,1.245740329
,,2024-02-01 0:00,,1.98793723,-0.87298024,-0.260340128,-0.313685113,-0.849075303,FALSE,FALSE,FALSE,FALSE,TRUE,FALSE,FALSE,TRUE,FALSE,FALSE,FALSE,1.418306138
,,2024-02-02 0:00,,0.376977836,-0.954247846,-0.260340128,-0.313685113,-0.835486875,FALSE,FALSE,FALSE,FALSE,FALSE,TRUE,FALSE,TRUE,FALSE,FALSE,FALSE,1.394774437
,,2024-02-03 0:00,,0.120402058,-1.360068256,-0.110961295,-0.313685113,-0.835955459,FALSE,FALSE,FALSE,FALSE,FALSE,FALSE,TRUE,TRUE,FALSE,FALSE,FALSE,1.661467051
,,2024-02-04 0:00,,-0.426398781,-1.881434695,-0.708476628,-0.313685113,-0.784256991,TRUE,FALSE,FALSE,FALSE,FALSE,FALSE,FALSE,TRUE,FALSE,FALSE,FALSE,1.308491532
,,2024-02-05 0:00,,-1.175095314,-2.141247536,4.071646039,-0.00639183808,-1.193402755,FALSE,TRUE,FALSE,FALSE,FALSE,FALSE,FALSE,TRUE,FALSE,FALSE,FALSE,1.575184146
,,2024-02-06 0:00,,-0.901694894,-1.879452157,-0.110961295,-0.297926483,-1.170911611,FALSE,FALSE,TRUE,FALSE,FALSE,FALSE,FALSE,TRUE,FALSE,FALSE,FALSE,1.473213441
,,2024-02-07 0:00,,-0.106730598,-1.75635728,-0.260340128,-0.313685113,-1.181532468,FALSE,FALSE,FALSE,TRUE,FALSE,FALSE,FALSE,TRUE,FALSE,FALSE,FALSE,1.371242735
,,2024-02-08 0:00,,0.128814378,-2.136271323,-1.007234295,-0.313685113,-1.146702326,FALSE,FALSE,FALSE,FALSE,TRUE,FALSE,FALSE,TRUE,FALSE,FALSE,FALSE,1.504589043
,,2024-02-09 0:00,,-0.00157659086,-2.457356048,-0.110961295,-0.313685113,-1.040494013,FALSE,FALSE,FALSE,FALSE,FALSE,TRUE,FALSE,TRUE,FALSE,FALSE,FALSE,0.563320991
,,2024-02-10 0:00,,0.448482561,-2.361236502,-0.559097795,-0.313685113,-0.879775791,FALSE,FALSE,FALSE,FALSE,FALSE,FALSE,TRUE,TRUE,FALSE,FALSE,FALSE,1.245740329
,,2024-02-11 0:00,,1.092025086,-1.916579462,-0.110961295,-0.313685113,-0.788405336,TRUE,FALSE,FALSE,FALSE,FALSE,FALSE,FALSE,TRUE,FALSE,FALSE,FALSE,1.677154852
,,2024-02-12 0:00,,1.222416056,-1.758820376,-0.708476628,-0.313685113,-0.41010996,FALSE,TRUE,FALSE,FALSE,FALSE,FALSE,FALSE,TRUE,FALSE,FALSE,FALSE,1.551652445
,,2024-02-13 0:00,,1.314951582,-1.716649808,0.337175205,-0.313685113,-0.408079492,FALSE,FALSE,TRUE,FALSE,FALSE,FALSE,FALSE,TRUE,FALSE,FALSE,FALSE,1.606559748
,,2024-02-14 0:00,,0.402214798,-1.34374008,-0.110961295,-0.313685113,-0.389961609,FALSE,FALSE,FALSE,TRUE,FALSE,FALSE,FALSE,TRUE,FALSE,FALSE,FALSE,0.406442983
,,2024-02-15 0:00,,-0.523140468,-1.43636146,0.934690539,0.545160193,-0.419012739,FALSE,FALSE,FALSE,FALSE,TRUE,FALSE,FALSE,TRUE,FALSE,FALSE,FALSE,1.198676926
,,2024-02-16 0:00,,-0.371718697,-1.364719206,-0.708476628,-0.313685113,-0.512725987,FALSE,FALSE,FALSE,FALSE,FALSE,TRUE,FALSE,TRUE,FALSE,FALSE,FALSE,1.653623151
,,2024-02-17 0:00,,0.385390156,-1.376249415,-0.857855462,-0.313685113,-0.623932338,FALSE,FALSE,FALSE,FALSE,FALSE,FALSE,TRUE,TRUE,FALSE,FALSE,FALSE,1.575184146
,,2024-02-18 0:00,,0.111989737,-1.747279104,0.785311705,1.033677706,-0.775279262,TRUE,FALSE,FALSE,FALSE,FALSE,FALSE,FALSE,TRUE,FALSE,FALSE,FALSE,1.473213441
,,2024-02-19 0:00,,-0.876457933,-1.645416952,0.0384175385,0.387573899,-0.974213751,FALSE,TRUE,FALSE,FALSE,FALSE,FALSE,FALSE,TRUE,FALSE,FALSE,FALSE,1.520276843
,,2024-02-20 0:00,,-0.245533888,-1.352811032,1.681584705,-0.10882293,-0.992019245,,,,,,,,,,,,
,,2024-02-21 0:00,,-1.26342468,-1.240033607,4.370403706,1.08883291,-1.015135167,,,,,,,,,,,,
,,2024-02-22 0:00,,-1.191919955,-1.460595528,2.876615372,0.379694584,-0.966404271,,,,,,,,,,,,
,,2024-02-23 0:00,,-1.065735146,-1.413474205,1.830963539,-0.282167854,-0.968903258,,,,,,,,,,,,
,,2024-02-24 0:00,,-0.889076414,-1.094126899,0.934690539,-0.132460874,-0.994205843,,,,,,,,,,,,
,,2024-02-25 0:00,,-0.863839452,-1.333943752,-0.409718961,-0.171857447,-0.962655726,,,,,,,,,,,,
,,2024-02-26 0:00,,-0.195059965,-1.74108189,-0.559097795,-0.313685113,-0.872247423,,,,,,,,,,,,
,,2024-02-27 0:00,,-0.69559304,-1.77644424,1.084069372,-0.313685113,-0.841165889,,,,,,,,,,,,
,,2024-02-28 0:00,,-0.0941121174,-1.752913845,-0.260340128,-0.313685113,-0.8077415,,,,,,,,,,,,
,,2024-02-29 0:00,,0.877510911,-1.820624087,-0.110961295,-0.313685113,-0.838042123,,,,,,,,,,,,
,,2024-03-01 0:00,,0.128814378,-1.473458821,3.175373039,-0.313685113,-0.80696059,,,,,,,,,,,,
,,2024-03-02 0:00,,-0.0310197129,-1.281243104,1.382827039,-0.313685113,-0.822423291,,,,,,,,,,,,
,,2024-03-03 0:00,,3.203517556,-1.081787528,0.934690539,-0.313685113,-0.843821136,,,,,,,,,,,,
,,2024-03-04 0:00,,1.579939681,-1.615525632,-1.007234295,-0.313685113,-0.0887860375,,,,,,,,,,,,
,,2024-03-05 0:00,,0.494750324,-1.58254698,0.934690539,-0.313685113,-0.135955051,,,,,,,,,,,,
,,2024-03-06 0:00,,-0.855427131,-1.404511201,0.785311705,-0.313685113,-0.172971791,,,,,,,,,,,,
,,2024-03-07 0:00,,-0.228709247,-1.553442533,1.084069372,-0.148219503,-0.19874296,,,,,,,,,,,,
,,2024-03-08 0:00,,0.376977836,-1.205731719,1.681584705,-0.313685113,-0.258250844,,,,,,,,,,,,
,,2024-03-09 0:00,,-0.0394320335,-0.891057596,0.635932872,-0.313685113,-0.256532766,,,,,,,,,,,,
,,2024-03-10 0:00,,-0.241327728,-1.1465564,-0.260340128,-0.313685113,-0.239508182,,,,,,,,,,,,
,,2024-03-11 0:00,,-0.0394320335,-1.404995223,-3.397295628,-0.313685113,-0.355950012,,,,,,,,,,,,
,,2024-03-12 0:00,,-0.106730598,-2.287321698,-3.397295628,-0.148219503,-0.336426376,,,,,,,,,,,,
,,2024-03-13 0:00,,0.347534714,-2.398757373,0.635932872,-0.313685113,-0.313935168,,,,,,,,,,,,
,,2024-03-14 0:00,,0.957427957,-2.012766997,-3.397295628,-0.313685113,-0.288788778,,,,,,,,,,,,
,,2024-03-15 0:00,,0.620935133,-1.68665792,0.0384175385,-0.313685113,-0.258800544,,,,,,,,,,,,
,,2024-03-16 0:00,,0.692439858,-1.550398925,-0.260340128,-0.313685113,-0.210225842,,,,,,,,,,,,
,,2024-03-17 0:00,,2.538944229,-1.540526195,2.129721205,-0.305805798,-0.211319141,,,,,,,,,,,,
,,2024-03-18 0:00,,-0.565202071,-1.52777894,0.187796372,-0.313685113,0.653647896,,,,,,,,,,,,
,,2024-03-19 0:00,,0.519987286,-1.481493603,2.129721205,-0.297926483,0.661613507,,,,,,,,,,,,
,,2024-03-20 0:00,,0.170875981,-1.199136763,1.681584705,-0.313685113,0.670828611,,,,,,,,,,,,
,,2024-03-21 0:00,,0.0362788518,-0.801978597,-0.409718961,-0.313685113,0.670984806,,,,,,,,,,,,
,,2024-03-22 0:00,,0.263411508,-1.180388498,1.681584705,0.111797883,0.664581078,,,,,,,,,,,,
,,2024-03-23 0:00,,0.915366354,-1.119736588,0.0384175385,-0.305805798,0.648805987,,,,,,,,,,,,
,,2024-03-24 0:00,,-0.0352258732,-0.939218954,0.187796372,-0.313685113,0.671140936,,,,,,,,,,,,
,,2024-03-25 0:00,,-0.636706796,-0.641309224,2.577857705,0.0881599387,0.3196038,,,,,,,,,,,,
,,2024-03-26 0:00,,-1.158270673,-1.390347369,0.486554039,0.592436082,0.347717762,,,,,,,,,,,,
,,2024-03-27 0:00,,-0.41798646,-1.565009341,-0.409718961,-0.313685113,0.374582229,,,,,,,,,,,,
,,2024-03-28 0:00,,-0.41798646,-1.526161831,-0.708476628,-0.163978133,0.370208969,,,,,,,,,,,,
,,2024-03-29 0:00,,8.419156324,-1.386886665,0.785311705,-0.203374706,0.37348893,,,,,,,,,,,,
,,2024-03-30 0:00,,2.320223893,-1.335984992,0.187796372,-0.313685113,0.360993865,,,,,,,,,,,,
,,2024-03-31 0:00,,0.334916233,-1.313710425,-0.559097795,-0.313685113,0.359900566,,,,,,,,,,,,
,,2024-04-01 0:00,,0.389596317,-1.400308273,-0.708476628,-0.313685113,0.694594296,,,,,,,,,,,,
,,2024-04-02 0:00,,0.608316652,-1.042117846,-0.409718961,-0.313685113,0.697561867,,,,,,,,,,,,
,,2024-04-03 0:00,,0.313885431,-0.685636802,-0.708476628,-0.313685113,0.689283867,,,,,,,,,,,,
,,2024-04-04 0:00,,-0.102524438,-0.296230933,0.934690539,-0.313685113,0.720990179,,,,,,,,,,,,
,,2024-04-05 0:00,,0.242380706,-1.323511424,0.337175205,-0.313685113,0.77034579,,,,,,,,,,,,
,,2024-04-06 0:00,,1.226622216,-1.296850931,-0.559097795,-0.313685113,0.80845583,,,,,,,,,,,,
,,2024-04-07 0:00,,0.86489243,-1.103511613,-0.409718961,-0.313685113,0.814859557,,,,,,,,,,,,
,,2024-04-08 0:00,,0.776563064,-1.03400182,-0.260340128,-0.313685113,0.380592387,,,,,,,,,,,,
,,2024-04-09 0:00,,0.271823828,-0.93962914,1.830963539,-0.313685113,0.404176894,,,,,,,,,,,,
,,2024-04-10 0:00,,0.309679271,-1.293157618,0.486554039,-0.313685113,0.438694647,,,,,,,,,,,,
,,2024-04-11 0:00,,0.541018087,-1.622961174,-0.708476628,-0.313685113,0.4277614,,,,,,,,,,,,
,,2024-04-12 0:00,,0.503162645,-1.679776348,-0.260340128,-0.313685113,0.416359634,,,,,,,,,,,,
,,2024-04-13 0:00,,0.200319103,-1.295242031,-0.559097795,-0.313685113,0.429010894,,,,,,,,,,,,
,,2024-04-14 0:00,,0.351740874,-1.272573674,-0.559097795,-0.313685113,0.424481439,,,,,,,,,,,,
,,2024-04-15 0:00,,-0.535758949,-1.366156399,0.337175205,1.033677706,0.792393397,,,,,,,,,,,,
,,2024-04-16 0:00,,1.781835375,-1.047746634,0.337175205,-0.132460874,0.76115567,,,,,,,,,,,,
,,2024-04-17 0:00,,4.360211637,-0.713977963,-0.110961295,-0.313685113,0.741788228,,,,,,,,,,,,
,,2024-04-18 0:00,,3.401207089,-0.710488897,-0.110961295,-0.313685113,0.750847202,,,,,,,,,,,,
,,2024-04-19 0:00,,2.429584061,-0.92515219,-0.260340128,-0.313685113,0.744599669,,,,,,,,,,,,
,,2024-04-20 0:00,,1.188766773,-1.438507576,1.084069372,0.0645219945,0.700242097,,,,,,,,,,,,
,,2024-04-21 0:00,,-0.779716246,-1.401774713,2.279100039,-0.313685113,0.713205747,,,,,,,,,,,,
,,2024-04-22 0:00,,-0.186647644,-1.115186617,1.233448205,-0.313685113,0.581326199,,,,,,,,,,,,
,,2024-04-23 0:00,,-0.590439032,-0.613578881,1.980342372,-0.313685113,0.613969615,,,,,,,,,,,,
,,2024-04-24 0:00,,-0.943756497,-0.355652418,1.084069372,0.395453213,0.63536746,,,,,,,,,,,,
,,2024-04-25 0:00,,-0.224503087,-0.720436939,-0.559097795,-0.313685113,0.678475538,,,,,,,,,,,,
,,2024-04-26 0:00,,1.129880529,-0.997054084,-0.559097795,-0.313685113,0.722520721,,,,,,,,,,,,
,,2024-04-27 0:00,,0.71347066,-1.006548379,-0.559097795,-0.313685113,0.867463852,,,,,,,,,,,,
,,2024-04-28 0:00,,0.107783577,-1.019149085,-1.007234295,-0.313685113,0.949306749,,,,,,,,,,,,
,,2024-04-29 0:00,,0.305473111,-0.849491218,1.084069372,-0.313685113,2.107627482,,,,,,,,,,,,
,,2024-04-30 0:00,,0.965840277,-0.768997872,-0.110961295,-0.313685113,2.170415392,,,,,,,,,,,,
,,2024-05-01 0:00,,-0.27918317,-0.946868695,0.187796372,-0.313685113,2.263191535,,,,,,,,,,,,
,,2024-05-02 0:00,,0.00262956943,-0.674346369,0.187796372,-0.313685113,2.282090392,,,,,,,,,,,,
,,2024-05-03 0:00,,0.427451759,-0.487645442,-0.559097795,-0.313685113,2.298490262,,,,,,,,,,,,
,,2024-05-04 0:00,,0.898541713,-0.587508053,-0.559097795,-0.313685113,2.260536417,,,,,,,,,,,,
,,2024-05-05 0:00,,-0.443223422,-0.200790871,0.337175205,3.492023903,2.210868416,,,,,,,,,,,,
,,2024-05-06 0:00,,-1.002642742,-0.317591489,1.233448205,0.655470599,1.350693256,,,,,,,,,,,,
,,2024-05-07 0:00,,-0.531552788,-0.215356584,1.084069372,-0.124581559,1.277440749,,,,,,,,,,,,
,,2024-05-08 0:00,,-0.598851353,-0.698979328,0.0384175385,-0.313685113,1.191068397,,,,,,,,,,,,
,,2024-05-09 0:00,,-0.228709247,-0.724700771,0.934690539,-0.313685113,1.156394514,,,,,,,,,,,,
,,2024-05-10 0:00,,-0.203472285,-0.666393829,0.486554039,-0.313685113,1.117659695,,,,,,,,,,,,
,,2024-05-11 0:00,,-0.607263674,-0.283504918,1.830963539,2.184057657,1.000674331,,,,,,,,,,,,
,,2024-05-12 0:00,,1.369631666,-0.148068093,0.635932872,-0.313685113,1.001299046,,,,,,,,,,,,
,,2024-05-13 0:00,,-0.190853804,0.474045538,0.0384175385,-0.313685113,2.089516021,,,,,,,,,,,,
,,2024-05-14 0:00,,-0.291801651,-0.344854835,0.187796372,-0.313685113,2.124502295,,,,,,,,,,,,
,,2024-05-15 0:00,,-0.472666544,-0.857309771,0.635932872,1.309453722,2.280690998,,,,,,,,,,,,
,,2024-05-16 0:00,,-0.796540887,-0.437539074,1.233448205,-0.305805798,2.64523552,,,,,,,,,,,,
,,2024-05-17 0:00,,0.259205348,-0.628619501,-0.110961295,-0.313685113,2.912162055,,,,,,,,,,,,
,,2024-05-18 0:00,,-0.308626293,-0.778201456,-0.409718961,-0.313685113,3.137073811,,,,,,,,,,,,
,,2024-05-19 0:00,,-0.430604941,-0.433616247,-0.559097795,-0.313685113,3.289670228,,,,,,,,,,,,
,,2024-05-20 0:00,,-0.178235323,-0.033132055,0.0384175385,-0.313685113,2.355873974,,,,,,,,,,,,
,,2024-05-21 0:00,,0.334916233,0.226955664,-0.559097795,-0.313685113,2.406010559,,,,,,,,,,,,
,,2024-05-22 0:00,,0.806006186,0.461978767,0.0384175385,-0.313685113,2.290899467,,,,,,,,,,,,
,,2024-05-23 0:00,,-0.123555239,0.338897154,0.337175205,-0.313685113,2.006792153,,,,,,,,,,,,
,,2024-05-24 0:00,,0.0741342945,0.280778683,-0.260340128,-0.313685113,1.777975657,,,,,,,,,,,,
,,2024-05-25 0:00,,-0.0226073923,0.144846408,-0.708476628,-0.313685113,1.629440175,,,,,,,,,,,,
,,2024-05-26 0:00,,-0.405367979,0.0539210787,0.635932872,0.371815269,1.446074615,,,,,,,,,,,,
,,2024-05-27 0:00,,-0.384337178,0.457978266,1.532205872,-0.313685113,0.886125463,,,,,,,,,,,,
,,2024-05-28 0:00,,-0.767097765,0.422002417,0.337175205,-0.313685113,0.853638177,,,,,,,,,,,,
,,2024-05-29 0:00,,-0.41798646,0.519090134,-0.260340128,-0.313685113,0.823025164,,,,,,,,,,,,
,,2024-05-30 0:00,,-0.321244773,-0.0240365288,-1.007234295,-0.313685113,0.745711722,,,,,,,,,,,,
,,2024-05-31 0:00,,-0.41798646,0.164444608,0.486554039,-0.234891965,0.695731332,,,,,,,,,,,,
,,2024-06-01 0:00,,-0.258152369,0.349870971,0.785311705,-0.313685113,0.69744941,,,,,,,,,,,,
,,2024-06-02 0:00,,-0.535758949,0.628533611,0.635932872,-0.313685113,0.711662553,,,,,,,,,,,,
,,2024-06-03 0:00,,-0.830190169,0.861454236,0.187796372,-0.313685113,0.640465432,,,,,,,,,,,,
,,2024-06-04 0:00,,-0.712417681,-1.55E-07,0.187796372,-0.313685113,0.597669743,,,,,,,,,,,,
,,2024-06-05 0:00,,0.141432859,-0.338546468,-0.559097795,-0.313685113,0.578302366,,,,,,,,,,,,
,,2024-06-06 0:00,,0.351740874,0.0588371929,-0.409718961,-0.313685113,0.644526367,,,,,,,,,,,,
,,2024-06-07 0:00,,-0.13617372,0.441071271,-0.559097795,-0.250650595,0.693725784,,,,,,,,,,,,
,,2024-06-08 0:00,,-0.460048063,0.48973573,-1.007234295,1.017919077,0.6673299,,,,,,,,,,,,
,,2024-06-09 0:00,,-0.26656469,-0.108519868,-0.708476628,-0.313685113,0.653741472,,,,,,,,,,,,
,,2024-06-10 0:00,,0.456894882,0.273616993,-0.110961295,-0.313685113,0.428617324,,,,,,,,,,,,
,,2024-06-11 0:00,,1.129880529,0.637585852,0.187796372,-0.313685113,0.398160506,,,,,,,,,,,,
,,2024-06-12 0:00,,-0.148792201,0.41911447,-0.260340128,-0.313685113,0.352865766,,,,,,,,,,,,
,,2024-06-13 0:00,,-0.144586041,-0.315401333,-0.708476628,-0.313685113,0.235568011,,,,,,,,,,,,
,,2024-06-14 0:00,,-0.0226073923,-0.136056554,0.0384175385,-0.313685113,0.134670127,,,,,,,,,,,,
,,2024-06-15 0:00,,-0.359100216,0.389547973,-0.559097795,0.166953086,0.0723508019,,,,,,,,,,,,
,,2024-06-16 0:00,,-0.493697346,0.489262432,0.785311705,-0.313685113,0.0304922172,,,,,,,,,,,,
,,2024-06-17 0:00,,-0.548377429,0.770949899,0.187796372,-0.313685113,0.202199818,,,,,,,,,,,,
,,2024-06-18 0:00,,-0.359100216,0.859832916,-0.260340128,-0.313685113,0.177834402,,,,,,,,,,,,
,,2024-06-19 0:00,,0.263411508,0.450374582,-1.007234295,-0.313685113,0.153312791,,,,,,,,,,,,
,,2024-06-20 0:00,,0.330710073,0.651918417,-0.409718961,-0.313685113,0.143160519,,,,,,,,,,,,
,,2024-06-21 0:00,,0.103577417,0.582232405,-0.409718961,-0.313685113,0.135351038,,,,,,,,,,,,
,,2024-06-22 0:00,,-0.220296926,0.75704286,-0.409718961,0.986401818,0.0909934662,,,,,,,,,,,,
,,2024-06-23 0:00,,-0.771303925,0.948683998,-0.110961295,0.0881599387,0.0703765954,,,,,,,,,,,,
,,2024-06-24 0:00,,0.696646018,0.050999201,0.934690539,-0.313685113,-0.751975867,,,,,,,,,,,,
,,2024-06-25 0:00,,-0.603057513,-0.414425909,1.084069372,-0.313685113,-0.755412023,,,,,,,,,,,,
,,2024-06-26 0:00,,-0.422192621,-0.268261714,-0.559097795,-0.313685113,-0.749633074,,,,,,,,,,,,
,,2024-06-27 0:00,,-0.211884606,0.114608805,-1.007234295,-0.313685113,-0.760566256,,,,,,,,,,,,
,,2024-06-28 0:00,,0.225556065,0.189652544,-0.260340128,-0.313685113,-0.758067205,,,,,,,,,,,,
,,2024-06-29 0:00,,-0.174029163,0.470143572,-0.110961295,2.70409243,-0.746353049,,,,,,,,,,,,
,,2024-06-30 0:00,,-0.632500635,0.0661987721,2.129721205,2.223454231,-0.765251906,,,,,,,,,,,,
,,2024-07-01 0:00,,-0.338069415,0.220813466,-0.708476628,-0.313685113,-0.916680009,,,,,,,,,,,,
,,2024-07-02 0:00,,-0.712417681,0.556798016,0.785311705,4.815748778,-0.948854905,,,,,,,,,,,,
,,2024-07-03 0:00,,-0.426398781,0.71558167,1.980342372,-0.250650595,-0.972439412,,,,,,,,,,,,
,,2024-07-04 0:00,,0.095165096,-0.298183557,1.084069372,-0.0300297823,-0.999147685,,,,,,,,,,,,
,,2024-07-05 0:00,,-0.674562238,-0.0166986794,1.532205872,0.00936679138,-1.016797048,,,,,,,,,,,,
,,2024-07-06 0:00,,-0.258152369,0.406694173,1.382827039,-0.0930643001,-1.005707671,,,,,,,,,,,,
,,2024-07-07 0:00,,-0.544171269,0.622009319,-0.708476628,1.947678215,-0.99414971,,,,,,,,,,,,
,,2024-07-08 0:00,,-0.973199619,0.72866758,-0.708476628,1.348850296,-0.324943429,,,,,,,,,,,,
,,2024-07-09 0:00,,-0.792334727,0.370043132,-0.708476628,-0.290047168,-0.306825546,,,,,,,,,,,,
,,2024-07-10 0:00,,-0.935344177,0.68571147,-0.110961295,-0.203374706,-0.273869676,,,,,,,,,,,,
,,2024-07-11 0:00,,0.0362788518,0.556747203,-0.260340128,-0.313685113,-0.248879481,,,,,,,,,,,,
,,2024-07-12 0:00,,0.103577417,0.539678549,-1.007234295,-0.313685113,-0.234197689,,,,,,,,,,,,
,,2024-07-13 0:00,,0.587285851,0.438523731,-0.559097795,-0.313685113,-0.2421633,,,,,,,,,,,,
,,2024-07-14 0:00,,-0.1277614,0.722574856,0.187796372,-0.282167854,-0.24653656,,,,,,,,,,,,
,,2024-07-15 0:00,,-0.973199619,0.428746954,0.187796372,-0.313685113,-0.964136364,,,,,,,,,,,,
,,2024-07-16 0:00,,-0.905901055,0.428987653,0.0384175385,1.025798392,-0.973351469,,,,,,,,,,,,
,,2024-07-17 0:00,,-0.998436581,0.725172641,0.337175205,7.471077842,-0.998966443,,,,,,,,,,,,
,,2024-07-18 0:00,,-1.065735146,0.843741236,-0.110961295,9.834872262,-1.017396716,,,,,,,,,,,,
,,2024-07-19 0:00,,-0.460048063,0.826487064,-0.110961295,-0.305805798,-0.928369182,,,,,,,,,,,,
,,2024-07-20 0:00,,-0.779716246,0.659403061,0.635932872,0.860332782,-0.745159816,,,,,,,,,,,,
,,2024-07-21 0:00,,-0.645119116,0.672497651,1.980342372,0.35605664,-0.611930841,,,,,,,,,,,,
,,2024-07-22 0:00,,-0.863839452,0.76185183,1.233448205,5.981887358,-0.924083396,,,,,,,,,,,,
,,2024-07-23 0:00,,-0.960581139,0.993828569,1.382827039,-0.156098818,-0.872072603,,,,,,,,,,,,
,,2024-07-24 0:00,,-0.855427131,1.118117816,0.486554039,0.844574153,-0.845208135,,,,,,,,,,,,
,,2024-07-25 0:00,,-0.611469834,1.049571605,-0.708476628,1.679781514,-0.810846641,,,,,,,,,,,,
,,2024-07-26 0:00,,-0.821777849,1.093548959,0.0384175385,0.119677198,-0.904247499,,,,,,,,,,,,
,,2024-07-27 0:00,,-0.783922406,0.99569698,-0.857855462,2.325885322,-1.075586514,,,,,,,,,,,,
,,2024-07-28 0:00,,-0.725036162,0.402764267,1.382827039,-0.313685113,-1.187417645,,,,,,,,,,,,
,,2024-07-29 0:00,,-0.594645193,0.794618608,2.279100039,-0.313685113,-1.27579548,,,,,,,,,,,,
,,2024-07-30 0:00,,-0.468460384,1.004941255,0.785311705,-0.313685113,-1.27657639,,,,,,,,,,,,
,,2024-07-31 0:00,,-0.762891605,1.121806038,0.486554039,-0.313685113,-1.272984039,,,,,,,,,,,,
,,2024-08-01 0:00,,-0.682974559,1.082303756,0.486554039,-0.290047168,-1.269079299,,,,,,,,,,,,
,,2024-08-02 0:00,,-0.380131018,1.353784735,0.486554039,-0.313685113,-1.255959455,,,,,,,,,,,,
,,2024-08-03 0:00,,-0.140379881,1.288188081,-0.110961295,-0.313685113,-1.273140234,,,,,,,,,,,,
,,2024-08-04 0:00,,-0.245533888,0.881578425,-1.007234295,-0.313685113,-1.307970312,,,,,,,,,,,,
,,2024-08-05 0:00,,-0.308626293,1.062643741,-0.559097795,-0.211254021,-1.132382955,,,,,,,,,,,,
,,2024-08-06 0:00,,-0.788128566,1.234426169,-0.559097795,-0.313685113,-1.184393812,,,,,,,,,,,,
,,2024-08-07 0:00,,-0.69138688,1.216213441,-0.857855462,-0.0457884117,-1.225002903,,,,,,,,,,,,
,,2024-08-08 0:00,,-0.628294475,1.553453257,-1.007234295,-0.313685113,-1.251398787,,,,,,,,,,,,
,,2024-08-09 0:00,,-0.317038613,1.721373977,-1.007234295,-0.313685113,-1.267642397,,,,,,,,,,,,
,,2024-08-10 0:00,,-0.0856997968,1.538879885,-0.857855462,-0.313685113,-1.264050047,,,,,,,,,,,,
,,2024-08-11 0:00,,-0.249740048,0.779324393,-0.708476628,-0.313685113,-1.267798592,,,,,,,,,,,,
,,2024-08-12 0:00,,-0.338069415,0.882901948,-0.559097795,-0.313685113,-1.180851428,,,,,,,,,,,,
,,2024-08-13 0:00,,-0.430604941,0.91491024,-0.708476628,-0.313685113,-1.17116774,,,,,,,,,,,,
,,2024-08-14 0:00,,-0.439017262,0.88164298,-0.559097795,-0.0773056707,-1.158985,,,,,,,,,,,,
,,2024-08-15 0:00,,-0.531552788,1.089693239,-0.708476628,0.19059103,-1.149457506,,,,,,,,,,,,
,,2024-08-16 0:00,,-0.565202071,1.300326452,-0.409718961,-0.313685113,-1.151331779,,,,,,,,,,,,
,,2024-08-17 0:00,,-0.531552788,1.334545167,-0.857855462,0.553039508,-1.163045934,,,,,,,,,,,,
,,2024-08-18 0:00,,-0.594645193,1.217242848,-0.409718961,-0.313685113,-1.170230636,,,,,,,,,,,,
,,2024-08-19 0:00,,-0.430604941,0.611434012,-0.559097795,-0.132460874,-1.358806691,,,,,,,,,,,,
,,2024-08-20 0:00,,-0.371718697,1.129175424,0.0384175385,-0.313685113,-1.368646574,,,,,,,,,,,,
,,2024-08-21 0:00,,-0.905901055,0.562582979,1.382827039,3.011385704,-1.387233042,,,,,,,,,,,,
,,2024-08-22 0:00,,-0.809159368,0.833069215,1.681584705,-0.266409224,-1.402695743,,,,,,,,,,,,
,,2024-08-23 0:00,,-0.354894056,1.109798066,0.635932872,-0.313685113,-1.408318497,,,,,,,,,,,,
,,2024-08-24 0:00,,0.179288302,0.700464321,-1.305991962,-0.156098818,-1.399728107,,,,,,,,,,,,
,,2024-08-25 0:00,,0.107783577,0.82658864,-1.305991962,-0.313685113,-1.390512938,,,,,,,,,,,,
,,2024-08-26 0:00,,0.0446911724,0.74398794,-1.156613128,-0.313685113,-0.748614661,,,,,,,,,,,,
,,2024-08-27 0:00,,-0.531552788,0.581139698,-0.559097795,-0.290047168,-0.725654934,,,,,,,,,,,,
,,2024-08-28 0:00,,-0.863839452,0.73191025,0.934690539,-0.313685113,-0.687857284,,,,,,,,,,,,
,,2024-08-29 0:00,,-1.044704345,1.062014871,1.233448205,-0.313685113,-0.673331687,,,,,,,,,,,,
,,2024-08-30 0:00,,-0.859633291,0.941700138,0.187796372,-0.313685113,-0.656775687,,,,,,,,,,,,
,,2024-08-31 0:00,,0.0867527754,0.932916289,-0.559097795,-0.313685113,-0.627568426,,,,,,,,,,,,
,,2024-09-01 0:00,,-0.169823003,1.29682547,-0.409718961,-0.313685113,-0.593363127,,,,,,,,,,,,
,,2024-09-02 0:00,,-0.632500635,1.375611513,0.486554039,-0.100943615,-0.803155848,,,,,,,,,,,,
,,2024-09-03 0:00,,-0.943756497,1.391155585,0.934690539,-0.313685113,-0.791597887,,,,,,,,,,,,
,,2024-09-04 0:00,,-0.653531437,1.086242144,-0.110961295,-0.313685113,-0.786756043,,,,,,,,,,,,
,,2024-09-05 0:00,,-0.472666544,0.765095619,0.187796372,0.229987604,-0.783007497,,,,,,,,,,,,
,,2024-09-06 0:00,,-0.830190169,0.608363224,0.486554039,-0.258529909,-0.741773691,,,,,,,,,,,,
,,2024-09-07 0:00,,-0.523140468,1.065709702,-0.559097795,-0.313685113,-0.697884639,,,,,,,,,,,,
,,2024-09-08 0:00,,-0.224503087,1.082107615,-1.007234295,-0.313685113,-0.667427821,,,,,,,,,,,,
,,2024-09-09 0:00,,-0.287595491,0.973245614,-0.559097795,-0.313685113,-0.0971702655,,,,,,,,,,,,
,,2024-09-10 0:00,,-0.203472285,0.917876626,-0.708476628,-0.313685113,-0.0909226685,,,,,,,,,,,,
,,2024-09-11 0:00,,-0.161410682,0.911049479,-0.708476628,-0.282167854,-0.0871741232,,,,,,,,,,,,
,,2024-09-12 0:00,,-1.006848902,1.117082093,-0.260340128,2.262850805,-0.053905928,,,,,,,,,,,,
,,2024-09-13 0:00,,-0.83439633,1.249431348,-0.110961295,0.285142807,-0.0542183175,,,,,,,,,,,,
,,2024-09-14 0:00,,-0.926931856,1.214370651,-0.857855462,-0.313685113,0.0310607352,,,,,,,,,,,,
,,2024-09-15 0:00,,-0.893282574,1.214164406,0.785311705,-0.313685113,0.203649308,,,,,,,,,,,,
,,2024-09-16 0:00,,-1.141446031,1.334627119,0.785311705,0.434849787,0.306783886,,,,,,,,,,,,
,,2024-09-17 0:00,,-0.910107215,1.058772818,-0.857855462,-0.313685113,0.484995212,,,,,,,,,,,,
,,2024-09-18 0:00,,-0.746066963,1.241360132,-1.007234295,-0.258529909,0.551063083,,,,,,,,,,,,
,,2024-09-19 0:00,,-0.653531437,1.372378294,-0.857855462,-0.313685113,0.54137933,,,,,,,,,,,,
,,2024-09-20 0:00,,-0.863839452,1.41034928,0.187796372,3.980541416,0.503737875,,,,,,,,,,,,
,,2024-09-21 0:00,,-1.229775398,1.334216356,3.025994205,1.813729865,0.393624822,,,,,,,,,,,,
,,2024-09-22 0:00,,-1.229775398,1.446154982,0.635932872,-0.313685113,0.242902678,,,,,,,,,,,,
,,2024-09-23 0:00,,-1.099384428,1.672059749,1.233448205,-0.313685113,0.069064611,,,,,,,,,,,,
,,2024-09-24 0:00,,-0.922725696,1.420317598,-0.110961295,-0.313685113,-0.0705680919,,,,,,,,,,,,
,,2024-09-25 0:00,,-0.741860803,1.378779385,-0.857855462,-0.313685113,-0.0893107542,,,,,,,,,,,,
,,2024-09-26 0:00,,-0.666149918,1.421930969,-1.007234295,-0.219133336,-0.0654138581,,,,,,,,,,,,
,,2024-09-27 0:00,,-0.716623841,1.246896154,0.187796372,-0.313685113,0.00221583118,,,,,,,,,,,,
,,2024-09-28 0:00,,-0.905901055,1.36717031,1.681584705,-0.313685113,0.0486038707,,,,,,,,,,,,
,,2024-09-29 0:00,,-1.057322825,1.475865841,0.635932872,-0.313685113,0.0592247277,,,,,,,,,,,,
,,2024-09-30 0:00,,-0.859633291,1.590536623,-0.260340128,-0.313685113,-0.221271482,,,,,,,,,,,,
,,2024-10-01 0:00,,-0.804953208,1.588587891,0.337175205,-0.116702244,-0.190502339,,,,,,,,,,,,
,,2024-10-02 0:00,,-0.804953208,1.614291391,0.337175205,-0.313685113,-0.175976806,,,,,,,,,,,,
,,2024-10-03 0:00,,-0.792334727,1.449864535,-0.559097795,-0.313685113,-0.0516505454,,,,,,,,,,,,
,,2024-10-04 0:00,,-0.792334727,1.351270147,-0.708476628,-0.313685113,-0.00869859741,,,,,,,,,,,,
,,2024-10-05 0:00,,-0.476872704,1.472580871,-1.007234295,-0.313685113,0.0136364155,,,,,,,,,,,,
,,2024-10-06 0:00,,-0.510521987,1.45364319,-1.305991962,-0.313685113,-0.00791762371,,,,,,,,,,,,
,,2024-10-07 0:00,,0.0909589357,1.390641349,-1.455370795,-0.313685113,0.731367367,,,,,,,,,,,,
,,2024-10-08 0:00,,0.212937584,1.428315648,-0.708476628,-0.313685113,0.72465125,,,,,,,,,,,,
,,2024-10-09 0:00,,-0.889076414,1.644098541,0.0384175385,-0.313685113,0.80399516,,,,,,,,,,,,
,,2024-10-10 0:00,,-0.661943758,1.13647194,-0.559097795,-0.313685113,0.69153925,,,,,,,,,,,,
,,2024-10-11 0:00,,-0.0941121174,1.228226459,-0.708476628,-0.313685113,0.659051964,,,,,,,,,,,,
,,2024-10-12 0:00,,0.0825466151,1.284738475,-1.156613128,-0.313685113,0.672484198,,,,,,,,,,,,
,,2024-10-13 0:00,,-0.321244773,1.141391913,-0.409718961,-0.313685113,0.710281848,,,,,,,,,,,,
,,2024-10-14 0:00,,-0.628294475,1.25764966,-0.559097795,-0.313685113,0.729961679,,,,,,,,,,,,
,,2024-10-15 0:00,,-0.666149918,1.203358914,-0.708476628,-0.274288539,0.696537289,,,,,,,,,,,,
,,2024-10-16 0:00,,-0.0899059571,1.140516729,-1.156613128,-0.313685113,0.592671769,,,,,,,,,,,,
,,2024-10-17 0:00,,0.0573096533,1.401342888,-0.857855462,-0.313685113,0.591109885,,,,,,,,,,,,
,,2024-10-18 0:00,,-0.544171269,1.434200709,0.337175205,3.397472126,0.540036196,,,,,,,,,,,,
,,2024-10-19 0:00,,-1.099384428,1.358853838,1.532205872,-0.234891965,0.506299417,,,,,,,,,,,,
,,2024-10-20 0:00,,-0.939550337,1.300136174,2.129721205,-0.313685113,0.495366235,,,,,,,,,,,,
,,2024-10-21 0:00,,-0.800747047,1.259170642,0.0384175385,-0.313685113,0.734341233,,,,,,,,,,,,
,,2024-10-22 0:00,,-0.968993459,0.895418451,-0.409718961,1.309453722,0.707945349,,,,,,,,,,,,
,,2024-10-23 0:00,,-0.859633291,1.374904115,2.129721205,-0.132460874,0.704040609,,,,,,,,,,,,
,,2024-10-24 0:00,,-0.367512537,1.380185289,-0.708476628,-0.313685113,0.714192882,,,,,,,,,,,,
,,2024-10-25 0:00,,-0.321244773,1.007791716,-0.857855462,-0.313685113,0.759643753,,,,,,,,,,,,
,,2024-10-26 0:00,,-0.497903506,0.775337804,-0.708476628,-0.313685113,0.774169286,,,,,,,,,,,,
,,2024-10-27 0:00,,-0.342275575,1.151425715,-1.007234295,-0.313685113,0.776668273,,,,,,,,,,,,
,,2024-10-28 0:00,,-0.0478443541,1.212362433,-0.260340128,-0.313685113,0.351616208,,,,,,,,,,,,
,,2024-10-29 0:00,,-0.863839452,1.348457052,0.0384175385,-0.313685113,0.390663416,,,,,,,,,,,,
,,2024-10-30 0:00,,-0.321244773,1.457846625,-1.007234295,-0.313685113,0.440019091,,,,,,,,,,,,
,,2024-10-31 0:00,,-0.0394320335,1.368255032,-1.305991962,-0.313685113,0.449858974,,,,,,,,,,,,
,,2024-11-01 0:00,,0.179288302,0.76631723,-1.305991962,-0.313685113,0.46938261,,,,,,,,,,,,
,,2024-11-02 0:00,,-0.0730813159,0.818067127,-0.559097795,-0.313685113,0.564657741,,,,,,,,,,,,
,,2024-11-03 0:00,,-0.388543338,1.163391906,0.187796372,-0.313685113,0.59089743,,,,,,,,,,,,
,,2024-11-04 0:00,,-0.40957414,1.193975625,0.934690539,-0.305805798,0.485520057,,,,,,,,,,,,
,,2024-11-05 0:00,,-0.401161819,1.119474212,-0.260340128,-0.313685113,0.4748992,,,,,,,,,,,,
,,2024-11-06 0:00,,-0.384337178,1.262851598,0.337175205,-0.313685113,0.412892265,,,,,,,,,,,,
,,2024-11-07 0:00,,0.204525264,1.345075911,-1.156613128,-0.313685113,0.37931168,,,,,,,,,,,,
,,2024-11-08 0:00,,0.0362788518,1.307999362,-1.156613128,-0.313685113,0.342763524,,,,,,,,,,,,
,,2024-11-09 0:00,,-0.0730813159,0.74671727,-1.305991962,-0.313685113,0.245770315,,,,,,,,,,,,
,,2024-11-10 0:00,,-0.371718697,0.267055152,-0.708476628,-0.313685113,0.216250665,,,,,,,,,,,,
,,2024-11-11 0:00,,0.629347454,0.625198001,-1.604749628,-0.313685113,0.131646359,,,,,,,,,,,,
,,2024-11-12 0:00,,0.128814378,0.720183649,-0.110961295,-0.313685113,0.130865385,,,,,,,,,,,,
,,2024-11-13 0:00,,0.137226699,0.744861614,-0.857855462,-0.313685113,0.122118801,,,,,,,,,,,,
,,2024-11-14 0:00,,-0.13617372,0.8751756,-0.708476628,-0.305805798,0.10197045,,,,,,,,,,,,
,,2024-11-15 0:00,,-0.333863254,0.787293915,-0.708476628,-0.313685113,0.0991590087,,,,,,,,,,,,
,,2024-11-16 0:00,,-0.535758949,0.726243609,0.486554039,0.198470345,0.0744812031,,,,,,,,,,,,
,,2024-11-17 0:00,,-0.628294475,0.943451478,1.980342372,-0.313685113,0.0488662291,,,,,,,,,,,,
,,2024-11-18 0:00,,-0.750273124,0.945700138,0.0384175385,-0.313685113,0.599575229,,,,,,,,,,,,
,,2024-11-19 0:00,,-0.4137803,0.877828068,-0.409718961,-0.313685113,0.566619424,,,,,,,,,,,,
,,2024-11-20 0:00,,0.191906783,0.356659559,-1.455370795,-0.313685113,0.54069206,,,,,,,,,,,,
,,2024-11-21 0:00,,0.835449308,0.265487647,-0.110961295,-0.313685113,0.540379671,,,,,,,,,,,,
,,2024-11-22 0:00,,0.0278665312,0.279019252,-0.110961295,-0.313685113,0.49539732,,,,,,,,,,,,
,,2024-11-23 0:00,,-0.439017262,0.384038941,-0.857855462,-0.313685113,0.483995553,,,,,,,,,,,,
,,2024-11-24 0:00,,-0.687180719,0.369045113,-1.007234295,-0.313685113,0.462597709,,,,,,,,,,,,
,,2024-11-25 0:00,,-0.506315827,-0.00889698948,0.337175205,-0.313685113,-0.438892502,,,,,,,,,,,,
,,2024-11-26 0:00,,-0.994230421,0.135188515,1.681584705,1.734936718,-0.471067398,,,,,,,,,,,,
,,2024-11-27 0:00,,-1.019467383,0.214824492,-1.305991962,1.451281387,-0.421399333,,,,,,,,,,,,
,,2024-11-28 0:00,,-0.729242322,0.449628717,-0.708476628,0.0724013092,-0.41952506,,,,,,,,,,,,
,,2024-11-29 0:00,,-0.123555239,0.421499077,-1.156613128,-0.313685113,-0.422961216,,,,,,,,,,,,
,,2024-11-30 0:00,,-0.354894056,0.369712689,-0.708476628,-0.313685113,-0.470598814,,,,,,,,,,,,
,,2024-12-01 0:00,,-0.0562566747,0.445182338,0.187796372,-0.274288539,-0.504647982,,,,,,,,,,,,
,,2024-12-02 0:00,,0.398008637,0.363074253,-0.110961295,-0.313685113,-0.450969014,,,,,,,,,,,,
,,2024-12-03 0:00,,-0.712417681,0.419971285,0.187796372,-0.313685113,-0.453624196,,,,,,,,,,,,
,,2024-12-04 0:00,,-0.502109666,0.222598647,-0.260340128,-0.313685113,-0.542651794,,,,,,,,,,,,
,,2024-12-05 0:00,,-0.502109666,0.226082899,0.0384175385,-0.171857447,-0.596536924,,,,,,,,,,,,
,,2024-12-06 0:00,,-0.371718697,0.388924189,0.337175205,-0.313685113,-0.633085081,,,,,,,,,,,,
,,2024-12-07 0:00,,-0.485285025,0.0274940417,0.337175205,-0.313685113,-0.689781588,,,,,,,,,,,,
,,2024-12-08 0:00,,-0.476872704,0.0910511707,-0.110961295,-0.313685113,-0.723205977,,,,,,,,,,,,
,,2024-12-09 0:00,,-0.0814936365,0.0240033085,-1.007234295,-0.313685113,0.152356869,,,,,,,,,,,,
,,2024-12-10 0:00,,0.271823828,0.0246318882,-0.559097795,-0.313685113,0.139705609,,,,,,,,,,,,
,,2024-12-11 0:00,,1.054169644,-0.225078476,-1.007234295,-0.313685113,0.561727612,,,,,,,,,,,,
,,2024-12-12 0:00,,0.28864847,-0.301538705,-0.260340128,-0.313685113,1.123538578,,,,,,,,,,,,
,,2024-12-13 0:00,,-0.253946209,-0.269483419,-0.110961295,-0.313685113,1.320492567,,,,,,,,,,,,
,,2024-12-14 0:00,,-0.232915407,0.064704665,-0.110961295,-0.313685113,1.382655697,,,,,,,,,,,,
,,2024-12-15 0:00,,-0.573614391,0.217616412,0.187796372,-0.313685113,1.474026152,,,,,,,,,,,,
,,2024-12-16 0:00,,-0.224503087,-0.0260562665,-1.604749628,-0.313685113,0.493267047,,,,,,,,,,,,
,,2024-12-17 0:00,,-0.367512537,-0.0103733889,-0.110961295,-0.313685113,0.536218931,,,,,,,,,,,,
,,2024-12-18 0:00,,-0.169823003,0.068017296,-0.110961295,-0.313685113,0.141686174,,,,,,,,,,,,
,,2024-12-19 0:00,,0.793387705,0.0496748683,-1.156613128,-0.313685113,-0.40497448,,,,,,,,,,,,
,,2024-12-20 0:00,,0.974252598,0.115167374,-0.409718961,-0.282167854,-0.513838039,,,,,,,,,,,,
,,2024-12-21 0:00,,0.662996736,0.016490972,0.785311705,-0.0851849854,-0.420437181,,,,,,,,,,,,
,,2024-12-22 0:00,,-0.573614391,0.447342436,-0.260340128,-0.313685113,-0.470105182,,,,,,,,,,,,
,,2024-12-23 0:00,,-0.262358529,0.240961581,-0.110961295,-0.313685113,-0.441547619,,,,,,,,,,,,
,,2024-12-24 0:00,,-0.0983182777,0.0824114053,-1.305991962,-0.313685113,-0.452793191,,,,,,,,,,,,
,,2024-12-25 0:00,,-0.0730813159,-0.312922453,-0.409718961,-0.305805798,-0.432644905,,,,,,,,,,,,
,,2024-12-26 0:00,,1.2813023,-0.417943334,1.681584705,-0.313685113,-0.427646866,,,,,,,,,,,,
,,2024-12-27 0:00,,-0.195059965,-0.416272926,0.635932872,-0.313685113,-0.490590905,,,,,,,,,,,,
,,2024-12-28 0:00,,-0.182441484,-0.219241888,0.337175205,-0.313685113,-0.553847335,,,,,,,,,,,,
,,2024-12-29 0:00,,-0.392749498,-0.0223369363,-1.156613128,-0.313685113,-0.552129321,,,,,,,,,,,,
,,2024-12-30 0:00,,0.755532263,0.0166720536,0.0384175385,-0.313685113,-1.357144874,,,,,,,,,,,,
,,2024-12-31 0:00,,0.801800026,0.0298355291,0.486554039,-0.313685113,-1.365110548,,,,,,,,,,,,
,,,,,-0.0300866418,,,,,,,,,,,,,,,
,,,,,0.0114359744,,,,,,,,,,,,,,,
,,,,,-0.0016315287,,,,,,,,,,,,,,,
,,,,,0.259029783,,,,,,,,,,,,,,,
,,,,,0.163261362,,,,,,,,,,,,,,,
,,,,,-0.487223352,,,,,,,,,,,,,,,
,,,,,-0.659161488,,,,,,,,,,,,,,,
,,,,,-0.640122287,,,,,,,,,,,,,,,
,,,,,-0.78790521,,,,,,,,,,,,,,,
,,,,,-0.554390814,,,,,,,,,,,,,,,
,,,,,-0.570591774,,,,,,,,,,,,,,,
,,,,,-0.538658665,,,,,,,,,,,,,,,
,,,,,-0.597039768,,,,,,,,,,,,,,,
,,,,,-0.321053086,,,,,,,,,,,,,,,
,,,,,-1.143624455,,,,,,,,,,,,,,,
,,,,,-1.828165004,,,,,,,,,,,,,,,
,,,,,-1.583647534,,,,,,,,,,,,,,,
,,,,,-1.561755262,,,,,,,,,,,,,,,
,,,,,-1.40755401,,,,,,,,,,,,,,,
,,,,,-1.244485962,,,,,,,,,,,,,,,
,,,,,-0.993177344,,,,,,,,,,,,,,,
,,,,,-1.055978685,,,,,,,,,,,,,,,
,,,,,-0.930229479,,,,,,,,,,,,,,,
,,,,,-1.002683372,,,,,,,,,,,,,,,
,,,,,-0.988051071,,,,,,,,,,,,,,,
,,,,,-1.282534644,,,,,,,,,,,,,,,
,,,,,-1.171720658,,,,,,,,,,,,,,,
,,,,,-1.192614425,,,,,,,,,,,,,,,
,,,,,-1.075521922,,,,,,,,,,,,,,,
,,,,,-0.914523947,,,,,,,,,,,,,,,
,,,,,-1.093639061,,,,,,,,,,,,,,,
,,,,,-0.992082434,,,,,,,,,,,,,,,
,,,,,-1.295183966,,,,,,,,,,,,,,,
,,,,,-1.144400058,,,,,,,,,,,,,,,
,,,,,-1.451611564,,,,,,,,,,,,,,,
,,,,,-1.30676732,,,,,,,,,,,,,,,
,,,,,-1.491513278,,,,,,,,,,,,,,,
,,,,,-1.301412458,,,,,,,,,,,,,,,
,,,,,-1.221999424,,,,,,,,,,,,,,,
,,,,,-1.61969709,,,,,,,,,,,,,,,
,,,,,-1.576795163,,,,,,,,,,,,,,,
,,,,,-1.295741672,,,,,,,,,,,,,,,
,,,,,-1.246045944,,,,,,,,,,,,,,,
,,,,,-1.125239855,,,,,,,,,,,,,,,
,,,,,-1.306743753,,,,,,,,,,,,,,,
,,,,,-1.476658315,,,,,,,,,,,,,,,
,,,,,-1.47022432,,,,,,,,,,,,,,,
,,,,,-1.18281368,,,,,,,,,,,,,,,
,,,,,-0.92437507,,,,,,,,,,,,,,,
,,,,,-1.083927284,,,,,,,,,,,,,,,
