창경궁,Unnamed: 1,Date,달러환율,미세먼지(PM10),Windspeed(m/s),Rainfall(mm),total_7d_avg,불쾌지수,weekday_0,weekday_1,weekday_2,weekday_3,weekday_4,weekday_5,weekday_6,season_0,season_1,season_2,season_3,운항수_표준화
1732,,2023-01-01 0:00,,0.831243148,0.635932872,-0.313685113,-0.901741807,-1.287139588,FALSE,TRUE,FALSE,FALSE,FALSE,FALSE,FALSE,TRUE,FALSE,FALSE,FALSE,-1.389810215
1064,,2023-01-03 0:00,-1.183150828,-0.207678445,-0.708476628,-0.313685113,-0.823314328,-1.580707801,FALSE,FALSE,TRUE,FALSE,FALSE,FALSE,FALSE,TRUE,FALSE,FALSE,FALSE,-1.429029717
949,,2023-01-04 0:00,-1.150647178,0.01104189,-0.559097795,-0.313685113,-0.825453454,-1.675281134,FALSE,FALSE,FALSE,TRUE,FALSE,FALSE,FALSE,TRUE,FALSE,FALSE,FALSE,-1.523156522
987,,2023-01-05 0:00,-1.248158129,0.57046121,-1.007234295,-0.313685113,-0.825842424,-1.398577128,FALSE,FALSE,FALSE,FALSE,TRUE,FALSE,FALSE,TRUE,FALSE,FALSE,FALSE,-1.30352731
991,,2023-01-06 0:00,-1.280661779,1.668269047,-0.110961295,-0.00639183808,-0.82208276,-1.476530403,FALSE,FALSE,FALSE,FALSE,FALSE,TRUE,FALSE,TRUE,FALSE,FALSE,FALSE,-1.099585899
1601,,2023-01-07 0:00,-1.508187331,3.460093334,-0.110961295,-0.305805798,-0.815665323,-1.458677988,FALSE,FALSE,FALSE,FALSE,FALSE,FALSE,TRUE,TRUE,FALSE,FALSE,FALSE,-1.217244405
1489,,2023-01-08 0:00,-1.735712883,4.196171386,-0.857855462,-0.313685113,-0.82247167,-1.497767718,TRUE,FALSE,FALSE,FALSE,FALSE,FALSE,FALSE,TRUE,FALSE,FALSE,FALSE,-1.099585899
1469,,2023-01-10 0:00,-2.028245735,0.982664919,-1.156613128,-0.313685113,-0.282611633,-1.351943155,FALSE,TRUE,FALSE,FALSE,FALSE,FALSE,FALSE,TRUE,FALSE,FALSE,FALSE,-1.201556605
1230,,2023-01-11 0:00,-1.963238435,1.512641116,-1.007234295,-0.313685113,-0.266989429,-1.043368051,FALSE,FALSE,TRUE,FALSE,FALSE,FALSE,FALSE,TRUE,FALSE,FALSE,FALSE,-1.279995609
1355,,2023-01-12 0:00,-2.060749386,1.176148292,-0.110961295,-0.313685113,-0.256034386,-1.188043123,FALSE,FALSE,FALSE,TRUE,FALSE,FALSE,FALSE,TRUE,FALSE,FALSE,FALSE,-1.240776107
585,,2023-01-13 0:00,-2.093253036,-0.56099591,0.337175205,2.625299282,-0.261738721,-1.118078453,FALSE,FALSE,FALSE,FALSE,TRUE,FALSE,FALSE,TRUE,FALSE,FALSE,FALSE,-1.146649302
1148,,2023-01-14 0:00,-2.190763987,-0.893282574,0.337175205,-0.187616077,-0.267054146,-0.580323463,FALSE,FALSE,FALSE,FALSE,FALSE,TRUE,FALSE,TRUE,FALSE,FALSE,FALSE,-0.981927393
966,,2023-01-15 0:00,-2.255771287,-0.876457933,0.785311705,-0.0615470412,-0.273082674,-1.065965874,FALSE,FALSE,FALSE,FALSE,FALSE,FALSE,TRUE,TRUE,FALSE,FALSE,FALSE,-1.1231176
856,,2023-01-17 0:00,-2.255771287,-0.216090766,-0.708476628,-0.313685113,-1.007488067,-1.153084715,TRUE,FALSE,FALSE,FALSE,FALSE,FALSE,FALSE,TRUE,FALSE,FALSE,FALSE,-1.021146895
873,,2023-01-18 0:00,-2.255771287,0.71767682,-0.409718961,-0.313685113,-1.016433601,-1.855577819,FALSE,TRUE,FALSE,FALSE,FALSE,FALSE,FALSE,TRUE,FALSE,FALSE,FALSE,-1.146649302
689,,2023-01-19 0:00,-2.353282238,1.037345003,0.337175205,-0.234891965,-1.027194189,-1.845108167,FALSE,FALSE,TRUE,FALSE,FALSE,FALSE,FALSE,TRUE,FALSE,FALSE,FALSE,-1.232932206
537,,2023-01-20 0:00,-2.255771287,1.251859178,2.129721205,-0.313685113,-1.02836104,-1.785816652,FALSE,FALSE,FALSE,TRUE,FALSE,FALSE,FALSE,TRUE,FALSE,FALSE,FALSE,-1.264307808
1171,,2023-01-21 0:00,-2.288274938,-0.455841903,-0.708476628,-0.313685113,-0.991217721,-1.540962564,FALSE,FALSE,FALSE,FALSE,TRUE,FALSE,FALSE,TRUE,FALSE,FALSE,FALSE,-1.130961501
2442,,2023-01-22 0:00,-2.288274938,-0.325450934,0.486554039,-0.313685113,-0.866045394,-1.520494136,FALSE,FALSE,FALSE,FALSE,FALSE,TRUE,FALSE,TRUE,FALSE,FALSE,FALSE,-0.92702009
2800,,2023-01-23 0:00,-2.320778588,0.776563064,0.635932872,-0.313685113,-0.264438016,-1.55967449,FALSE,FALSE,FALSE,FALSE,FALSE,FALSE,TRUE,TRUE,FALSE,FALSE,FALSE,-1.185868804
396,,2023-01-24 0:00,-2.320778588,-0.249740048,3.474130705,-0.313685113,-0.283690328,-1.721296289,TRUE,FALSE,FALSE,FALSE,FALSE,FALSE,FALSE,TRUE,FALSE,FALSE,FALSE,-0.879956687
1391,,2023-01-26 0:00,-2.385785889,-0.287595491,0.337175205,-0.250650595,-0.295941716,-1.446321202,FALSE,TRUE,FALSE,FALSE,FALSE,FALSE,FALSE,TRUE,FALSE,FALSE,FALSE,-1.30352731
629,,2023-01-27 0:00,-2.418289539,0.0446911724,1.830963539,-0.313685113,-0.300738554,-1.521059371,FALSE,FALSE,TRUE,FALSE,FALSE,FALSE,FALSE,TRUE,FALSE,FALSE,FALSE,-1.358434613
1216,,2023-01-28 0:00,-2.450793189,0.107783577,0.187796372,-0.313685113,-0.3470867,-2.665476195,FALSE,FALSE,FALSE,TRUE,FALSE,FALSE,FALSE,TRUE,FALSE,FALSE,FALSE,-1.429029717
1395,,2023-01-29 0:00,-2.450793189,0.385390156,0.486554039,-0.313685113,-0.468823435,-2.228858466,FALSE,FALSE,FALSE,FALSE,TRUE,FALSE,FALSE,TRUE,FALSE,FALSE,FALSE,-1.413341916
1260,,2023-01-31 0:00,-2.418289539,0.0867527754,0.635932872,-0.313685113,-0.556398573,-2.236947121,FALSE,FALSE,FALSE,FALSE,FALSE,TRUE,FALSE,TRUE,FALSE,FALSE,FALSE,-1.327059011
925,,2023-02-01 0:00,-2.353282238,1.096231247,1.382827039,-0.313685113,-0.517829232,-2.012092578,FALSE,FALSE,FALSE,FALSE,FALSE,FALSE,TRUE,TRUE,FALSE,FALSE,FALSE,-1.366278513
990,,2023-02-02 0:00,-2.873340643,0.233968386,0.337175205,-0.313685113,-0.503892406,-1.860752602,TRUE,FALSE,FALSE,FALSE,FALSE,FALSE,FALSE,TRUE,FALSE,FALSE,FALSE,-1.162337102
1356,,2023-02-03 0:00,-2.51580049,0.124608218,-0.110961295,-0.313685113,-0.459683446,-1.499079559,FALSE,TRUE,FALSE,FALSE,FALSE,FALSE,FALSE,TRUE,FALSE,FALSE,FALSE,-1.468249219
2881,,2023-02-04 0:00,-2.255771287,0.0236603709,-0.409718961,-0.313685113,-0.392138378,-1.375931028,FALSE,FALSE,TRUE,FALSE,FALSE,FALSE,FALSE,TRUE,FALSE,FALSE,FALSE,-1.413341916
2559,,2023-02-05 0:00,-2.028245735,1.037345003,-0.708476628,-0.313685113,-0.340474808,-1.240040198,FALSE,FALSE,FALSE,TRUE,FALSE,FALSE,FALSE,TRUE,FALSE,FALSE,FALSE,-1.366278513
1394,,2023-02-07 0:00,-1.605698282,1.777629215,-1.156613128,-0.313685113,-0.550447913,-1.378703093,FALSE,FALSE,FALSE,FALSE,TRUE,FALSE,FALSE,TRUE,FALSE,FALSE,FALSE,-1.178024903
1178,,2023-02-08 0:00,-1.508187331,1.335982384,0.337175205,-0.313685113,-0.567107291,-1.441058883,FALSE,FALSE,FALSE,FALSE,FALSE,TRUE,FALSE,TRUE,FALSE,FALSE,FALSE,-1.083898098
1311,,2023-02-09 0:00,-1.475683681,0.0362788518,0.337175205,-0.313685113,-0.567625877,-1.320863654,FALSE,FALSE,FALSE,FALSE,FALSE,FALSE,TRUE,TRUE,FALSE,FALSE,FALSE,-1.154493202
1176,,2023-02-10 0:00,-1.34566908,-0.527346628,-0.110961295,-0.266409224,-0.582794333,-1.219330967,TRUE,FALSE,FALSE,FALSE,FALSE,FALSE,FALSE,TRUE,FALSE,FALSE,FALSE,-1.091741999
3111,,2023-02-11 0:00,-1.215654478,0.347534714,-0.708476628,-0.313685113,-0.601268765,-1.336531624,FALSE,TRUE,FALSE,FALSE,FALSE,FALSE,FALSE,TRUE,FALSE,FALSE,FALSE,-1.240776107
1927,,2023-02-12 0:00,-1.085639877,1.390662467,-0.708476628,-0.313685113,-0.510646882,-1.225845051,FALSE,FALSE,TRUE,FALSE,FALSE,FALSE,FALSE,TRUE,FALSE,FALSE,FALSE,-1.232932206
1734,,2023-02-14 0:00,-1.215654478,0.0867527754,0.635932872,-0.313685113,-0.605697453,-1.184606329,FALSE,FALSE,FALSE,TRUE,FALSE,FALSE,FALSE,TRUE,FALSE,FALSE,FALSE,-1.31137121
1206,,2023-02-15 0:00,-0.825610675,-0.741860803,0.337175205,-0.313685113,-0.581972374,-1.170178415,FALSE,FALSE,FALSE,FALSE,TRUE,FALSE,FALSE,TRUE,FALSE,FALSE,FALSE,-1.091741999
1026,,2023-02-16 0:00,-0.825610675,-0.283389331,0.635932872,-0.313685113,-0.579184985,-0.811391645,FALSE,FALSE,FALSE,FALSE,FALSE,TRUE,FALSE,TRUE,FALSE,FALSE,FALSE,-1.021146895
1697,,2023-02-17 0:00,-0.175537669,0.347534714,-0.708476628,-0.313685113,-0.564988865,-1.249117196,FALSE,FALSE,FALSE,FALSE,FALSE,FALSE,TRUE,TRUE,FALSE,FALSE,FALSE,-1.154493202
2443,,2023-02-18 0:00,-0.24054497,1.903814024,-1.156613128,-0.313685113,-0.564275762,-1.255644169,TRUE,FALSE,FALSE,FALSE,FALSE,FALSE,FALSE,TRUE,FALSE,FALSE,FALSE,-1.028990795
2031,,2023-02-19 0:00,-0.27304862,0.591492011,1.532205872,-0.282167854,-0.65113792,-1.123852174,FALSE,TRUE,FALSE,FALSE,FALSE,FALSE,FALSE,TRUE,FALSE,FALSE,FALSE,-1.248620007
1515,,2023-02-21 0:00,-0.30555227,-0.220296926,-0.260340128,-0.313685113,-0.117472312,-0.856942725,FALSE,FALSE,TRUE,FALSE,FALSE,FALSE,FALSE,TRUE,FALSE,FALSE,FALSE,-1.232932206
1306,,2023-02-22 0:00,-0.0455230682,0.305473111,-0.110961295,-0.313685113,-0.118768779,-1.106893306,FALSE,FALSE,FALSE,TRUE,FALSE,FALSE,FALSE,TRUE,FALSE,FALSE,FALSE,-1.217244405
1587,,2023-02-23 0:00,-0.370559571,0.238174546,-0.559097795,-0.313685113,-0.091284036,-0.839901286,FALSE,FALSE,FALSE,FALSE,TRUE,FALSE,FALSE,TRUE,FALSE,FALSE,FALSE,-1.130961501
1848,,2023-02-24 0:00,-0.143034019,0.654584415,1.084069372,-0.313685113,-0.0869409464,-1.238584095,FALSE,FALSE,FALSE,FALSE,FALSE,TRUE,FALSE,TRUE,FALSE,FALSE,FALSE,-0.895644488
3113,,2023-02-25 0:00,0.0844915329,0.14563902,0.934690539,-0.313685113,-0.0737171617,-1.122558506,FALSE,FALSE,FALSE,FALSE,FALSE,FALSE,TRUE,TRUE,FALSE,FALSE,FALSE,-1.091741999
2326,,2023-02-26 0:00,0.312017085,0.0909589357,-0.260340128,-0.313685113,-0.0717077134,-0.762598406,TRUE,FALSE,FALSE,FALSE,FALSE,FALSE,FALSE,TRUE,FALSE,FALSE,FALSE,-1.091741999
2022,,2023-02-28 0:00,0.507038987,0.0993712563,-0.409718961,-0.313685113,0.453899158,-0.947595782,FALSE,TRUE,FALSE,FALSE,FALSE,FALSE,FALSE,TRUE,FALSE,FALSE,FALSE,-1.130961501
3319,,2023-03-01 0:00,0.377024385,0.0320726915,1.233448205,-0.313685113,0.569218394,-1.199428801,FALSE,FALSE,TRUE,FALSE,FALSE,FALSE,FALSE,TRUE,FALSE,FALSE,FALSE,-1.178024903
1243,,2023-03-02 0:00,0.247009784,0.700852179,0.785311705,-0.313685113,0.609926922,-1.219074955,FALSE,FALSE,FALSE,TRUE,FALSE,FALSE,FALSE,TRUE,FALSE,FALSE,FALSE,-1.170181003
1781,,2023-03-03 0:00,-0.20804132,0.191906783,-0.260340128,-0.313685113,0.677601606,-1.094327524,FALSE,FALSE,FALSE,FALSE,TRUE,FALSE,FALSE,TRUE,FALSE,FALSE,FALSE,-1.036834696
5816,,2023-03-04 0:00,-0.24054497,1.42010559,-0.559097795,-0.313685113,0.792920843,-1.139500468,FALSE,FALSE,FALSE,FALSE,FALSE,TRUE,FALSE,TRUE,FALSE,FALSE,FALSE,-0.919176189
4129,,2023-03-05 0:00,-0.30555227,1.622001284,-0.857855462,-0.313685113,0.913036978,-0.972989769,FALSE,FALSE,FALSE,FALSE,FALSE,FALSE,TRUE,TRUE,FALSE,FALSE,FALSE,-1.146649302
2634,,2023-03-07 0:00,-0.20804132,1.066788125,0.0384175385,-0.313685113,1.510005688,-1.048386178,TRUE,FALSE,FALSE,FALSE,FALSE,FALSE,FALSE,TRUE,FALSE,FALSE,FALSE,-0.93486399
1728,,2023-03-08 0:00,0.474535336,1.209797575,-0.409718961,-0.219133336,1.439219543,-0.939914897,FALSE,TRUE,FALSE,FALSE,FALSE,FALSE,FALSE,TRUE,FALSE,FALSE,FALSE,-1.076054198
1673,,2023-03-09 0:00,0.474535336,1.108849728,0.0384175385,-0.0221504675,1.425995758,-0.737327799,FALSE,FALSE,TRUE,FALSE,FALSE,FALSE,FALSE,TRUE,FALSE,FALSE,FALSE,-1.146649302
3157,,2023-03-10 0:00,0.637053588,2.353873175,-0.260340128,-0.313685113,1.44881328,-0.971672099,FALSE,FALSE,FALSE,TRUE,FALSE,FALSE,FALSE,TRUE,FALSE,FALSE,FALSE,-1.209400505
7599,,2023-03-11 0:00,0.344520735,2.740839923,0.187796372,-0.313685113,1.444210897,-0.678961032,FALSE,FALSE,FALSE,FALSE,TRUE,FALSE,FALSE,FALSE,TRUE,FALSE,FALSE,-1.052522496
1519,,2023-03-12 0:00,0.0844915329,0.919572514,2.129721205,0.127556512,1.328178618,-0.81477836,FALSE,FALSE,FALSE,FALSE,FALSE,TRUE,FALSE,FALSE,TRUE,FALSE,FALSE,-0.94270789
2598,,2023-03-14 0:00,0.0844915329,0.238174546,0.934690539,-0.313685113,1.318937445,-0.964501105,FALSE,FALSE,FALSE,FALSE,FALSE,FALSE,TRUE,FALSE,TRUE,FALSE,FALSE,-1.240776107
1909,,2023-03-15 0:00,-0.143034019,0.43586408,1.084069372,-0.313685113,1.339097193,-0.705027795,TRUE,FALSE,FALSE,FALSE,FALSE,FALSE,FALSE,FALSE,TRUE,FALSE,FALSE,-1.052522496
2046,,2023-03-16 0:00,0.149498833,1.096231247,0.187796372,-0.313685113,1.386287997,-0.477752171,FALSE,TRUE,FALSE,FALSE,FALSE,FALSE,FALSE,FALSE,TRUE,FALSE,FALSE,-1.248620007
3133,,2023-03-17 0:00,-0.143034019,0.305473111,-0.857855462,-0.313685113,1.409170357,-0.195614302,FALSE,FALSE,TRUE,FALSE,FALSE,FALSE,FALSE,FALSE,TRUE,FALSE,FALSE,-1.225088306
8457,,2023-03-18 0:00,-0.0130194179,1.028932682,0.486554039,-0.313685113,1.472372275,-0.208252126,FALSE,FALSE,FALSE,TRUE,FALSE,FALSE,FALSE,FALSE,TRUE,FALSE,FALSE,-1.279995609
6002,,2023-03-19 0:00,0.0844915329,2.446408702,-0.260340128,-0.313685113,1.603767524,-0.201498502,FALSE,FALSE,FALSE,FALSE,TRUE,FALSE,FALSE,FALSE,TRUE,FALSE,FALSE,-1.201556605
3390,,2023-03-21 0:00,0.116995183,1.121468208,-0.857855462,-0.313685113,2.013710327,-0.684053165,FALSE,FALSE,FALSE,FALSE,FALSE,TRUE,FALSE,FALSE,TRUE,FALSE,FALSE,-0.974083492
3211,,2023-03-22 0:00,0.0519878826,1.382250147,-0.708476628,-0.313685113,2.067966772,-0.0469852021,FALSE,FALSE,FALSE,FALSE,FALSE,FALSE,TRUE,FALSE,TRUE,FALSE,FALSE,-1.232932206
2799,,2023-03-23 0:00,-0.890617976,2.900674014,0.337175205,-0.313685113,2.112823934,0.252789814,TRUE,FALSE,FALSE,FALSE,FALSE,FALSE,FALSE,FALSE,TRUE,FALSE,FALSE,-1.028990795
4446,,2023-03-24 0:00,-0.403063221,4.503221087,0.0384175385,-0.313685113,2.203640272,-0.877793423,FALSE,TRUE,FALSE,FALSE,FALSE,FALSE,FALSE,FALSE,TRUE,FALSE,FALSE,-1.178024903
12341,,2023-03-25 0:00,-0.338055921,2.740839923,0.0384175385,-0.313685113,2.358047498,-0.762855189,FALSE,FALSE,TRUE,FALSE,FALSE,FALSE,FALSE,FALSE,TRUE,FALSE,FALSE,-1.225088306
12079,,2023-03-26 0:00,-0.30555227,1.184560613,1.980342372,-0.313685113,2.562497694,-0.250075985,FALSE,FALSE,FALSE,TRUE,FALSE,FALSE,FALSE,FALSE,TRUE,FALSE,FALSE,-1.240776107
6245,,2023-03-28 0:00,-0.24054497,1.277096139,-0.260340128,-0.313685113,4.622819061,-0.591263844,FALSE,FALSE,FALSE,FALSE,TRUE,FALSE,FALSE,FALSE,TRUE,FALSE,FALSE,-1.060366397
13833,,2023-03-29 0:00,-0.175537669,1.882783222,-0.559097795,-0.313685113,4.843021139,-0.569341393,FALSE,FALSE,FALSE,FALSE,FALSE,TRUE,FALSE,FALSE,TRUE,FALSE,FALSE,-0.974083492
9810,,2023-03-30 0:00,-0.24054497,1.811278497,-0.110961295,-0.313685113,5.069511037,-0.284385974,FALSE,FALSE,FALSE,FALSE,FALSE,FALSE,TRUE,FALSE,TRUE,FALSE,FALSE,-1.1152737
9524,,2023-03-31 0:00,-0.175537669,2.681953679,-0.260340128,-0.313685113,5.254060719,-0.402638093,TRUE,FALSE,FALSE,FALSE,FALSE,FALSE,FALSE,FALSE,TRUE,FALSE,FALSE,-1.052522496
18011,,2023-04-01 0:00,0.0194842324,2.248719168,-0.708476628,-0.313685113,5.408403167,-0.525086048,FALSE,TRUE,FALSE,FALSE,FALSE,FALSE,FALSE,FALSE,TRUE,FALSE,FALSE,-1.154493202
14733,,2023-04-02 0:00,0.182002484,0.549430408,0.187796372,-0.313685113,5.405291645,-0.282090846,FALSE,FALSE,TRUE,FALSE,FALSE,FALSE,FALSE,FALSE,TRUE,FALSE,FALSE,-1.193712704
5915,,2023-04-04 0:00,0.214506134,0.107783577,0.486554039,0.229987604,3.860298863,0.262505997,FALSE,FALSE,FALSE,TRUE,FALSE,FALSE,FALSE,FALSE,TRUE,FALSE,FALSE,-1.240776107
821,,2023-04-05 0:00,0.214506134,-0.708211521,1.681584705,3.649610197,3.588951863,0.521745859,FALSE,FALSE,FALSE,FALSE,TRUE,FALSE,FALSE,FALSE,TRUE,FALSE,FALSE,-1.021146895
2135,,2023-04-06 0:00,0.344520735,0.831243148,0.337175205,-0.100943615,3.322985065,0.507639194,FALSE,FALSE,FALSE,FALSE,FALSE,TRUE,FALSE,FALSE,TRUE,FALSE,FALSE,-1.005459094
5018,,2023-04-07 0:00,0.377024385,1.84492778,0.934690539,-0.313685113,3.055008819,0.191747589,FALSE,FALSE,FALSE,FALSE,FALSE,FALSE,TRUE,FALSE,TRUE,FALSE,FALSE,-1.060366397
10610,,2023-04-08 0:00,0.409528036,0.128814378,1.382827039,-0.313685113,2.725775265,-0.116184095,TRUE,FALSE,FALSE,FALSE,FALSE,FALSE,FALSE,FALSE,TRUE,FALSE,FALSE,-1.076054198
7773,,2023-04-09 0:00,0.409528036,1.028932682,0.337175205,-0.313685113,2.491506745,-0.0688327742,FALSE,TRUE,FALSE,FALSE,FALSE,FALSE,FALSE,FALSE,TRUE,FALSE,FALSE,-1.076054198
1574,,2023-04-11 0:00,0.507038987,0.843861629,1.980342372,-0.0851849854,1.334165564,-0.419458673,FALSE,FALSE,TRUE,FALSE,FALSE,FALSE,FALSE,FALSE,TRUE,FALSE,FALSE,-0.997615193
3245,,2023-04-12 0:00,0.637053588,9.668385932,0.635932872,-0.313685113,1.336369528,-0.350830098,FALSE,FALSE,FALSE,TRUE,FALSE,FALSE,FALSE,FALSE,TRUE,FALSE,FALSE,-0.919176189
2885,,2023-04-13 0:00,0.149498833,6.589476595,-0.708476628,-0.313685113,1.296309204,-0.0564670148,FALSE,FALSE,FALSE,FALSE,TRUE,FALSE,FALSE,FALSE,TRUE,FALSE,FALSE,-0.809361583
3681,,2023-04-14 0:00,-0.27304862,2.450614862,-1.007234295,-0.313685113,1.244127107,0.193230628,FALSE,FALSE,FALSE,FALSE,FALSE,TRUE,FALSE,FALSE,TRUE,FALSE,FALSE,-0.683859176
5527,,2023-04-15 0:00,-0.110530369,1.020520361,-0.110961295,0.048763365,1.153051476,0.357846265,FALSE,FALSE,FALSE,FALSE,FALSE,FALSE,TRUE,FALSE,TRUE,FALSE,FALSE,-0.785829882
4653,,2023-04-16 0:00,0.0194842324,2.925910976,0.337175205,-0.313685113,1.087126947,0.627014913,TRUE,FALSE,FALSE,FALSE,FALSE,FALSE,FALSE,FALSE,TRUE,FALSE,FALSE,-0.801517683
2435,,2023-04-18 0:00,0.409528036,0.351740874,0.635932872,-0.195495392,0.829213771,0.890752606,FALSE,TRUE,FALSE,FALSE,FALSE,FALSE,FALSE,FALSE,TRUE,FALSE,FALSE,-0.825049384
3528,,2023-04-19 0:00,0.539542637,-0.0520505144,0.187796372,-0.313685113,0.82765801,0.912450083,FALSE,FALSE,TRUE,FALSE,FALSE,FALSE,FALSE,FALSE,TRUE,FALSE,FALSE,-0.958395691
2578,,2023-04-20 0:00,0.507038987,-0.430604941,0.187796372,-0.274288539,0.832584525,0.636680047,FALSE,FALSE,FALSE,TRUE,FALSE,FALSE,FALSE,FALSE,TRUE,FALSE,FALSE,-0.911332289
3518,,2023-04-21 0:00,0.702060888,0.675615217,0.337175205,-0.313685113,0.860782311,-0.682370976,FALSE,FALSE,FALSE,FALSE,TRUE,FALSE,FALSE,FALSE,TRUE,FALSE,FALSE,-0.75445428
7539,,2023-04-22 0:00,0.767068189,0.852273949,0.486554039,-0.313685113,0.906028383,-0.953680164,FALSE,FALSE,FALSE,FALSE,FALSE,TRUE,FALSE,FALSE,TRUE,FALSE,FALSE,-0.75445428
4810,,2023-04-23 0:00,0.86457914,0.751326102,-0.260340128,-0.313685113,0.917437174,-0.539763384,FALSE,FALSE,FALSE,FALSE,FALSE,FALSE,TRUE,FALSE,TRUE,FALSE,FALSE,-0.75445428
2035,,2023-04-25 0:00,0.86457914,-0.0520505144,-0.559097795,-0.282167854,1.568034825,-0.359906401,TRUE,FALSE,FALSE,FALSE,FALSE,FALSE,FALSE,FALSE,TRUE,FALSE,FALSE,-0.825049384
2366,,2023-04-26 0:00,0.994593741,-0.317038613,1.233448205,-0.313685113,1.570433244,-0.241575396,FALSE,TRUE,FALSE,FALSE,FALSE,FALSE,FALSE,FALSE,TRUE,FALSE,FALSE,-0.770142081
3117,,2023-04-27 0:00,1.027097391,0.0404850121,-0.559097795,-0.313685113,1.610104659,0.0734070866,FALSE,FALSE,TRUE,FALSE,FALSE,FALSE,FALSE,FALSE,TRUE,FALSE,FALSE,-0.895644488
4065,,2023-04-28 0:00,1.092104692,-0.0141950718,-0.260340128,-0.163978133,1.606604227,-0.236443101,FALSE,FALSE,FALSE,TRUE,FALSE,FALSE,FALSE,FALSE,TRUE,FALSE,FALSE,-0.864268886
3846,,2023-04-29 0:00,1.092104692,-0.325450934,0.934690539,1.664022885,1.560320981,-0.151832071,FALSE,FALSE,FALSE,FALSE,TRUE,FALSE,FALSE,FALSE,TRUE,FALSE,FALSE,-0.75445428
6358,,2023-04-30 0:00,1.059601041,0.095165096,1.532205872,-0.305805798,1.647766564,0.0242093042,FALSE,FALSE,FALSE,FALSE,FALSE,TRUE,FALSE,FALSE,TRUE,FALSE,FALSE,-0.75445428
2856,,2023-05-01 0:00,1.027097391,0.381183996,0.337175205,-0.313685113,1.077548856,0.264571974,FALSE,FALSE,FALSE,FALSE,FALSE,FALSE,TRUE,FALSE,TRUE,FALSE,FALSE,-0.785829882
4155,,2023-05-02 0:00,1.027097391,-0.165616842,-0.260340128,-0.313685113,1.109895276,-0.307891978,TRUE,FALSE,FALSE,FALSE,FALSE,FALSE,FALSE,FALSE,TRUE,FALSE,FALSE,-0.817205484
3823,,2023-05-03 0:00,1.059601041,0.196112943,-0.260340128,-0.313685113,1.100366378,-0.438342767,FALSE,TRUE,FALSE,FALSE,FALSE,FALSE,FALSE,FALSE,TRUE,FALSE,FALSE,-0.903488388
3808,,2023-05-04 0:00,0.539542637,0.322297752,-0.260340128,-0.313685113,1.042803957,-0.0452319864,FALSE,FALSE,TRUE,FALSE,FALSE,FALSE,FALSE,FALSE,TRUE,FALSE,FALSE,-0.75445428
1539,,2023-05-05 0:00,0.539542637,-0.931138017,0.337175205,2.065867936,0.969554493,-0.21553571,FALSE,FALSE,FALSE,TRUE,FALSE,FALSE,FALSE,FALSE,TRUE,FALSE,FALSE,-0.683859176
4188,,2023-05-06 0:00,0.507038987,-0.939550337,4.669161372,3.428989385,0.918215055,0.453717686,FALSE,FALSE,FALSE,FALSE,TRUE,FALSE,FALSE,FALSE,TRUE,FALSE,FALSE,-0.628951873
4044,,2023-05-07 0:00,0.507038987,-0.13196756,0.486554039,-0.313685113,0.809442872,-0.211735982,FALSE,FALSE,FALSE,FALSE,FALSE,TRUE,FALSE,FALSE,TRUE,FALSE,FALSE,-0.676015276
4326,,2023-05-09 0:00,0.474535336,0.562048889,0.0384175385,-0.313685113,1.182097094,0.420017927,FALSE,FALSE,FALSE,FALSE,FALSE,FALSE,TRUE,FALSE,TRUE,FALSE,FALSE,-0.597576272
2939,,2023-05-10 0:00,0.637053588,0.784975385,-0.708476628,-0.313685113,1.178596662,0.795654648,TRUE,FALSE,FALSE,FALSE,FALSE,FALSE,FALSE,FALSE,TRUE,FALSE,FALSE,-0.707390878
3213,,2023-05-11 0:00,0.637053588,0.587285851,0.0384175385,-0.313685113,1.200960435,0.573725377,FALSE,TRUE,FALSE,FALSE,FALSE,FALSE,FALSE,FALSE,TRUE,FALSE,FALSE,-0.730922579
4942,,2023-05-12 0:00,0.92958644,0.72188298,-0.708476628,-0.313685113,1.237974138,0.46140311,FALSE,FALSE,TRUE,FALSE,FALSE,FALSE,FALSE,FALSE,TRUE,FALSE,FALSE,-0.785829882
6329,,2023-05-13 0:00,0.92958644,0.250793027,-0.409718961,-0.313685113,1.291387863,-0.390697842,FALSE,FALSE,FALSE,TRUE,FALSE,FALSE,FALSE,FALSE,TRUE,FALSE,FALSE,-0.526981168
4129,,2023-05-14 0:00,0.89708279,-0.485285025,-0.409718961,-0.313685113,1.298388665,-0.477646619,FALSE,FALSE,FALSE,FALSE,TRUE,FALSE,FALSE,FALSE,TRUE,FALSE,FALSE,-0.495605566
2970,,2023-05-16 0:00,0.962090091,0.932190995,0.337175205,-0.313685113,0.574448281,-0.0994527218,FALSE,FALSE,FALSE,FALSE,FALSE,TRUE,FALSE,FALSE,TRUE,FALSE,FALSE,-0.519137267
2614,,2023-05-17 0:00,1.059601041,0.0236603709,1.681584705,-0.313685113,0.554482988,0.17107678,FALSE,FALSE,FALSE,FALSE,FALSE,FALSE,TRUE,FALSE,TRUE,FALSE,FALSE,-0.38579096
2228,,2023-05-18 0:00,0.89708279,-0.0436381938,-0.260340128,-0.211254021,0.530952424,-0.421560629,TRUE,FALSE,FALSE,FALSE,FALSE,FALSE,FALSE,FALSE,TRUE,FALSE,FALSE,-0.613264073
3826,,2023-05-19 0:00,0.669557238,-0.502109666,0.0384175385,-0.313685113,0.529266986,-0.269587264,FALSE,TRUE,FALSE,FALSE,FALSE,FALSE,FALSE,FALSE,TRUE,FALSE,FALSE,-0.56620067
5473,,2023-05-20 0:00,0.572046287,-0.434811101,1.084069372,-0.313685113,0.518636137,0.128452908,FALSE,FALSE,TRUE,FALSE,FALSE,FALSE,FALSE,FALSE,TRUE,FALSE,FALSE,-0.668171376
4171,,2023-05-21 0:00,0.474535336,1.70612449,1.084069372,-0.297926483,0.505995777,0.548397085,FALSE,FALSE,FALSE,TRUE,FALSE,FALSE,FALSE,FALSE,TRUE,FALSE,FALSE,-0.503449467
2759,,2023-05-23 0:00,0.247009784,1.222416056,-0.110961295,-0.313685113,0.367514127,0.666336183,FALSE,FALSE,FALSE,FALSE,TRUE,FALSE,FALSE,FALSE,TRUE,FALSE,FALSE,-0.542668969
2341,,2023-05-24 0:00,0.377024385,0.1582575,-0.409718961,-0.313685113,0.352604904,0.688658485,FALSE,FALSE,FALSE,FALSE,FALSE,TRUE,FALSE,FALSE,TRUE,FALSE,FALSE,-0.472073865
2367,,2023-05-25 0:00,0.572046287,-0.0562566747,0.187796372,-0.313685113,0.332898844,0.0101419096,FALSE,FALSE,FALSE,FALSE,FALSE,FALSE,TRUE,FALSE,TRUE,FALSE,FALSE,-0.511293367
2461,,2023-05-26 0:00,0.669557238,-0.13617372,-0.260340128,-0.274288539,0.305025191,-0.448719199,TRUE,FALSE,FALSE,FALSE,FALSE,FALSE,FALSE,FALSE,TRUE,FALSE,FALSE,-0.511293367
2565,,2023-05-27 0:00,0.637053588,-0.216090766,-0.857855462,2.191936972,0.242925225,0.239181836,FALSE,TRUE,FALSE,FALSE,FALSE,FALSE,FALSE,FALSE,TRUE,FALSE,FALSE,-0.589732371
1777,,2023-05-28 0:00,0.637053588,-1.011055062,-0.708476628,2.979868445,0.206689403,0.21936303,FALSE,FALSE,TRUE,FALSE,FALSE,FALSE,FALSE,FALSE,TRUE,FALSE,FALSE,-0.57404457
2633,,2023-05-29 0:00,0.604549937,-0.897488734,-1.007234295,-0.132460874,0.254593249,0.384564066,FALSE,FALSE,FALSE,TRUE,FALSE,FALSE,FALSE,FALSE,TRUE,FALSE,FALSE,-0.479917765
4363,,2023-05-31 0:00,0.572046287,-0.291801651,0.337175205,-0.313685113,0.241758374,0.548613433,FALSE,FALSE,FALSE,FALSE,TRUE,FALSE,FALSE,FALSE,TRUE,FALSE,FALSE,-0.448542164
2448,,2023-06-01 0:00,0.539542637,0.14563902,-0.559097795,-0.313685113,0.237804194,0.696877948,FALSE,FALSE,FALSE,FALSE,FALSE,TRUE,FALSE,FALSE,TRUE,FALSE,FALSE,-0.432854363
2957,,2023-06-02 0:00,-0.0130194179,-0.178235323,0.0384175385,-0.313685113,0.230219966,0.579383234,FALSE,FALSE,FALSE,FALSE,FALSE,FALSE,TRUE,FALSE,TRUE,FALSE,FALSE,-0.464229964
5208,,2023-06-03 0:00,-0.0130194179,-0.0520505144,0.635932872,-0.313685113,0.298866986,0.377962653,TRUE,FALSE,FALSE,FALSE,FALSE,FALSE,FALSE,FALSE,TRUE,FALSE,FALSE,-0.393634861
4649,,2023-06-04 0:00,0.0194842324,0.0741342945,0.187796372,-0.313685113,0.365699012,0.478174429,FALSE,TRUE,FALSE,FALSE,FALSE,FALSE,FALSE,FALSE,TRUE,FALSE,FALSE,-0.487761666
4684,,2023-06-06 0:00,-0.0130194179,-0.607263674,0.486554039,-0.313685113,0.161689656,0.747277818,FALSE,FALSE,TRUE,FALSE,FALSE,FALSE,FALSE,FALSE,TRUE,FALSE,FALSE,-0.534825068
2503,,2023-06-07 0:00,-0.0780267185,-0.0310197129,-0.260340128,-0.313685113,0.138807296,1.113372653,FALSE,FALSE,FALSE,TRUE,FALSE,FALSE,FALSE,FALSE,TRUE,FALSE,FALSE,-0.425010462
1465,,2023-06-08 0:00,-0.0455230682,-0.569408231,0.187796372,-0.163978133,0.113915488,0.919701662,FALSE,FALSE,FALSE,FALSE,TRUE,FALSE,FALSE,FALSE,TRUE,FALSE,FALSE,-0.370103159
1944,,2023-06-09 0:00,-0.435566872,-0.451635743,-0.409718961,-0.219133336,0.0851342773,0.551910886,FALSE,FALSE,FALSE,FALSE,FALSE,TRUE,FALSE,FALSE,TRUE,FALSE,FALSE,-0.432854363
3206,,2023-06-10 0:00,-0.435566872,-0.0184012321,0.0384175385,-0.250650595,0.00566189228,0.828779853,FALSE,FALSE,FALSE,FALSE,FALSE,FALSE,TRUE,FALSE,TRUE,FALSE,FALSE,-0.456386064
2677,,2023-06-11 0:00,-0.468070522,-0.55678975,-0.110961295,2.223454231,-0.0773757629,0.651284152,TRUE,FALSE,FALSE,FALSE,FALSE,FALSE,FALSE,FALSE,TRUE,FALSE,FALSE,-0.472073865
2338,,2023-06-13 0:00,-1.085639877,-0.333863254,-0.110961295,-0.313685113,-0.151828302,0.223491731,FALSE,TRUE,FALSE,FALSE,FALSE,FALSE,FALSE,FALSE,TRUE,FALSE,FALSE,-0.472073865
1701,,2023-06-14 0:00,-0.955625276,-0.249740048,-1.156613128,2.097385195,-0.159412529,0.633115004,FALSE,FALSE,TRUE,FALSE,FALSE,FALSE,FALSE,FALSE,TRUE,FALSE,FALSE,-0.56620067
1868,,2023-06-15 0:00,-0.890617976,-0.178235323,-0.260340128,-0.313685113,-0.156430746,0.820909795,FALSE,FALSE,FALSE,TRUE,FALSE,FALSE,FALSE,FALSE,TRUE,FALSE,FALSE,-0.464229964
1912,,2023-06-16 0:00,-1.053136227,-0.350687896,-0.260340128,-0.313685113,-0.14955956,0.807905278,FALSE,FALSE,FALSE,FALSE,TRUE,FALSE,FALSE,FALSE,TRUE,FALSE,FALSE,-0.503449467
3581,,2023-06-17 0:00,-0.955625276,-0.535758949,-0.409718961,-0.313685113,-0.135493117,0.906635709,FALSE,FALSE,FALSE,FALSE,FALSE,TRUE,FALSE,FALSE,TRUE,FALSE,FALSE,-0.323039757
2200,,2023-06-18 0:00,-0.890617976,-0.325450934,-0.409718961,-0.313685113,-0.139447297,0.790407598,FALSE,FALSE,FALSE,FALSE,FALSE,FALSE,TRUE,FALSE,TRUE,FALSE,FALSE,-0.519137267
2148,,2023-06-20 0:00,-0.890617976,0.0404850121,-0.559097795,0.19059103,-0.345761801,0.202065796,TRUE,FALSE,FALSE,FALSE,FALSE,FALSE,FALSE,FALSE,TRUE,FALSE,FALSE,-0.519137267
1225,,2023-06-21 0:00,-0.468070522,-0.98161194,-0.260340128,1.648264256,-0.358337322,0.0453507284,FALSE,TRUE,FALSE,FALSE,FALSE,FALSE,FALSE,FALSE,TRUE,FALSE,FALSE,-0.503449467
2160,,2023-06-22 0:00,-0.435566872,-0.657737597,-0.110961295,-0.313685113,-0.357300148,0.644463503,FALSE,FALSE,TRUE,FALSE,FALSE,FALSE,FALSE,FALSE,TRUE,FALSE,FALSE,-0.519137267
1998,,2023-06-23 0:00,-0.143034019,-0.0352258732,-1.156613128,-0.313685113,-0.371301813,0.896240779,FALSE,FALSE,FALSE,TRUE,FALSE,FALSE,FALSE,FALSE,TRUE,FALSE,FALSE,-0.417166562
3311,,2023-06-24 0:00,-0.110530369,0.120402058,-0.409718961,-0.313685113,-0.386470268,0.885476896,FALSE,FALSE,FALSE,FALSE,TRUE,FALSE,FALSE,FALSE,TRUE,FALSE,FALSE,-0.354415358
1903,,2023-06-25 0:00,-0.0780267185,-0.1277614,-0.260340128,-0.313685113,-0.404555729,0.809588681,FALSE,FALSE,FALSE,FALSE,FALSE,TRUE,FALSE,FALSE,FALSE,TRUE,FALSE,-0.38579096
2120,,2023-06-27 0:00,-0.27304862,-0.628294475,1.382827039,-0.116702244,-0.501133508,0.439327927,FALSE,FALSE,FALSE,FALSE,FALSE,FALSE,TRUE,FALSE,FALSE,TRUE,FALSE,-0.401478761
2959,,2023-06-28 0:00,0.0194842324,-0.232915407,0.337175205,-0.313685113,-0.509495616,0.815503007,TRUE,FALSE,FALSE,FALSE,FALSE,FALSE,FALSE,FALSE,FALSE,TRUE,FALSE,-0.495605566
251,,2023-06-29 0:00,0.344520735,-0.148792201,0.0384175385,4.713317686,-0.551046863,0.814087264,FALSE,TRUE,FALSE,FALSE,FALSE,FALSE,FALSE,FALSE,FALSE,TRUE,FALSE,-0.432854363
1490,,2023-06-30 0:00,0.409528036,-0.060462835,-0.708476628,-0.234891965,-0.571595582,0.680966251,FALSE,FALSE,TRUE,FALSE,FALSE,FALSE,FALSE,FALSE,FALSE,TRUE,FALSE,-0.330883657
3377,,2023-07-01 0:00,0.279513435,-0.300213972,-0.409718961,-0.313685113,-0.59058854,0.486298051,FALSE,FALSE,FALSE,TRUE,FALSE,FALSE,FALSE,FALSE,FALSE,TRUE,FALSE,-0.409322661
2489,,2023-07-02 0:00,0.182002484,-0.624088315,-0.559097795,-0.313685113,-0.597589342,0.565554619,FALSE,FALSE,FALSE,FALSE,TRUE,FALSE,FALSE,FALSE,FALSE,TRUE,FALSE,-0.338727558
1370,,2023-07-04 0:00,-0.143034019,-0.157204522,0.0384175385,4.555731392,-1.13388417,0.400119139,FALSE,FALSE,FALSE,FALSE,FALSE,TRUE,FALSE,FALSE,FALSE,TRUE,FALSE,-0.495605566
1473,,2023-07-05 0:00,-0.20804132,-0.375924857,2.129721205,0.891850041,-1.133430422,0.895011603,FALSE,FALSE,FALSE,FALSE,FALSE,FALSE,TRUE,FALSE,FALSE,TRUE,FALSE,-0.393634861
1288,,2023-07-06 0:00,-0.175537669,0.427451759,0.635932872,-0.313685113,-1.112752026,0.81070578,TRUE,FALSE,FALSE,FALSE,FALSE,FALSE,FALSE,FALSE,FALSE,TRUE,FALSE,-0.534825068
1366,,2023-07-07 0:00,-0.0455230682,0.330710073,0.0384175385,-0.313685113,-1.107501378,0.625319824,FALSE,TRUE,FALSE,FALSE,FALSE,FALSE,FALSE,FALSE,FALSE,TRUE,FALSE,-0.511293367
2853,,2023-07-08 0:00,-0.0455230682,-0.943756497,-0.110961295,-0.313685113,-1.102510086,0.705251421,FALSE,FALSE,TRUE,FALSE,FALSE,FALSE,FALSE,FALSE,FALSE,TRUE,FALSE,-0.425010462
1329,,2023-07-09 0:00,-0.0780267185,-0.809159368,-0.409718961,3.428989385,-1.111714913,0.691656059,FALSE,FALSE,FALSE,TRUE,FALSE,FALSE,FALSE,FALSE,FALSE,TRUE,FALSE,-0.38579096
612,,2023-07-11 0:00,-0.468070522,-0.657737597,-0.559097795,4.279955376,-0.892537041,0.422668295,FALSE,FALSE,FALSE,FALSE,TRUE,FALSE,FALSE,FALSE,FALSE,TRUE,FALSE,-0.330883657
1355,,2023-07-12 0:00,-0.598085123,-0.472666544,-1.156613128,-0.258529909,-0.894416934,0.751142266,FALSE,FALSE,FALSE,FALSE,FALSE,TRUE,FALSE,FALSE,FALSE,TRUE,FALSE,-0.448542164
561,,2023-07-13 0:00,-1.020632577,-0.485285025,-1.007234295,6.903767182,-0.91075218,0.929542358,FALSE,FALSE,FALSE,FALSE,FALSE,FALSE,TRUE,FALSE,FALSE,TRUE,FALSE,-0.417166562
650,,2023-07-14 0:00,-1.41067638,-0.788128566,0.934690539,5.414576697,-0.933504923,1.068838821,TRUE,FALSE,FALSE,FALSE,FALSE,FALSE,FALSE,FALSE,FALSE,TRUE,FALSE,-0.432854363
1746,,2023-07-15 0:00,-1.37817273,-0.514728147,1.084069372,-0.132460874,-0.960859989,1.194210406,FALSE,TRUE,FALSE,FALSE,FALSE,FALSE,FALSE,FALSE,FALSE,TRUE,FALSE,-0.456386064
1835,,2023-07-16 0:00,-1.37817273,-0.165616842,0.0384175385,0.450608416,-0.949256743,1.48227847,FALSE,FALSE,TRUE,FALSE,FALSE,FALSE,FALSE,FALSE,FALSE,TRUE,FALSE,-0.393634861
1834,,2023-07-18 0:00,-1.44318003,-0.872251772,-1.305991962,-0.132460874,-1.013812174,1.027039088,FALSE,FALSE,FALSE,TRUE,FALSE,FALSE,FALSE,FALSE,FALSE,TRUE,FALSE,-0.37794706
1326,,2023-07-19 0:00,-1.313165429,-0.296007812,-0.857855462,-0.313685113,-1.012645323,0.257194408,FALSE,FALSE,FALSE,FALSE,TRUE,FALSE,FALSE,FALSE,FALSE,TRUE,FALSE,-0.37794706
1096,,2023-07-20 0:00,-1.248158129,0.71767682,-0.708476628,-0.313685113,-1.00920973,0.65274722,FALSE,FALSE,FALSE,FALSE,FALSE,TRUE,FALSE,FALSE,FALSE,TRUE,FALSE,-0.464229964
1094,,2023-07-21 0:00,-0.760603374,1.083612766,-0.708476628,-0.313685113,-1.00052349,0.848559083,FALSE,FALSE,FALSE,FALSE,FALSE,FALSE,TRUE,FALSE,FALSE,TRUE,FALSE,-0.37794706
1360,,2023-07-22 0:00,-0.793107025,-0.115142919,0.486554039,0.655470599,-1.004672124,1.122106834,TRUE,FALSE,FALSE,FALSE,FALSE,FALSE,FALSE,FALSE,FALSE,TRUE,FALSE,-0.464229964
977,,2023-07-23 0:00,-0.825610675,-1.040498184,-0.260340128,2.85379941,-1.008237395,1.367814976,FALSE,TRUE,FALSE,FALSE,FALSE,FALSE,FALSE,FALSE,FALSE,TRUE,FALSE,-0.432854363
1801,,2023-07-25 0:00,-0.988128926,-0.70400536,0.635932872,0.127556512,-0.518708115,0.680766291,FALSE,FALSE,TRUE,FALSE,FALSE,FALSE,FALSE,FALSE,FALSE,TRUE,FALSE,-0.362259259
2830,,2023-07-26 0:00,-0.988128926,-0.910107215,-0.110961295,-0.234891965,-0.506327049,0.981146071,FALSE,FALSE,FALSE,TRUE,FALSE,FALSE,FALSE,FALSE,FALSE,TRUE,FALSE,-0.291664155
1582,,2023-07-27 0:00,-0.988128926,-0.586232872,-0.559097795,-0.313685113,-0.486685827,1.048396405,FALSE,FALSE,FALSE,FALSE,TRUE,FALSE,FALSE,FALSE,FALSE,TRUE,FALSE,-0.213225151
1460,,2023-07-28 0:00,-0.988128926,-0.161410682,-0.260340128,-0.313685113,-0.456154461,0.596991903,FALSE,FALSE,FALSE,FALSE,FALSE,TRUE,FALSE,FALSE,FALSE,TRUE,FALSE,-0.213225151
2170,,2023-07-29 0:00,-0.988128926,-0.253946209,-0.409718961,-0.313685113,-0.428280808,0.776992781,FALSE,FALSE,FALSE,FALSE,FALSE,FALSE,TRUE,FALSE,FALSE,TRUE,FALSE,-0.283820255
1573,,2023-07-30 0:00,-1.020632577,-0.825984009,-0.559097795,1.65614357,-0.409028496,1.174221876,TRUE,FALSE,FALSE,FALSE,FALSE,FALSE,FALSE,FALSE,FALSE,TRUE,FALSE,-0.291664155
2028,,2023-08-01 0:00,-0.825610675,-0.232915407,-0.559097795,-0.313685113,-0.641393867,1.042947841,FALSE,TRUE,FALSE,FALSE,FALSE,FALSE,FALSE,FALSE,FALSE,TRUE,FALSE,-0.275976354
1439,,2023-08-02 0:00,-0.30555227,-0.0436381938,-0.260340128,-0.313685113,-0.638736154,1.372240541,FALSE,FALSE,TRUE,FALSE,FALSE,FALSE,FALSE,FALSE,FALSE,TRUE,FALSE,-0.20538125
1360,,2023-08-03 0:00,-0.24054497,-0.531552788,-0.260340128,-0.313685113,-0.634522681,0.894194414,FALSE,FALSE,FALSE,TRUE,FALSE,FALSE,FALSE,FALSE,FALSE,TRUE,FALSE,-0.150473947
1367,,2023-08-04 0:00,0.0194842324,-0.586232872,-0.559097795,-0.313685113,-0.650533795,0.784773804,FALSE,FALSE,FALSE,FALSE,TRUE,FALSE,FALSE,FALSE,FALSE,TRUE,FALSE,-0.189693449
1557,,2023-08-05 0:00,0.0194842324,-0.594645193,-0.409718961,-0.313685113,-0.669526813,1.206612196,FALSE,FALSE,FALSE,FALSE,FALSE,TRUE,FALSE,FALSE,FALSE,TRUE,FALSE,-0.283820255
1365,,2023-08-06 0:00,-0.0130194179,-0.548377429,-0.857855462,0.0724013092,-0.689556945,1.219663612,FALSE,FALSE,FALSE,FALSE,FALSE,FALSE,TRUE,FALSE,FALSE,TRUE,FALSE,-0.134786147
1705,,2023-08-08 0:00,0.312017085,-1.112002909,0.934690539,-0.313685113,-0.527876717,0.969512794,TRUE,FALSE,FALSE,FALSE,FALSE,FALSE,FALSE,FALSE,FALSE,TRUE,FALSE,-0.221069051
1744,,2023-08-09 0:00,0.344520735,-1.095178268,1.382827039,-0.297926483,-0.549916358,0.758182112,FALSE,TRUE,FALSE,FALSE,FALSE,FALSE,FALSE,FALSE,FALSE,TRUE,FALSE,-0.221069051
230,,2023-08-10 0:00,0.312017085,-1.225569237,2.129721205,6.470404871,-0.576752898,0.992011834,FALSE,FALSE,TRUE,FALSE,FALSE,FALSE,FALSE,FALSE,FALSE,TRUE,FALSE,-0.174005649
1000,,2023-08-11 0:00,0.539542637,-0.754479284,0.0384175385,3.365954867,-0.572409809,0.563151127,FALSE,FALSE,FALSE,TRUE,FALSE,FALSE,FALSE,FALSE,FALSE,TRUE,FALSE,-0.134786147
2975,,2023-08-12 0:00,0.637053588,-0.640912956,-0.559097795,-0.195495392,-0.530793723,0.868869267,FALSE,FALSE,FALSE,FALSE,TRUE,FALSE,FALSE,FALSE,FALSE,TRUE,FALSE,-0.0563471422
3480,,2023-08-13 0:00,0.702060888,-0.253946209,-0.857855462,-0.313685113,-0.47452783,0.703287338,FALSE,FALSE,FALSE,FALSE,FALSE,TRUE,FALSE,FALSE,FALSE,TRUE,FALSE,-0.213225151
2854,,2023-08-15 0:00,0.92958644,-0.367512537,0.0384175385,-0.313685113,-0.780228142,0.592097451,FALSE,FALSE,FALSE,FALSE,FALSE,FALSE,TRUE,FALSE,FALSE,TRUE,FALSE,-0.166161748
1803,,2023-08-16 0:00,1.059601041,-0.645119116,-0.260340128,-0.290047168,-0.756827195,0.650770842,TRUE,FALSE,FALSE,FALSE,FALSE,FALSE,FALSE,FALSE,FALSE,TRUE,FALSE,-0.268132454
1337,,2023-08-17 0:00,1.157111992,-0.392749498,-0.857855462,-0.313685113,-0.734787554,0.710035486,FALSE,TRUE,FALSE,FALSE,FALSE,FALSE,FALSE,FALSE,FALSE,TRUE,FALSE,-0.166161748
1557,,2023-08-18 0:00,0.962090091,0.0404850121,-0.559097795,-0.305805798,-0.730444464,0.842344103,FALSE,FALSE,TRUE,FALSE,FALSE,FALSE,FALSE,FALSE,FALSE,TRUE,FALSE,-0.111254445
2220,,2023-08-19 0:00,0.994593741,-0.249740048,-0.559097795,-0.313685113,-0.757151327,0.790144376,FALSE,FALSE,FALSE,TRUE,FALSE,FALSE,FALSE,FALSE,FALSE,TRUE,FALSE,-0.032815441
1888,,2023-08-20 0:00,1.059601041,-0.321244773,-1.007234295,-0.313685113,-0.806805327,1.101404625,FALSE,FALSE,FALSE,FALSE,TRUE,FALSE,FALSE,FALSE,FALSE,TRUE,FALSE,-0.111254445
1176,,2023-08-22 0:00,0.962090091,-0.603057513,0.187796372,3.042902963,-0.268444005,1.228983181,FALSE,FALSE,FALSE,FALSE,FALSE,TRUE,FALSE,FALSE,FALSE,TRUE,FALSE,-0.150473947
629,,2023-08-23 0:00,0.962090091,-1.019467383,-0.110961295,2.979868445,-0.28639985,1.440461596,FALSE,FALSE,FALSE,FALSE,FALSE,FALSE,TRUE,FALSE,FALSE,TRUE,FALSE,-0.0563471422
1493,,2023-08-24 0:00,0.442031686,-1.141446031,0.785311705,0.0960392534,-0.289640988,1.210274204,TRUE,FALSE,FALSE,FALSE,FALSE,FALSE,FALSE,FALSE,FALSE,TRUE,FALSE,-0.181849549
1555,,2023-08-25 0:00,0.572046287,-0.6997992,0.486554039,-0.313685113,-0.27615791,0.711850708,FALSE,TRUE,FALSE,FALSE,FALSE,FALSE,FALSE,FALSE,FALSE,TRUE,FALSE,-0.174005649
3828,,2023-08-26 0:00,0.539542637,0.179288302,-0.708476628,-0.313685113,-0.250423383,1.019442018,FALSE,FALSE,TRUE,FALSE,FALSE,FALSE,FALSE,FALSE,FALSE,TRUE,FALSE,0.022091862
2322,,2023-08-27 0:00,0.507038987,-0.228709247,-0.708476628,-0.313685113,-0.228643035,1.140970588,FALSE,FALSE,FALSE,TRUE,FALSE,FALSE,FALSE,FALSE,FALSE,TRUE,FALSE,-0.0641910427
880,,2023-08-29 0:00,0.442031686,-0.876457933,-0.260340128,4.00417936,-0.172931954,1.116137144,FALSE,FALSE,FALSE,FALSE,TRUE,FALSE,FALSE,FALSE,FALSE,TRUE,FALSE,-0.0485032418
2743,,2023-08-30 0:00,0.442031686,-0.636706796,-1.754128462,-0.037909097,-0.14901242,1.229736373,FALSE,FALSE,FALSE,FALSE,FALSE,TRUE,FALSE,FALSE,FALSE,TRUE,FALSE,-0.142630047
1632,,2023-08-31 0:00,0.539542637,-0.523140468,-1.455370795,-0.313685113,-0.115304694,1.407248098,FALSE,FALSE,FALSE,FALSE,FALSE,FALSE,TRUE,FALSE,FALSE,TRUE,FALSE,-0.032815441
1949,,2023-09-01 0:00,0.377024385,-0.359100216,-0.409718961,-0.313685113,-0.091514837,1.37105089,TRUE,FALSE,FALSE,FALSE,FALSE,FALSE,FALSE,FALSE,FALSE,TRUE,FALSE,-0.126942246
4031,,2023-09-02 0:00,0.377024385,-0.211884606,-1.007234295,-0.313685113,-0.060918633,1.336465071,FALSE,TRUE,FALSE,FALSE,FALSE,FALSE,FALSE,FALSE,FALSE,TRUE,FALSE,-0.134786147
2571,,2023-09-03 0:00,0.344520735,-0.674562238,-0.110961295,-0.305805798,-0.0436758299,1.281184618,FALSE,FALSE,TRUE,FALSE,FALSE,FALSE,FALSE,FALSE,FALSE,TRUE,FALSE,-0.0406593414
2020,,2023-09-05 0:00,0.669557238,-0.725036162,-0.708476628,-0.313685113,-0.0254244063,1.45647619,FALSE,FALSE,FALSE,TRUE,FALSE,FALSE,FALSE,FALSE,FALSE,TRUE,FALSE,-0.0485032418
1566,,2023-09-06 0:00,0.832075489,-0.645119116,0.187796372,-0.313685113,-0.0245169095,1.481616745,FALSE,FALSE,FALSE,FALSE,TRUE,FALSE,FALSE,FALSE,FALSE,TRUE,FALSE,0.0534674637
1846,,2023-09-07 0:00,0.92958644,-0.661943758,0.337175205,-0.313685113,-0.0303509214,1.471302702,FALSE,FALSE,FALSE,FALSE,FALSE,TRUE,FALSE,FALSE,FALSE,TRUE,FALSE,-0.126942246
2121,,2023-09-08 0:00,0.86457914,-0.6997992,0.0384175385,-0.313685113,-0.0227018552,1.513685921,FALSE,FALSE,FALSE,FALSE,FALSE,FALSE,TRUE,FALSE,FALSE,TRUE,FALSE,-0.0249715405
4360,,2023-09-09 0:00,0.86457914,-0.161410682,-0.708476628,-0.313685113,-0.0212109329,1.526876153,TRUE,FALSE,FALSE,FALSE,FALSE,FALSE,FALSE,FALSE,FALSE,TRUE,FALSE,-0.119098346
2961,,2023-09-10 0:00,0.86457914,0.0320726915,-1.007234295,-0.313685113,-0.00798714827,1.388544912,FALSE,TRUE,FALSE,FALSE,FALSE,FALSE,FALSE,FALSE,FALSE,TRUE,FALSE,-0.0406593414
2564,,2023-09-12 0:00,0.637053588,-0.228709247,-1.156613128,-0.313685113,-0.0618831755,1.54385886,FALSE,FALSE,TRUE,FALSE,FALSE,FALSE,FALSE,FALSE,FALSE,TRUE,FALSE,-0.0798788435
1167,,2023-09-13 0:00,0.669557238,-0.523140468,-0.708476628,0.93912593,-0.0657725168,1.68614799,FALSE,FALSE,FALSE,TRUE,FALSE,FALSE,FALSE,FALSE,FALSE,TRUE,FALSE,-0.683859176
2498,,2023-09-14 0:00,0.604549937,-1.065735146,0.187796372,-0.313685113,-0.0539100381,1.34538457,FALSE,FALSE,FALSE,FALSE,TRUE,FALSE,FALSE,FALSE,FALSE,TRUE,FALSE,0.131906468
2140,,2023-09-15 0:00,0.637053588,-1.027879703,0.486554039,-0.148219503,-0.0769868531,0.437911552,FALSE,FALSE,FALSE,FALSE,FALSE,TRUE,FALSE,FALSE,FALSE,TRUE,FALSE,0.0299357624
3521,,2023-09-16 0:00,0.637053588,-0.960581139,-0.857855462,2.735609689,-0.100906326,0.554484968,FALSE,FALSE,FALSE,FALSE,FALSE,FALSE,TRUE,FALSE,FALSE,TRUE,FALSE,-0.0641910427
2850,,2023-09-17 0:00,0.637053588,-0.817571688,-1.305991962,-0.0773056707,-0.108101644,0.560279041,TRUE,FALSE,FALSE,FALSE,FALSE,FALSE,FALSE,FALSE,FALSE,TRUE,FALSE,-0.119098346
2736,,2023-09-19 0:00,0.702060888,-0.380131018,-1.007234295,-0.313685113,-0.0540111619,1.104359004,FALSE,TRUE,FALSE,FALSE,FALSE,FALSE,FALSE,FALSE,FALSE,TRUE,FALSE,-0.417166562
827,,2023-09-20 0:00,0.734564539,-0.569408231,0.635932872,2.507109561,-0.0506404076,1.232117855,FALSE,FALSE,TRUE,FALSE,FALSE,FALSE,FALSE,FALSE,FALSE,TRUE,FALSE,0.0691552646
2949,,2023-09-21 0:00,1.027097391,-1.044704345,0.0384175385,-0.313685113,-0.0388427067,1.329713936,FALSE,FALSE,FALSE,TRUE,FALSE,FALSE,FALSE,FALSE,FALSE,TRUE,FALSE,-0.032815441
2662,,2023-09-22 0:00,1.027097391,-0.632500635,-0.857855462,-0.313685113,-0.00513498092,1.193355003,FALSE,FALSE,FALSE,FALSE,TRUE,FALSE,FALSE,FALSE,FALSE,TRUE,FALSE,0.0456235633
5262,,2023-09-23 0:00,0.994593741,-0.674562238,0.337175205,-0.313685113,0.0520384696,1.270823518,FALSE,FALSE,FALSE,FALSE,FALSE,TRUE,FALSE,FALSE,FALSE,TRUE,FALSE,-0.0955666444
4049,,2023-09-24 0:00,0.962090091,-0.968993459,0.934690539,-0.313685113,0.0940434648,1.37105089,FALSE,FALSE,FALSE,FALSE,FALSE,FALSE,TRUE,FALSE,FALSE,TRUE,FALSE,-0.0877227439
1026,,2023-09-26 0:00,1.482148495,-1.196126115,0.187796372,1.876764383,0.767494983,1.409119737,TRUE,FALSE,FALSE,FALSE,FALSE,FALSE,FALSE,FALSE,FALSE,TRUE,FALSE,-0.0641910427
3024,,2023-09-27 0:00,1.417141195,-1.057322825,-0.708476628,0.0330047356,0.833808422,1.295128981,FALSE,TRUE,FALSE,FALSE,FALSE,FALSE,FALSE,FALSE,FALSE,TRUE,FALSE,-0.174005649
10532,,2023-09-28 0:00,1.482148495,0.389596317,-0.409718961,-0.313685113,1.016867242,1.438089204,FALSE,FALSE,TRUE,FALSE,FALSE,FALSE,FALSE,FALSE,FALSE,TRUE,FALSE,-0.00928373968
34728,,2023-09-29 0:00,1.514652145,0.00683572973,-1.305991962,-0.313685113,1.383114437,1.123352792,FALSE,FALSE,FALSE,TRUE,FALSE,FALSE,FALSE,FALSE,FALSE,TRUE,FALSE,-0.0563471422
24544,,2023-09-30 0:00,1.579659446,-0.371718697,-0.110961295,0.0408840503,1.608437485,0.708131691,FALSE,FALSE,FALSE,FALSE,TRUE,FALSE,FALSE,FALSE,FALSE,TRUE,FALSE,0.00640406117
31227,,2023-10-01 0:00,1.612163096,-0.354894056,0.187796372,-0.313685113,1.92146541,0.818019224,FALSE,FALSE,FALSE,FALSE,FALSE,TRUE,FALSE,FALSE,FALSE,TRUE,FALSE,-0.103410545
22465,,2023-10-02 0:00,1.677170397,-0.729242322,-0.857855462,-0.313685113,1.914876835,1.042335857,FALSE,FALSE,FALSE,FALSE,FALSE,FALSE,TRUE,FALSE,FALSE,TRUE,FALSE,-0.158317848
15306,,2023-10-03 0:00,1.709674047,-0.628294475,-0.857855462,-0.313685113,2.037909915,1.100273314,TRUE,FALSE,FALSE,FALSE,FALSE,FALSE,FALSE,FALSE,FALSE,TRUE,FALSE,-0.0877227439
2844,,2023-10-05 0:00,1.384637544,-0.169823003,0.486554039,-0.313685113,1.874751611,1.037631039,FALSE,TRUE,FALSE,FALSE,FALSE,FALSE,FALSE,FALSE,FALSE,TRUE,FALSE,-0.0485032418
3372,,2023-10-06 0:00,1.319630244,-0.535758949,-1.007234295,-0.313685113,1.554333914,0.543238478,FALSE,FALSE,TRUE,FALSE,FALSE,FALSE,FALSE,FALSE,FALSE,TRUE,FALSE,-0.0171276401
6754,,2023-10-07 0:00,1.352133894,-0.502109666,-0.260340128,-0.313685113,1.368617381,0.6381762,FALSE,FALSE,FALSE,TRUE,FALSE,FALSE,FALSE,FALSE,FALSE,TRUE,FALSE,-0.0563471422
6744,,2023-10-08 0:00,1.384637544,-0.952168818,0.337175205,-0.313685113,1.140182812,0.547090103,FALSE,FALSE,FALSE,FALSE,TRUE,FALSE,FALSE,FALSE,FALSE,TRUE,FALSE,-0.738766479
4251,,2023-10-09 0:00,1.417141195,-0.935344177,-0.559097795,-0.219133336,0.672252392,0.794966285,FALSE,FALSE,FALSE,FALSE,FALSE,TRUE,FALSE,FALSE,FALSE,TRUE,FALSE,-0.338727558
2790,,2023-10-11 0:00,1.027097391,-0.460048063,-0.857855462,-0.313685113,0.60963384,0.9323,FALSE,FALSE,FALSE,FALSE,FALSE,FALSE,TRUE,FALSE,FALSE,FALSE,TRUE,1.198676926
3064,,2023-10-12 0:00,1.124608342,-0.304420132,-1.156613128,-0.313685113,0.617412522,1.103481872,TRUE,FALSE,FALSE,FALSE,FALSE,FALSE,FALSE,FALSE,FALSE,FALSE,TRUE,1.065330619
3843,,2023-10-13 0:00,1.417141195,-0.00578275116,-1.156613128,-0.313685113,0.607235421,0.973630677,FALSE,TRUE,FALSE,FALSE,FALSE,FALSE,FALSE,FALSE,FALSE,FALSE,TRUE,1.104550121
4893,,2023-10-14 0:00,1.449644845,-0.27918317,-1.305991962,0.143315142,0.569897647,1.068125284,FALSE,FALSE,TRUE,FALSE,FALSE,FALSE,FALSE,FALSE,FALSE,FALSE,TRUE,1.065330619
6153,,2023-10-15 0:00,1.482148495,-0.41798646,-0.409718961,-0.313685113,0.540338617,1.342482881,FALSE,FALSE,FALSE,TRUE,FALSE,FALSE,FALSE,FALSE,FALSE,FALSE,TRUE,1.08886232
1449,,2023-10-16 0:00,1.514652145,0.393802477,0.187796372,-0.313685113,0.701018078,1.33578467,FALSE,FALSE,FALSE,FALSE,TRUE,FALSE,FALSE,FALSE,FALSE,FALSE,TRUE,1.128081822
4747,,2023-10-17 0:00,1.482148495,-0.0436381938,-1.007234295,-0.313685113,0.714565995,1.302754126,FALSE,FALSE,FALSE,FALSE,FALSE,TRUE,FALSE,FALSE,FALSE,FALSE,TRUE,1.159457424
4293,,2023-10-18 0:00,1.384637544,-0.0941121174,-0.260340128,-0.313685113,0.736216726,1.137622845,FALSE,FALSE,FALSE,FALSE,FALSE,FALSE,TRUE,FALSE,FALSE,FALSE,TRUE,1.230052528
2181,,2023-10-19 0:00,1.612163096,-0.190853804,-1.156613128,0.332418695,0.75106111,1.11371861,TRUE,FALSE,FALSE,FALSE,FALSE,FALSE,FALSE,FALSE,FALSE,FALSE,TRUE,1.120237922
4623,,2023-10-20 0:00,1.514652145,-0.55678975,1.382827039,-0.313685113,0.793584692,1.081887404,FALSE,TRUE,FALSE,FALSE,FALSE,FALSE,FALSE,FALSE,FALSE,FALSE,TRUE,1.08101842
8875,,2023-10-21 0:00,1.514652145,-0.674562238,0.0384175385,-0.227012651,0.856981125,1.071844586,FALSE,FALSE,TRUE,FALSE,FALSE,FALSE,FALSE,FALSE,FALSE,FALSE,TRUE,1.112394021
7030,,2023-10-22 0:00,1.547155796,-0.455841903,-0.857855462,-0.313685113,0.863657856,1.061164069,FALSE,FALSE,FALSE,TRUE,FALSE,FALSE,FALSE,FALSE,FALSE,FALSE,TRUE,0.7280429
5358,,2023-10-24 0:00,1.254622943,-0.0310197129,-0.857855462,-0.313685113,1.305449253,0.520310122,FALSE,FALSE,FALSE,FALSE,TRUE,FALSE,FALSE,FALSE,FALSE,FALSE,TRUE,1.159457424
15425,,2023-10-25 0:00,1.352133894,0.0362788518,-1.305991962,-0.313685113,1.345055829,0.800814124,FALSE,FALSE,FALSE,FALSE,FALSE,TRUE,FALSE,FALSE,FALSE,FALSE,TRUE,1.112394021
4593,,2023-10-26 0:00,1.644666746,0.625141293,-0.260340128,-0.313685113,1.372670189,0.567866771,FALSE,FALSE,FALSE,FALSE,FALSE,FALSE,TRUE,FALSE,FALSE,FALSE,TRUE,1.292803731
7414,,2023-10-27 0:00,1.547155796,-0.232915407,-0.559097795,-0.313685113,1.431917926,0.660398417,TRUE,FALSE,FALSE,FALSE,FALSE,FALSE,FALSE,FALSE,FALSE,FALSE,TRUE,1.151613523
14438,,2023-10-28 0:00,1.514652145,0.0404850121,-1.305991962,-0.313685113,1.584899068,0.777824631,FALSE,TRUE,FALSE,FALSE,FALSE,FALSE,FALSE,FALSE,FALSE,FALSE,TRUE,1.159457424
13315,,2023-10-29 0:00,1.514652145,-0.199266125,-0.857855462,-0.313685113,1.704302101,0.847801104,FALSE,FALSE,TRUE,FALSE,FALSE,FALSE,FALSE,FALSE,FALSE,FALSE,TRUE,1.143769623
8218,,2023-10-31 0:00,1.449644845,0.536811927,-0.708476628,-0.313685113,1.680426706,0.763147823,FALSE,FALSE,FALSE,TRUE,FALSE,FALSE,FALSE,FALSE,FALSE,FALSE,TRUE,1.112394021
4863,,2023-11-01 0:00,1.579659446,0.498956484,0.187796372,-0.313685113,1.67115704,0.295098016,FALSE,FALSE,FALSE,FALSE,TRUE,FALSE,FALSE,FALSE,FALSE,FALSE,TRUE,1.206520826
8462,,2023-11-02 0:00,1.124608342,0.221349905,0.934690539,-0.313685113,1.711282203,0.49175415,FALSE,FALSE,FALSE,FALSE,FALSE,TRUE,FALSE,FALSE,FALSE,FALSE,TRUE,1.245740329
5477,,2023-11-03 0:00,0.409528036,-0.0983182777,0.785311705,0.35605664,1.672712801,0.563066882,FALSE,FALSE,FALSE,FALSE,FALSE,FALSE,TRUE,FALSE,FALSE,FALSE,TRUE,1.371242735
15359,,2023-11-04 0:00,0.214506134,0.671409057,0.486554039,-0.313685113,1.630578189,0.748229555,TRUE,FALSE,FALSE,FALSE,FALSE,FALSE,FALSE,FALSE,FALSE,FALSE,TRUE,1.214364727
5375,,2023-11-05 0:00,0.0194842324,-0.868045612,1.532205872,0.505763619,1.47707846,0.842182566,FALSE,TRUE,FALSE,FALSE,FALSE,FALSE,FALSE,FALSE,FALSE,FALSE,TRUE,1.230052528
5351,,2023-11-07 0:00,0.0194842324,-0.611469834,1.382827039,-0.313685113,0.847172112,0.697132456,FALSE,FALSE,TRUE,FALSE,FALSE,FALSE,FALSE,FALSE,FALSE,FALSE,TRUE,1.261428129
5301,,2023-11-08 0:00,0.0844915329,-0.460048063,-0.857855462,-0.313685113,0.795897512,0.155886482,FALSE,FALSE,FALSE,TRUE,FALSE,FALSE,FALSE,FALSE,FALSE,FALSE,TRUE,1.230052528
3974,,2023-11-09 0:00,0.0844915329,-0.195059965,-0.260340128,0.0881599387,0.690366468,0.389737086,FALSE,FALSE,FALSE,FALSE,TRUE,FALSE,FALSE,FALSE,FALSE,FALSE,TRUE,1.543808545
3670,,2023-11-10 0:00,0.377024385,-0.70400536,2.428478872,-0.313685113,0.578353208,0.657772302,FALSE,FALSE,FALSE,FALSE,FALSE,TRUE,FALSE,FALSE,FALSE,FALSE,TRUE,1.708530454
6357,,2023-11-11 0:00,0.442031686,-0.628294475,-0.110961295,-0.313685113,0.370013609,0.709362792,FALSE,FALSE,FALSE,FALSE,FALSE,FALSE,TRUE,FALSE,FALSE,FALSE,TRUE,1.418306138
4174,,2023-11-12 0:00,0.539542637,-0.628294475,-0.110961295,-0.313685113,0.2970235,0.374518207,TRUE,FALSE,FALSE,FALSE,FALSE,FALSE,FALSE,FALSE,FALSE,FALSE,TRUE,1.347711034
3840,,2023-11-14 0:00,0.702060888,-0.338069415,-0.857855462,-0.313685113,-0.429452774,0.469124779,FALSE,TRUE,FALSE,FALSE,FALSE,FALSE,FALSE,FALSE,FALSE,FALSE,TRUE,1.441837839
4755,,2023-11-15 0:00,-0.143034019,0.364359355,-1.156613128,-0.313685113,-0.502313266,0.5226413,FALSE,FALSE,TRUE,FALSE,FALSE,FALSE,FALSE,FALSE,FALSE,FALSE,TRUE,1.371242735
1056,,2023-11-16 0:00,-0.30555227,0.398008637,-0.559097795,0.348177325,-0.570052789,0.292944021,FALSE,FALSE,FALSE,TRUE,FALSE,FALSE,FALSE,FALSE,FALSE,FALSE,TRUE,1.300647632
2140,,2023-11-17 0:00,-0.30555227,-0.636706796,0.934690539,-0.313685113,-0.619253102,0.154341278,FALSE,FALSE,FALSE,FALSE,TRUE,FALSE,FALSE,FALSE,FALSE,FALSE,TRUE,1.316335432
3951,,2023-11-18 0:00,-0.403063221,-0.523140468,1.830963539,-0.313685113,-0.664304719,0.232919358,FALSE,FALSE,FALSE,FALSE,FALSE,TRUE,FALSE,FALSE,FALSE,FALSE,TRUE,1.355554935
4149,,2023-11-19 0:00,-0.500574172,0.259205348,0.187796372,-0.313685113,-0.676621007,0.238950701,FALSE,FALSE,FALSE,FALSE,FALSE,FALSE,TRUE,FALSE,FALSE,FALSE,TRUE,1.418306138
2649,,2023-11-21 0:00,-0.468070522,0.0657219739,-0.857855462,-0.313685113,-0.615177038,0.271670198,TRUE,FALSE,FALSE,FALSE,FALSE,FALSE,FALSE,FALSE,FALSE,FALSE,TRUE,1.441837839
2150,,2023-11-22 0:00,-0.20804132,0.313885431,-0.708476628,-0.313685113,-0.625807949,0.243042187,FALSE,TRUE,FALSE,FALSE,FALSE,FALSE,FALSE,FALSE,FALSE,FALSE,TRUE,1.253584229
2032,,2023-11-23 0:00,-0.24054497,2.379110137,1.532205872,-0.305805798,-0.626132081,0.259822341,FALSE,FALSE,TRUE,FALSE,FALSE,FALSE,FALSE,FALSE,FALSE,FALSE,TRUE,1.379086636
1485,,2023-11-24 0:00,-0.0455230682,-0.754479284,2.279100039,-0.313685113,-0.641494991,0.243042187,FALSE,FALSE,FALSE,TRUE,FALSE,FALSE,FALSE,FALSE,FALSE,FALSE,TRUE,1.292803731
2460,,2023-11-25 0:00,-0.0455230682,-0.670356078,-0.708476628,-0.313685113,-0.673841411,0.416263572,FALSE,FALSE,FALSE,FALSE,TRUE,FALSE,FALSE,FALSE,FALSE,FALSE,TRUE,1.347711034
2233,,2023-11-26 0:00,-0.0780267185,-0.4137803,-1.305991962,-0.313685113,-0.70819734,0.343248133,FALSE,FALSE,FALSE,FALSE,FALSE,TRUE,FALSE,FALSE,FALSE,FALSE,TRUE,1.371242735
1657,,2023-11-28 0:00,-0.403063221,-0.1277614,1.382827039,-0.313685113,-0.823314328,0.250379004,FALSE,FALSE,FALSE,FALSE,FALSE,FALSE,TRUE,FALSE,FALSE,FALSE,TRUE,1.339867134
3636,,2023-11-29 0:00,-0.565581473,-0.729242322,0.337175205,-0.313685113,-0.840881202,-0.22835423,TRUE,FALSE,FALSE,FALSE,FALSE,FALSE,FALSE,FALSE,FALSE,FALSE,TRUE,1.300647632
913,,2023-11-30 0:00,-0.500574172,-0.6997992,0.785311705,-0.313685113,-0.857475741,-0.0238659128,FALSE,TRUE,FALSE,FALSE,FALSE,FALSE,FALSE,FALSE,FALSE,FALSE,TRUE,1.237896428
970,,2023-12-01 0:00,-0.0455230682,-0.493697346,-0.409718961,-0.313685113,-0.871023658,0.138261428,FALSE,FALSE,TRUE,FALSE,FALSE,FALSE,FALSE,FALSE,FALSE,FALSE,TRUE,1.284959831
2004,,2023-12-02 0:00,-0.0780267185,-0.00578275116,0.187796372,-0.313685113,-0.88321033,0.0684900705,FALSE,FALSE,FALSE,TRUE,FALSE,FALSE,FALSE,FALSE,FALSE,FALSE,TRUE,1.198676926
1773,,2023-12-03 0:00,-0.0780267185,0.14563902,-0.857855462,-0.313685113,-0.89267445,0.105806935,FALSE,FALSE,FALSE,FALSE,TRUE,FALSE,FALSE,FALSE,FALSE,FALSE,TRUE,1.316335432
1638,,2023-12-05 0:00,0.149498833,0.28864847,-0.409718961,-0.313685113,-0.863022028,0.0338445756,FALSE,FALSE,FALSE,FALSE,FALSE,TRUE,FALSE,FALSE,FALSE,FALSE,TRUE,1.379086636
740,,2023-12-06 0:00,0.247009784,1.243446857,0.0384175385,-0.0142711528,-0.869245011,-0.0303807163,FALSE,FALSE,FALSE,FALSE,FALSE,FALSE,TRUE,FALSE,FALSE,FALSE,TRUE,1.371242735
1325,,2023-12-07 0:00,0.604549937,1.180354453,0.486554039,-0.313685113,-0.860947741,-0.253779029,TRUE,FALSE,FALSE,FALSE,FALSE,FALSE,FALSE,FALSE,FALSE,FALSE,TRUE,1.230052528
1421,,2023-12-08 0:00,-0.0130194179,2.000555711,1.084069372,-0.313685113,-0.845973741,-0.214828878,FALSE,TRUE,FALSE,FALSE,FALSE,FALSE,FALSE,FALSE,FALSE,FALSE,TRUE,1.245740329
2863,,2023-12-09 0:00,0.116995183,1.56311504,-0.409718961,-0.313685113,-0.818877908,-0.0327282208,FALSE,FALSE,TRUE,FALSE,FALSE,FALSE,FALSE,FALSE,FALSE,FALSE,TRUE,1.284959831
2123,,2023-12-10 0:00,0.247009784,1.836515459,-3.397295628,-0.313685113,-0.809089655,-0.0543079388,FALSE,FALSE,FALSE,TRUE,FALSE,FALSE,FALSE,FALSE,FALSE,FALSE,TRUE,1.284959831
1606,,2023-12-12 0:00,0.344520735,-1.133033711,0.635932872,-0.282167854,-0.819785343,0.0443367446,FALSE,FALSE,FALSE,FALSE,TRUE,FALSE,FALSE,FALSE,FALSE,FALSE,TRUE,1.410462238
1357,,2023-12-13 0:00,0.442031686,-0.872251772,0.187796372,-0.313685113,-0.821341043,0.0939677884,FALSE,FALSE,FALSE,FALSE,FALSE,TRUE,FALSE,FALSE,FALSE,FALSE,TRUE,1.426150038
549,,2023-12-14 0:00,-0.370559571,-1.040498184,3.324751872,1.025798392,-0.839815475,0.0522856621,FALSE,FALSE,FALSE,FALSE,FALSE,FALSE,TRUE,FALSE,FALSE,FALSE,TRUE,1.418306138
501,,2023-12-15 0:00,-0.435566872,-1.217156917,1.980342372,2.136781769,-0.85893811,0.0114359744,TRUE,FALSE,FALSE,FALSE,FALSE,FALSE,FALSE,FALSE,FALSE,FALSE,TRUE,1.300647632
935,,2023-12-16 0:00,-0.370559571,-0.741860803,4.370403706,-0.195495392,-0.901267238,0.0975123418,FALSE,TRUE,FALSE,FALSE,FALSE,FALSE,FALSE,FALSE,FALSE,FALSE,TRUE,1.347711034
691,,2023-12-17 0:00,-0.30555227,-0.851220971,1.382827039,-0.313685113,-0.931085622,-0.0190914227,FALSE,FALSE,TRUE,FALSE,FALSE,FALSE,FALSE,FALSE,FALSE,FALSE,TRUE,1.245740329
903,,2023-12-19 0:00,0.0519878826,-0.41798646,-0.559097795,-0.290047168,-1.330713854,0.0681023049,FALSE,FALSE,FALSE,TRUE,FALSE,FALSE,FALSE,FALSE,FALSE,FALSE,TRUE,1.222208627
930,,2023-12-20 0:00,-0.175537669,0.330710073,1.681584705,-0.250650595,-1.338816669,0.243358453,FALSE,FALSE,FALSE,FALSE,TRUE,FALSE,FALSE,FALSE,FALSE,FALSE,TRUE,1.292803731
426,,2023-12-21 0:00,-0.0455230682,-0.607263674,1.084069372,-0.313685113,-1.347502848,0.561254238,FALSE,FALSE,FALSE,FALSE,FALSE,TRUE,FALSE,FALSE,FALSE,FALSE,TRUE,1.292803731
528,,2023-12-22 0:00,-0.175537669,-0.573614391,0.635932872,-0.313685113,-1.35729104,0.274383525,FALSE,FALSE,FALSE,FALSE,FALSE,FALSE,TRUE,FALSE,FALSE,FALSE,TRUE,1.379086636
1205,,2023-12-23 0:00,-0.20804132,-0.216090766,-0.708476628,-0.313685113,-1.350290177,0.164309596,TRUE,FALSE,FALSE,FALSE,FALSE,FALSE,FALSE,FALSE,FALSE,FALSE,TRUE,1.253584229
1941,,2023-12-24 0:00,-0.27304862,-0.0310197129,-1.007234295,-0.227012651,-1.322027553,0.00580997552,FALSE,TRUE,FALSE,FALSE,FALSE,FALSE,FALSE,FALSE,FALSE,FALSE,TRUE,1.324179333
1777,,2023-12-25 0:00,-0.338055921,0.309679271,-1.156613128,-0.258529909,-1.153208992,-0.369047398,FALSE,FALSE,TRUE,FALSE,FALSE,FALSE,FALSE,FALSE,FALSE,FALSE,TRUE,1.002579415
3556,,2023-12-27 0:00,-0.435566872,1.676681368,-1.305991962,-0.313685113,-1.122353555,-0.811196891,FALSE,FALSE,FALSE,TRUE,FALSE,FALSE,FALSE,FALSE,FALSE,FALSE,TRUE,1.284959831
1729,,2023-12-28 0:00,-0.630588773,0.801800026,-1.007234295,-0.313685113,-1.101739998,-0.453674719,FALSE,FALSE,FALSE,FALSE,TRUE,FALSE,FALSE,FALSE,FALSE,FALSE,TRUE,1.300647632
1337,,2023-12-29 0:00,-0.533077822,0.351740874,-0.857855462,-0.313685113,-1.077301938,-0.401568515,FALSE,FALSE,FALSE,FALSE,FALSE,TRUE,FALSE,FALSE,FALSE,FALSE,TRUE,1.347711034
2738,,2023-12-30 0:00,,0.166669821,0.486554039,0.718505117,-1.04566856,-0.915047303,FALSE,FALSE,FALSE,FALSE,FALSE,FALSE,TRUE,FALSE,FALSE,FALSE,TRUE,1.300647632
1786,,2023-12-31 0:00,,-0.506315827,-0.409718961,0.0566426798,-1.036528571,-1.007050559,TRUE,FALSE,FALSE,FALSE,FALSE,FALSE,FALSE,FALSE,FALSE,FALSE,TRUE,1.230052528
,,2024-01-01 0:00,,-0.455841903,-0.857855462,-0.313685113,-0.985938521,-1.140108126,FALSE,TRUE,FALSE,FALSE,FALSE,FALSE,FALSE,FALSE,FALSE,FALSE,TRUE,1.386930536
,,2024-01-02 0:00,,0.217143745,-1.007234295,-0.313685113,-0.98911482,-1.064708562,FALSE,FALSE,TRUE,FALSE,FALSE,FALSE,FALSE,FALSE,FALSE,FALSE,TRUE,1.292803731
,,2024-01-03 0:00,,0.284442309,-1.007234295,-0.266409224,-0.99423579,-0.940366645,FALSE,FALSE,FALSE,TRUE,FALSE,FALSE,FALSE,FALSE,FALSE,FALSE,TRUE,1.182989125
,,2024-01-04 0:00,,0.730295301,-0.559097795,-0.313685113,-0.99741209,-0.815793074,FALSE,FALSE,FALSE,FALSE,TRUE,FALSE,FALSE,FALSE,FALSE,FALSE,TRUE,1.26927203
,,2024-01-05 0:00,,1.929050985,0.0384175385,-0.313685113,-1.003570234,-1.043748705,FALSE,FALSE,FALSE,FALSE,FALSE,TRUE,FALSE,FALSE,FALSE,FALSE,TRUE,1.347711034
,,2024-01-06 0:00,,-0.375924857,-0.110961295,-0.124581559,-1.015627228,-1.17947999,FALSE,FALSE,FALSE,FALSE,FALSE,FALSE,TRUE,FALSE,FALSE,FALSE,TRUE,1.386930536
,,2024-01-07 0:00,,-0.472666544,1.233448205,-0.313685113,-1.040259804,-1.272020549,TRUE,FALSE,FALSE,FALSE,FALSE,FALSE,FALSE,FALSE,FALSE,FALSE,TRUE,1.46536954
,,2024-01-08 0:00,,-0.502109666,-0.708476628,-0.313685113,-1.043083418,-0.881963563,FALSE,TRUE,FALSE,FALSE,FALSE,FALSE,FALSE,FALSE,FALSE,FALSE,TRUE,1.418306138
,,2024-01-09 0:00,,-0.0562566747,-0.409718961,-0.187616077,-1.025905454,-0.714887118,FALSE,FALSE,TRUE,FALSE,FALSE,FALSE,FALSE,FALSE,FALSE,FALSE,TRUE,1.308491532
,,2024-01-10 0:00,,1.348600864,-0.857855462,-0.313685113,-1.022988448,-0.613564848,FALSE,FALSE,FALSE,TRUE,FALSE,FALSE,FALSE,FALSE,FALSE,FALSE,TRUE,1.222208627
,,2024-01-11 0:00,,1.201385254,-0.559097795,-0.313685113,-1.02130307,-0.522625129,FALSE,FALSE,FALSE,FALSE,TRUE,FALSE,FALSE,FALSE,FALSE,FALSE,TRUE,1.371242735
,,2024-01-12 0:00,,0.835449308,0.0384175385,-0.313685113,-1.014820794,-0.523672405,FALSE,FALSE,FALSE,FALSE,FALSE,TRUE,FALSE,FALSE,FALSE,FALSE,TRUE,1.418306138
,,2024-01-13 0:00,,-0.388543338,-1.305991962,-0.313685113,-1.008208902,-1.375112545,FALSE,FALSE,FALSE,FALSE,FALSE,FALSE,TRUE,FALSE,FALSE,FALSE,TRUE,1.481057341
,,2024-01-14 0:00,,-0.060462835,-0.260340128,-0.0694263559,-1.007690315,-1.224883908,TRUE,FALSE,FALSE,FALSE,FALSE,FALSE,FALSE,FALSE,FALSE,FALSE,TRUE,1.363398835
,,2024-01-15 0:00,,-0.485285025,0.337175205,-0.313685113,-0.867523348,-0.722784778,FALSE,TRUE,FALSE,FALSE,FALSE,FALSE,FALSE,FALSE,FALSE,FALSE,TRUE,1.332023233
,,2024-01-16 0:00,,-0.140379881,-1.156613128,-0.313685113,-0.881460175,-1.054813648,FALSE,FALSE,TRUE,FALSE,FALSE,FALSE,FALSE,FALSE,FALSE,FALSE,TRUE,1.300647632
,,2024-01-17 0:00,,0.0615158136,-0.409718961,0.450608416,-0.874848283,-1.183229109,FALSE,FALSE,FALSE,TRUE,FALSE,FALSE,FALSE,FALSE,FALSE,FALSE,TRUE,1.27711593
,,2024-01-18 0:00,,-0.405367979,0.187796372,-0.274288539,-0.859226079,-1.468519176,FALSE,FALSE,FALSE,FALSE,TRUE,FALSE,FALSE,FALSE,FALSE,FALSE,TRUE,1.386930536
,,2024-01-19 0:00,,-0.851220971,3.324751872,-0.313685113,-0.85760554,-1.599714452,FALSE,FALSE,FALSE,FALSE,FALSE,TRUE,FALSE,FALSE,FALSE,FALSE,TRUE,1.426150038
,,2024-01-20 0:00,,-1.208744596,4.519782539,-0.282167854,-0.874783505,-1.592496548,FALSE,FALSE,FALSE,FALSE,FALSE,FALSE,TRUE,TRUE,FALSE,FALSE,FALSE,1.567340246
,,2024-01-21 0:00,,-0.939550337,0.337175205,-0.282167854,-0.874524211,-1.161522449,TRUE,FALSE,FALSE,FALSE,FALSE,FALSE,FALSE,TRUE,FALSE,FALSE,FALSE,1.418306138
,,2024-01-22 0:00,,-0.1277614,2.727236539,-0.297926483,-1.19228931,-1.215084115,FALSE,TRUE,FALSE,FALSE,FALSE,FALSE,FALSE,TRUE,FALSE,FALSE,FALSE,1.379086636
,,2024-01-23 0:00,,-0.523140468,2.428478872,-0.313685113,-1.214069658,-1.074203114,FALSE,FALSE,TRUE,FALSE,FALSE,FALSE,FALSE,TRUE,FALSE,FALSE,FALSE,1.363398835
,,2024-01-24 0:00,,-0.481078865,1.532205872,-0.313685113,-1.235072125,-0.614495265,FALSE,FALSE,FALSE,TRUE,FALSE,FALSE,FALSE,TRUE,FALSE,FALSE,FALSE,1.284959831
,,2024-01-25 0:00,,-0.514728147,-0.260340128,-0.313685113,-1.257630353,-0.970440193,FALSE,FALSE,FALSE,FALSE,TRUE,FALSE,FALSE,TRUE,FALSE,FALSE,FALSE,1.371242735
,,2024-01-26 0:00,,-0.0562566747,-0.559097795,-0.313685113,-1.260612198,-0.753108676,FALSE,FALSE,FALSE,FALSE,FALSE,TRUE,FALSE,TRUE,FALSE,FALSE,FALSE,1.535964644
,,2024-01-27 0:00,,0.709264499,-0.708476628,-0.313685113,-1.244212114,-0.425496488,FALSE,FALSE,FALSE,FALSE,FALSE,FALSE,TRUE,TRUE,FALSE,FALSE,FALSE,1.535964644
,,2024-01-28 0:00,,-0.102524438,-0.559097795,-0.313685113,-1.236627886,-0.302395903,TRUE,FALSE,FALSE,FALSE,FALSE,FALSE,FALSE,TRUE,FALSE,FALSE,FALSE,1.308491532
,,2024-01-29 0:00,,0.355947034,-0.857855462,-0.313685113,-0.923076199,-0.331756482,FALSE,TRUE,FALSE,FALSE,FALSE,FALSE,FALSE,TRUE,FALSE,FALSE,FALSE,1.46536954
,,2024-01-30 0:00,,0.957427957,-1.305991962,-0.313685113,-0.902397803,-0.78394326,FALSE,FALSE,TRUE,FALSE,FALSE,FALSE,FALSE,TRUE,FALSE,FALSE,FALSE,1.410462238
,,2024-01-31 0:00,,0.949015636,-0.559097795,-0.313685113,-0.88560881,-1.033282867,FALSE,FALSE,FALSE,TRUE,FALSE,FALSE,FALSE,TRUE,FALSE,FALSE,FALSE,1.245740329
,,2024-02-01 0:00,,1.98793723,-0.260340128,-0.313685113,-0.877505995,-0.87298024,FALSE,FALSE,FALSE,FALSE,TRUE,FALSE,FALSE,TRUE,FALSE,FALSE,FALSE,1.418306138
,,2024-02-02 0:00,,0.376977836,-0.260340128,-0.313685113,-0.871996054,-0.954247846,FALSE,FALSE,FALSE,FALSE,FALSE,TRUE,FALSE,TRUE,FALSE,FALSE,FALSE,1.394774437
,,2024-02-03 0:00,,0.120402058,-0.110961295,-0.313685113,-0.875042677,-1.360068256,FALSE,FALSE,FALSE,FALSE,FALSE,FALSE,TRUE,TRUE,FALSE,FALSE,FALSE,1.661467051
,,2024-02-04 0:00,,-0.426398781,-0.708476628,-0.313685113,-0.851058365,-1.881434695,TRUE,FALSE,FALSE,FALSE,FALSE,FALSE,FALSE,TRUE,FALSE,FALSE,FALSE,1.308491532
,,2024-02-05 0:00,,-1.175095314,4.071646039,-0.00639183808,-1.06777304,-2.141247536,FALSE,TRUE,FALSE,FALSE,FALSE,FALSE,FALSE,TRUE,FALSE,FALSE,FALSE,1.575184146
,,2024-02-06 0:00,,-0.901694894,-0.110961295,-0.297926483,-1.075746238,-1.879452157,FALSE,FALSE,TRUE,FALSE,FALSE,FALSE,FALSE,TRUE,FALSE,FALSE,FALSE,1.473213441
,,2024-02-07 0:00,,-0.106730598,-0.260340128,-0.313685113,-1.078209496,-1.75635728,FALSE,FALSE,FALSE,TRUE,FALSE,FALSE,FALSE,TRUE,FALSE,FALSE,FALSE,1.371242735
,,2024-02-08 0:00,,0.128814378,-1.007234295,-0.313685113,-1.060253651,-2.136271323,FALSE,FALSE,FALSE,FALSE,TRUE,FALSE,FALSE,TRUE,FALSE,FALSE,FALSE,1.504589043
,,2024-02-09 0:00,,-0.00157659086,-0.110961295,-0.313685113,-0.995625589,-2.457356048,FALSE,FALSE,FALSE,FALSE,FALSE,TRUE,FALSE,TRUE,FALSE,FALSE,FALSE,0.563320991
,,2024-02-10 0:00,,0.448482561,-0.559097795,-0.313685113,-0.872268376,-2.361236502,FALSE,FALSE,FALSE,FALSE,FALSE,FALSE,TRUE,TRUE,FALSE,FALSE,FALSE,1.245740329
,,2024-02-11 0:00,,1.092025086,-0.110961295,-0.313685113,-0.789230721,-1.916579462,TRUE,FALSE,FALSE,FALSE,FALSE,FALSE,FALSE,TRUE,FALSE,FALSE,FALSE,1.677154852
,,2024-02-12 0:00,,1.222416056,-0.708476628,-0.313685113,-0.434869383,-1.758820376,FALSE,TRUE,FALSE,FALSE,FALSE,FALSE,FALSE,TRUE,FALSE,FALSE,FALSE,1.551652445
,,2024-02-13 0:00,,1.314951582,0.337175205,-0.313685113,-0.414061371,-1.716649808,FALSE,FALSE,TRUE,FALSE,FALSE,FALSE,FALSE,TRUE,FALSE,FALSE,FALSE,1.606559748
,,2024-02-14 0:00,,0.402214798,-0.110961295,-0.313685113,-0.40226367,-1.34374008,FALSE,FALSE,FALSE,TRUE,FALSE,FALSE,FALSE,TRUE,FALSE,FALSE,FALSE,0.406442983
,,2024-02-15 0:00,,-0.523140468,0.934690539,0.545160193,-0.421127012,-1.43636146,FALSE,FALSE,FALSE,FALSE,TRUE,FALSE,FALSE,TRUE,FALSE,FALSE,FALSE,1.198676926
,,2024-02-16 0:00,,-0.371718697,-0.708476628,-0.313685113,-0.477717097,-1.364719206,FALSE,FALSE,FALSE,FALSE,FALSE,TRUE,FALSE,TRUE,FALSE,FALSE,FALSE,1.653623151
,,2024-02-17 0:00,,0.385390156,-0.857855462,-0.313685113,-0.571580057,-1.376249415,FALSE,FALSE,FALSE,FALSE,FALSE,FALSE,TRUE,TRUE,FALSE,FALSE,FALSE,1.575184146
,,2024-02-18 0:00,,0.111989737,0.785311705,1.033677706,-0.673999641,-1.747279104,TRUE,FALSE,FALSE,FALSE,FALSE,FALSE,FALSE,TRUE,FALSE,FALSE,FALSE,1.473213441
,,2024-02-19 0:00,,-0.876457933,0.0384175385,0.387573899,-0.814757826,-1.645416952,FALSE,TRUE,FALSE,FALSE,FALSE,FALSE,FALSE,TRUE,FALSE,FALSE,FALSE,1.520276843
,,2024-02-20 0:00,,-0.245533888,1.681584705,-0.10882293,-0.811646304,-1.352811032,,,,,,,,,,,,
,,2024-02-21 0:00,,-1.26342468,4.370403706,1.08883291,-0.818971239,-1.240033607,,,,,,,,,,,,
,,2024-02-22 0:00,,-1.191919955,2.876615372,0.379694584,-0.789995573,-1.460595528,,,,,,,,,,,,
,,2024-02-23 0:00,,-1.065735146,1.830963539,-0.282167854,-0.778068256,-1.413474205,,,,,,,,,,,,
,,2024-02-24 0:00,,-0.889076414,0.934690539,-0.132460874,-0.784485693,-1.094126899,,,,,,,,,,,,
,,2024-02-25 0:00,,-0.863839452,-0.409718961,-0.171857447,-0.768928267,-1.333943752,,,,,,,,,,,,
,,2024-02-26 0:00,,-0.195059965,-0.559097795,-0.313685113,-0.741897273,-1.74108189,,,,,,,,,,,,
,,2024-02-27 0:00,,-0.69559304,1.084069372,-0.313685113,-0.729451368,-1.77644424,,,,,,,,,,,,
,,2024-02-28 0:00,,-0.0941121174,-0.260340128,-0.313685113,-0.704883631,-1.752913845,,,,,,,,,,,,
,,2024-02-29 0:00,,0.877510911,-0.110961295,-0.313685113,-0.702355596,-1.820624087,,,,,,,,,,,,
,,2024-03-01 0:00,,0.128814378,3.175373039,-0.313685113,-0.693928649,-1.473458821,,,,,,,,,,,,
,,2024-03-02 0:00,,-0.0310197129,1.382827039,-0.313685113,-0.70734695,-1.281243104,,,,,,,,,,,,
,,2024-03-03 0:00,,3.203517556,0.934690539,-0.313685113,-0.726793717,-1.081787528,,,,,,,,,,,,
,,2024-03-04 0:00,,1.579939681,-1.007234295,-0.313685113,-0.708161115,-1.615525632,,,,,,,,,,,,
,,2024-03-05 0:00,,0.494750324,0.934690539,-0.313685113,-0.737655368,-1.58254698,,,,,,,,,,,,
,,2024-03-06 0:00,,-0.855427131,0.785311705,-0.313685113,-0.754962948,-1.404511201,,,,,,,,,,,,
,,2024-03-07 0:00,,-0.228709247,1.084069372,-0.148219503,-0.769547978,-1.553442533,,,,,,,,,,,,
,,2024-03-08 0:00,,0.376977836,1.681584705,-0.313685113,-0.795023212,-1.205731719,,,,,,,,,,,,
,,2024-03-09 0:00,,-0.0394320335,0.635932872,-0.313685113,-0.792689571,-0.891057596,,,,,,,,,,,,
,,2024-03-10 0:00,,-0.241327728,-0.260340128,-0.313685113,-0.67912055,-1.1465564,,,,,,,,,,,,
,,2024-03-11 0:00,,-0.0394320335,-3.397295628,-0.313685113,-0.0311443266,-1.404995223,,,,,,,,,,,,
,,2024-03-12 0:00,,-0.106730598,-3.397295628,-0.148219503,0.00243372199,-2.287321698,,,,,,,,,,,,
,,2024-03-13 0:00,,0.347534714,0.635932872,-0.313685113,0.0395769798,-2.398757373,,,,,,,,,,,,
,,2024-03-14 0:00,,0.957427957,-3.397295628,-0.313685113,0.101547268,-2.012766997,,,,,,,,,,,,
,,2024-03-15 0:00,,0.620935133,0.0384175385,-0.313685113,0.183094001,-1.68665792,,,,,,,,,,,,
,,2024-03-16 0:00,,0.692439858,-0.260340128,-0.313685113,0.268076327,-1.550398925,,,,,,,,,,,,
,,2024-03-17 0:00,,2.538944229,2.129721205,-0.305805798,0.212523476,-1.540526195,,,,,,,,,,,,
,,2024-03-18 0:00,,-0.565202071,0.187796372,-0.313685113,-0.221035429,-1.52777894,,,,,,,,,,,,
,,2024-03-19 0:00,,0.519987286,2.129721205,-0.297926483,-0.211247237,-1.481493603,,,,,,,,,,,,
,,2024-03-20 0:00,,0.170875981,1.681584705,-0.313685113,-0.21429386,-1.199136763,,,,,,,,,,,,
,,2024-03-21 0:00,,0.0362788518,-0.409718961,-0.313685113,-0.242815777,-0.801978597,,,,,,,,,,,,
,,2024-03-22 0:00,,0.263411508,1.681584705,0.111797883,-0.267837262,-1.180388498,,,,,,,,,,,,
,,2024-03-23 0:00,,0.915366354,0.0384175385,-0.305805798,-0.247158927,-1.119736588,,,,,,,,,,,,
,,2024-03-24 0:00,,-0.0352258732,0.187796372,-0.313685113,-0.18395701,-0.939218954,,,,,,,,,,,,
,,2024-03-25 0:00,,-0.636706796,2.577857705,0.0881599387,0.144698293,-0.641309224,,,,,,,,,,,,
,,2024-03-26 0:00,,-1.158270673,0.486554039,0.592436082,0.188647959,-1.390347369,,,,,,,,,,,,
,,2024-03-27 0:00,,-0.41798646,-0.409718961,-0.313685113,0.272657949,-1.565009341,,,,,,,,,,,,
,,2024-03-28 0:00,,-0.41798646,-0.708476628,-0.163978133,0.326006897,-1.526161831,,,,,,,,,,,,
,,2024-03-29 0:00,,8.419156324,0.785311705,-0.203374706,0.373132863,-1.386886665,,,,,,,,,,,,
,,2024-03-30 0:00,,2.320223893,0.187796372,-0.313685113,0.432964086,-1.335984992,,,,,,,,,,,,
,,2024-03-31 0:00,,0.334916233,-0.559097795,-0.313685113,0.513603323,-1.313710425,,,,,,,,,,,,
,,2024-04-01 0:00,,0.389596317,-0.708476628,-0.313685113,1.125221901,-1.400308273,,,,,,,,,,,,
,,2024-04-02 0:00,,0.608316652,-0.409718961,-0.313685113,1.228095233,-1.042117846,,,,,,,,,,,,
,,2024-04-03 0:00,,0.313885431,-0.708476628,-0.313685113,1.244171185,-0.685636802,,,,,,,,,,,,
,,2024-04-04 0:00,,-0.102524438,0.934690539,-0.313685113,1.3185226,-0.296230933,,,,,,,,,,,,
,,2024-04-05 0:00,,0.242380706,0.337175205,-0.313685113,1.414459908,-1.323511424,,,,,,,,,,,,
,,2024-04-06 0:00,,1.226622216,-0.559097795,-0.313685113,1.464762172,-1.296850931,,,,,,,,,,,,
,,2024-04-07 0:00,,0.86489243,-0.409718961,-0.313685113,1.458409574,-1.103511613,,,,,,,,,,,,
,,2024-04-08 0:00,,0.776563064,-0.260340128,-0.313685113,1.140997038,-1.03400182,,,,,,,,,,,,
,,2024-04-09 0:00,,0.271823828,1.830963539,-0.313685113,1.088426032,-0.93962914,,,,,,,,,,,,
,,2024-04-10 0:00,,0.309679271,0.486554039,-0.313685113,1.06444172,-1.293157618,,,,,,,,,,,,
,,2024-04-11 0:00,,0.541018087,-0.708476628,-0.313685113,0.96150361,-1.622961174,,,,,,,,,,,,
,,2024-04-12 0:00,,0.503162645,-0.260340128,-0.313685113,0.849684745,-1.679776348,,,,,,,,,,,,
,,2024-04-13 0:00,,0.200319103,-0.559097795,-0.313685113,0.737152837,-1.295242031,,,,,,,,,,,,
,,2024-04-14 0:00,,0.351740874,-0.559097795,-0.313685113,0.619953708,-1.272573674,,,,,,,,,,,,
,,2024-04-15 0:00,,-0.535758949,0.337175205,1.033677706,-0.0487656896,-1.366156399,,,,,,,,,,,,
,,2024-04-16 0:00,,1.781835375,0.337175205,-0.132460874,-0.133877693,-1.047746634,,,,,,,,,,,,
,,2024-04-17 0:00,,4.360211637,-0.110961295,-0.313685113,-0.191504891,-0.713977963,,,,,,,,,,,,
,,2024-04-18 0:00,,3.401207089,-0.110961295,-0.313685113,-0.206414114,-0.710488897,,,,,,,,,,,,
,,2024-04-19 0:00,,2.429584061,-0.260340128,-0.313685113,-0.243427756,-0.92515219,,,,,,,,,,,,
,,2024-04-20 0:00,,1.188766773,1.084069372,0.0645219945,-0.33119741,-1.438507576,,,,,,,,,,,,
,,2024-04-21 0:00,,-0.779716246,2.279100039,-0.313685113,-0.360108237,-1.401774713,,,,,,,,,,,,
,,2024-04-22 0:00,,-0.186647644,1.233448205,-0.313685113,-0.183158308,-1.115186617,,,,,,,,,,,,
,,2024-04-23 0:00,,-0.590439032,1.980342372,-0.313685113,-0.183547218,-0.613578881,,,,,,,,,,,,
,,2024-04-24 0:00,,-0.943756497,1.084069372,0.395453213,-0.18899232,-0.355652418,,,,,,,,,,,,
,,2024-04-25 0:00,,-0.224503087,-0.559097795,-0.313685113,-0.172268104,-0.720436939,,,,,,,,,,,,
,,2024-04-26 0:00,,1.129880529,-0.559097795,-0.313685113,-0.159886977,-0.997054084,,,,,,,,,,,,
,,2024-04-27 0:00,,0.71347066,-0.559097795,-0.313685113,-0.0959720182,-1.006548379,,,,,,,,,,,,
,,2024-04-28 0:00,,0.107783577,-1.007234295,-0.313685113,-0.0721173228,-1.019149085,,,,,,,,,,,,
,,2024-04-29 0:00,,0.305473111,1.084069372,-0.313685113,-0.0386041128,-0.849491218,,,,,,,,,,,,
,,2024-04-30 0:00,,0.965840277,-0.110961295,-0.313685113,0.00171550524,-0.768997872,,,,,,,,,,,,
,,2024-05-01 0:00,,-0.27918317,0.187796372,-0.313685113,0.0540920569,-0.946868695,,,,,,,,,,,,
,,2024-05-02 0:00,,0.00262956943,0.187796372,-0.313685113,0.0726961051,-0.674346369,,,,,,,,,,,,
,,2024-05-03 0:00,,0.427451759,-0.559097795,-0.313685113,0.0958376977,-0.487645442,,,,,,,,,,,,
,,2024-05-04 0:00,,0.898541713,-0.559097795,-0.313685113,0.124489292,-0.587508053,,,,,,,,,,,,
,,2024-05-05 0:00,,-0.443223422,0.337175205,3.492023903,0.0767150626,-0.200790871,,,,,,,,,,,,
,,2024-05-06 0:00,,-1.002642742,1.233448205,0.655470599,0.289568889,-0.317591489,,,,,,,,,,,,
,,2024-05-07 0:00,,-0.531552788,1.084069372,-0.124581559,0.229413594,-0.215356584,,,,,,,,,,,,
,,2024-05-08 0:00,,-0.598851353,0.0384175385,-0.313685113,0.167443305,-0.698979328,,,,,,,,,,,,
,,2024-05-09 0:00,,-0.228709247,0.934690539,-0.313685113,0.125373532,-0.724700771,,,,,,,,,,,,
,,2024-05-10 0:00,,-0.203472285,0.486554039,-0.313685113,0.0914714123,-0.666393829,,,,,,,,,,,,
,,2024-05-11 0:00,,-0.607263674,1.830963539,2.184057657,-0.00336394377,-0.283504918,,,,,,,,,,,,
,,2024-05-12 0:00,,1.369631666,0.635932872,-0.313685113,0.0396133868,-0.148068093,,,,,,,,,,,,
,,2024-05-13 0:00,,-0.190853804,0.0384175385,-0.313685113,0.287442792,0.474045538,,,,,,,,,,,,
,,2024-05-14 0:00,,-0.291801651,0.187796372,-0.313685113,0.331651751,-0.344854835,,,,,,,,,,,,
,,2024-05-15 0:00,,-0.472666544,0.635932872,1.309453722,0.337550601,-0.857309771,,,,,,,,,,,,
,,2024-05-16 0:00,,-0.796540887,1.233448205,-0.305805798,0.376768207,-0.437539074,,,,,,,,,,,,
,,2024-05-17 0:00,,0.259205348,-0.110961295,-0.313685113,0.419875154,-0.628619501,,,,,,,,,,,,
,,2024-05-18 0:00,,-0.308626293,-0.409718961,-0.313685113,0.512571324,-0.778201456,,,,,,,,,,,,
,,2024-05-19 0:00,,-0.430604941,-0.559097795,-0.313685113,0.529425217,-0.433616247,,,,,,,,,,,,
,,2024-05-20 0:00,,-0.178235323,0.0384175385,-0.313685113,0.54838189,-0.033132055,,,,,,,,,,,,
,,2024-05-21 0:00,,0.334916233,-0.559097795,-0.313685113,0.528740668,0.226955664,,,,,,,,,,,,
,,2024-05-22 0:00,,0.806006186,0.0384175385,-0.313685113,0.547085422,0.461978767,,,,,,,,,,,,
,,2024-05-23 0:00,,-0.123555239,0.337175205,-0.313685113,0.553438021,0.338897154,,,,,,,,,,,,
,,2024-05-24 0:00,,0.0741342945,-0.260340128,-0.313685113,0.544751781,0.280778683,,,,,,,,,,,,
,,2024-05-25 0:00,,-0.0226073923,-0.708476628,-0.313685113,0.517656008,0.144846408,,,,,,,,,,,,
,,2024-05-26 0:00,,-0.405367979,0.635932872,0.371815269,0.462038258,0.0539210787,,,,,,,,,,,,
,,2024-05-27 0:00,,-0.384337178,1.532205872,-0.313685113,-0.00590506854,0.457978266,,,,,,,,,,,,
,,2024-05-28 0:00,,-0.767097765,0.337175205,-0.313685113,-0.00396039791,0.422002417,,,,,,,,,,,,
,,2024-05-29 0:00,,-0.41798646,-0.260340128,-0.313685113,-0.0178323858,0.519090134,,,,,,,,,,,,
,,2024-05-30 0:00,,-0.321244773,-1.007234295,-0.313685113,-0.0692366021,-0.0240365288,,,,,,,,,,,,
,,2024-05-31 0:00,,-0.41798646,0.486554039,-0.234891965,-0.12336337,0.164444608,,,,,,,,,,,,
,,2024-06-01 0:00,,-0.258152369,0.785311705,-0.313685113,-0.153116915,0.349870971,,,,,,,,,,,,
,,2024-06-02 0:00,,-0.535758949,0.635932872,-0.313685113,-0.133734987,0.628533611,,,,,,,,,,,,
,,2024-06-03 0:00,,-0.830190169,0.187796372,-0.313685113,-0.146829155,0.861454236,,,,,,,,,,,,
,,2024-06-04 0:00,,-0.712417681,0.187796372,-0.313685113,-0.167377935,-1.55E-07,,,,,,,,,,,,
,,2024-06-05 0:00,,0.141432859,-0.559097795,-0.313685113,-0.182351935,-0.338546468,,,,,,,,,,,,
,,2024-06-06 0:00,,0.351740874,-0.409718961,-0.313685113,-0.134707444,0.0588371929,,,,,,,,,,,,
,,2024-06-07 0:00,,-0.13617372,-0.559097795,-0.250650595,-0.115260677,0.441071271,,,,,,,,,,,,
,,2024-06-08 0:00,,-0.460048063,-1.007234295,1.017919077,-0.132697935,0.48973573,,,,,,,,,,,,
,,2024-06-09 0:00,,-0.26656469,-0.708476628,-0.313685113,-0.144430797,-0.108519868,,,,,,,,,,,,
,,2024-06-10 0:00,,0.456894882,-0.110961295,-0.313685113,-0.245546121,0.273616993,,,,,,,,,,,,
,,2024-06-11 0:00,,1.129880529,0.187796372,-0.313685113,-0.27672575,0.637585852,,,,,,,,,,,,
,,2024-06-12 0:00,,-0.148792201,-0.260340128,-0.313685113,-0.307970218,0.41911447,,,,,,,,,,,,
,,2024-06-13 0:00,,-0.144586041,-0.708476628,-0.313685113,-0.38284022,-0.315401333,,,,,,,,,,,,
,,2024-06-14 0:00,,-0.0226073923,0.0384175385,-0.313685113,-0.42782706,-0.136056554,,,,,,,,,,,,
,,2024-06-15 0:00,,-0.359100216,-0.559097795,0.166953086,-0.451746594,0.389547973,,,,,,,,,,,,
,,2024-06-16 0:00,,-0.493697346,0.785311705,-0.313685113,-0.476249493,0.489262432,,,,,,,,,,,,
,,2024-06-17 0:00,,-0.548377429,0.187796372,-0.313685113,-0.612203047,0.770949899,,,,,,,,,,,,
,,2024-06-18 0:00,,-0.359100216,-0.260340128,-0.313685113,-0.602933381,0.859832916,,,,,,,,,,,,
,,2024-06-19 0:00,,0.263411508,-1.007234295,-0.313685113,-0.61246228,0.450374582,,,,,,,,,,,,
,,2024-06-20 0:00,,0.330710073,-0.409718961,-0.313685113,-0.632686866,0.651918417,,,,,,,,,,,,
,,2024-06-21 0:00,,0.103577417,-0.409718961,-0.313685113,-0.649411082,0.582232405,,,,,,,,,,,,
,,2024-06-22 0:00,,-0.220296926,-0.409718961,0.986401818,-0.682535383,0.75704286,,,,,,,,,,,,
,,2024-06-23 0:00,,-0.771303925,-0.110961295,0.0881599387,-0.692842161,0.948683998,,,,,,,,,,,,
,,2024-06-24 0:00,,0.696646018,0.934690539,-0.313685113,-0.788058634,0.050999201,,,,,,,,,,,,
,,2024-06-25 0:00,,-0.603057513,1.084069372,-0.313685113,-0.795772539,-0.414425909,,,,,,,,,,,,
,,2024-06-26 0:00,,-0.422192621,-0.559097795,-0.313685113,-0.7973283,-0.268261714,,,,,,,,,,,,
,,2024-06-27 0:00,,-0.211884606,-1.007234295,-0.313685113,-0.793050049,0.114608805,,,,,,,,,,,,
,,2024-06-28 0:00,,0.225556065,-0.260340128,-0.313685113,-0.791753582,0.189652544,,,,,,,,,,,,
,,2024-06-29 0:00,,-0.174029163,-0.110961295,2.70409243,-0.788901353,0.470143572,,,,,,,,,,,,
,,2024-06-30 0:00,,-0.632500635,2.129721205,2.223454231,-0.801347319,0.0661987721,,,,,,,,,,,,
,,2024-07-01 0:00,,-0.338069415,-0.708476628,-0.313685113,-0.725577613,0.220813466,,,,,,,,,,,,
,,2024-07-02 0:00,,-0.712417681,0.785311705,4.815748778,-0.757340668,0.556798016,,,,,,,,,,,,
,,2024-07-03 0:00,,-0.426398781,1.980342372,-0.250650595,-0.759803925,0.71558167,,,,,,,,,,,,
,,2024-07-04 0:00,,0.095165096,1.084069372,-0.0300297823,-0.775426129,-0.298183557,,,,,,,,,,,,
,,2024-07-05 0:00,,-0.674562238,1.532205872,0.00936679138,-0.78489025,-0.0166986794,,,,,,,,,,,,
,,2024-07-06 0:00,,-0.258152369,1.382827039,-0.0930643001,-0.790140897,0.406694173,,,,,,,,,,,,
,,2024-07-07 0:00,,-0.544171269,-0.708476628,1.947678215,-0.785343998,0.622009319,,,,,,,,,,,,
,,2024-07-08 0:00,,-0.973199619,-0.708476628,1.348850296,-0.750570606,0.72866758,,,,,,,,,,,,
,,2024-07-09 0:00,,-0.792334727,-0.708476628,-0.290047168,-0.742273275,0.370043132,,,,,,,,,,,,
,,2024-07-10 0:00,,-0.935344177,-0.110961295,-0.203374706,-0.747329407,0.68571147,,,,,,,,,,,,
,,2024-07-11 0:00,,0.0362788518,-0.260340128,-0.313685113,-0.734364916,0.556747203,,,,,,,,,,,,
,,2024-07-12 0:00,,0.103577417,-1.007234295,-0.313685113,-0.723020963,0.539678549,,,,,,,,,,,,
,,2024-07-13 0:00,,0.587285851,-0.559097795,-0.313685113,-0.715696029,0.438523731,,,,,,,,,,,,
,,2024-07-14 0:00,,-0.1277614,0.187796372,-0.282167854,-0.715371897,0.722574856,,,,,,,,,,,,
,,2024-07-15 0:00,,-0.973199619,0.187796372,-0.313685113,-1.000985031,0.428746954,,,,,,,,,,,,
,,2024-07-16 0:00,,-0.905901055,0.0384175385,1.025798392,-0.999364492,0.428987653,,,,,,,,,,,,
,,2024-07-17 0:00,,-0.998436581,0.337175205,7.471077842,-1.009671271,0.725172641,,,,,,,,,,,,
,,2024-07-18 0:00,,-1.065735146,-0.110961295,9.834872262,-1.025034181,0.843741236,,,,,,,,,,,,
,,2024-07-19 0:00,,-0.460048063,-0.110961295,-0.305805798,-1.037350469,0.826487064,,,,,,,,,,,,
,,2024-07-20 0:00,,-0.779716246,0.635932872,0.860332782,-1.042665894,0.659403061,,,,,,,,,,,,
,,2024-07-21 0:00,,-0.645119116,1.980342372,0.35605664,-1.046490458,0.672497651,,,,,,,,,,,,
,,2024-07-22 0:00,,-0.863839452,1.233448205,5.981887358,-1.142679327,0.76185183,,,,,,,,,,,,
,,2024-07-23 0:00,,-0.960581139,1.382827039,-0.156098818,-1.137299063,0.993828569,,,,,,,,,,,,
,,2024-07-24 0:00,,-0.855427131,0.486554039,0.844574153,-1.129779674,1.118117816,,,,,,,,,,,,
,,2024-07-25 0:00,,-0.611469834,-0.708476628,1.679781514,-1.122649195,1.049571605,,,,,,,,,,,,
,,2024-07-26 0:00,,-0.821777849,0.0384175385,0.119677198,-1.125371746,1.093548959,,,,,,,,,,,,
,,2024-07-27 0:00,,-0.783922406,-0.857855462,2.325885322,-1.128677723,0.99569698,,,,,,,,,,,,
,,2024-07-28 0:00,,-0.725036162,1.382827039,-0.313685113,-1.117268931,0.402764267,,,,,,,,,,,,
,,2024-07-29 0:00,,-0.594645193,2.279100039,-0.313685113,-1.272373613,0.794618608,,,,,,,,,,,,
,,2024-07-30 0:00,,-0.468460384,0.785311705,-0.313685113,-1.240480942,1.004941255,,,,,,,,,,,,
,,2024-07-31 0:00,,-0.762891605,0.486554039,-0.313685113,-1.220580426,1.121806038,,,,,,,,,,,,
,,2024-08-01 0:00,,-0.682974559,0.486554039,-0.290047168,-1.202754259,1.082303756,,,,,,,,,,,,
,,2024-08-02 0:00,,-0.380131018,0.486554039,-0.313685113,-1.181881408,1.353784735,,,,,,,,,,,,
,,2024-08-03 0:00,,-0.140379881,-0.110961295,-0.313685113,-1.177149347,1.288188081,,,,,,,,,,,,
,,2024-08-04 0:00,,-0.245533888,-1.007234295,-0.313685113,-1.19640166,0.881578425,,,,,,,,,,,,
,,2024-08-05 0:00,,-0.308626293,-0.559097795,-0.211254021,-0.740256034,1.062643741,,,,,,,,,,,,
,,2024-08-06 0:00,,-0.788128566,-0.559097795,-0.313685113,-0.7692317,1.234426169,,,,,,,,,,,,
,,2024-08-07 0:00,,-0.69138688,-0.857855462,-0.0457884117,-0.788484012,1.216213441,,,,,,,,,,,,
,,2024-08-08 0:00,,-0.628294475,-1.007234295,-0.313685113,-0.802874587,1.553453257,,,,,,,,,,,,
,,2024-08-09 0:00,,-0.317038613,-1.007234295,-0.313685113,-0.809097509,1.721373977,,,,,,,,,,,,
,,2024-08-10 0:00,,-0.0856997968,-0.857855462,-0.313685113,-0.807995496,1.538879885,,,,,,,,,,,,
,,2024-08-11 0:00,,-0.249740048,-0.708476628,-0.313685113,-0.796975676,0.779324393,,,,,,,,,,,,
,,2024-08-12 0:00,,-0.338069415,-0.559097795,-0.313685113,-1.051834436,0.882901948,,,,,,,,,,,,
,,2024-08-13 0:00,,-0.430604941,-0.708476628,-0.313685113,-1.051769597,0.91491024,,,,,,,,,,,,
,,2024-08-14 0:00,,-0.439017262,-0.559097795,-0.0773056707,-1.049565633,0.88164298,,,,,,,,,,,,
,,2024-08-15 0:00,,-0.531552788,-0.708476628,0.19059103,-1.037249345,1.089693239,,,,,,,,,,,,
,,2024-08-16 0:00,,-0.565202071,-0.409718961,-0.313685113,-1.040555322,1.300326452,,,,,,,,,,,,
,,2024-08-17 0:00,,-0.531552788,-0.857855462,0.553039508,-1.049047107,1.334545167,,,,,,,,,,,,
,,2024-08-18 0:00,,-0.594645193,-0.409718961,-0.313685113,-1.05799258,1.217242848,,,,,,,,,,,,
,,2024-08-19 0:00,,-0.430604941,-0.559097795,-0.132460874,-0.926058044,0.611434012,,,,,,,,,,,,
,,2024-08-20 0:00,,-0.371718697,0.0384175385,-0.313685113,-0.931503146,1.129175424,,,,,,,,,,,,
,,2024-08-21 0:00,,-0.905901055,1.382827039,3.011385704,-0.935522104,0.562582979,,,,,,,,,,,,
,,2024-08-22 0:00,,-0.809159368,1.681584705,-0.266409224,-0.94712535,0.833069215,,,,,,,,,,,,
,,2024-08-23 0:00,,-0.354894056,0.635932872,-0.313685113,-0.947254966,1.109798066,,,,,,,,,,,,
,,2024-08-24 0:00,,0.179288302,-1.305991962,-0.156098818,-0.933836666,0.700464321,,,,,,,,,,,,
,,2024-08-25 0:00,,0.107783577,-1.305991962,-0.313685113,-0.926641409,0.82658864,,,,,,,,,,,,
,,2024-08-26 0:00,,0.0446911724,-1.156613128,-0.313685113,-0.873393585,0.74398794,,,,,,,,,,,,
,,2024-08-27 0:00,,-0.531552788,-0.559097795,-0.290047168,-0.855761872,0.581139698,,,,,,,,,,,,
,,2024-08-28 0:00,,-0.863839452,0.934690539,-0.313685113,-0.837028207,0.73191025,,,,,,,,,,,,
,,2024-08-29 0:00,,-1.044704345,1.233448205,-0.313685113,-0.82665659,1.062014871,,,,,,,,,,,,
,,2024-08-30 0:00,,-0.859633291,0.187796372,-0.313685113,-0.811552973,0.941700138,,,,,,,,,,,,
,,2024-08-31 0:00,,0.0867527754,-0.559097795,-0.313685113,-0.801894459,0.932916289,,,,,,,,,,,,
,,2024-09-01 0:00,,-0.169823003,-0.409718961,-0.313685113,-0.794569464,1.29682547,,,,,,,,,,,,
,,2024-09-02 0:00,,-0.632500635,0.486554039,-0.100943615,-0.413156431,1.375611513,,,,,,,,,,,,
,,2024-09-03 0:00,,-0.943756497,0.934690539,-0.313685113,-0.410174587,1.391155585,,,,,,,,,,,,
,,2024-09-04 0:00,,-0.653531437,-0.110961295,-0.313685113,-0.382171257,1.086242144,,,,,,,,,,,,
,,2024-09-05 0:00,,-0.472666544,0.187796372,0.229987604,-0.360066777,0.765095619,,,,,,,,,,,,
,,2024-09-06 0:00,,-0.830190169,0.486554039,-0.258529909,-0.338869794,0.608363224,,,,,,,,,,,,
,,2024-09-07 0:00,,-0.523140468,-0.559097795,-0.313685113,-0.314366895,1.065709702,,,,,,,,,,,,
,,2024-09-08 0:00,,-0.224503087,-1.007234295,-0.313685113,-0.28500232,1.082107615,,,,,,,,,,,,
,,2024-09-09 0:00,,-0.287595491,-0.559097795,-0.313685113,-0.520868061,0.973245614,,,,,,,,,,,,
,,2024-09-10 0:00,,-0.203472285,-0.708476628,-0.313685113,-0.513089379,0.917876626,,,,,,,,,,,,
,,2024-09-11 0:00,,-0.161410682,-0.708476628,-0.282167854,-0.530461798,0.911049479,,,,,,,,,,,,
,,2024-09-12 0:00,,-1.006848902,-0.260340128,2.262850805,-0.535064242,1.117082093,,,,,,,,,,,,
,,2024-09-13 0:00,,-0.83439633,-0.110961295,0.285142807,-0.540509344,1.249431348,,,,,,,,,,,,
,,2024-09-14 0:00,,-0.926931856,-0.857855462,-0.313685113,-0.494355714,1.214370651,,,,,,,,,,,,
,,2024-09-15 0:00,,-0.893282574,0.785311705,-0.313685113,-0.376249088,1.214164406,,,,,,,,,,,,
,,2024-09-16 0:00,,-1.141446031,0.785311705,0.434849787,0.236479234,1.334627119,,,,,,,,,,,,
,,2024-09-17 0:00,,-0.910107215,-0.857855462,-0.313685113,0.408194101,1.058772818,,,,,,,,,,,,
,,2024-09-18 0:00,,-0.746066963,-1.007234295,-0.258529909,0.463747013,1.241360132,,,,,,,,,,,,
,,2024-09-19 0:00,,-0.653531437,-0.857855462,-0.313685113,0.462061636,1.372378294,,,,,,,,,,,,
,,2024-09-20 0:00,,-0.863839452,0.187796372,3.980541416,0.457135121,1.41034928,,,,,,,,,,,,
,,2024-09-21 0:00,,-1.229775398,3.025994205,1.813729865,0.412731707,1.334216356,,,,,,,,,,,,
,,2024-09-22 0:00,,-1.229775398,0.635932872,-0.313685113,0.322433956,1.446154982,,,,,,,,,,,,
,,2024-09-23 0:00,,-1.099384428,1.233448205,-0.313685113,0.163553964,1.672059749,,,,,,,,,,,,
,,2024-09-24 0:00,,-0.922725696,-0.110961295,-0.313685113,0.0396781645,1.420317598,,,,,,,,,,,,
,,2024-09-25 0:00,,-0.741860803,-0.857855462,-0.313685113,0.0284638891,1.378779385,,,,,,,,,,,,
,,2024-09-26 0:00,,-0.666149918,-1.007234295,-0.219133336,0.072737687,1.421930969,,,,,,,,,,,,
,,2024-09-27 0:00,,-0.716623841,0.187796372,-0.313685113,0.120252562,1.246896154,,,,,,,,,,,,
,,2024-09-28 0:00,,-0.905901055,1.681584705,-0.313685113,0.16335957,1.36717031,,,,,,,,,,,,
,,2024-09-29 0:00,,-1.057322825,0.635932872,-0.313685113,0.179629977,1.475865841,,,,,,,,,,,,
,,2024-09-30 0:00,,-0.859633291,-0.260340128,-0.313685113,-0.0053864207,1.590536623,,,,,,,,,,,,
,,2024-10-01 0:00,,-0.804953208,0.337175205,-0.116702244,0.00615198679,1.588587891,,,,,,,,,,,,
,,2024-10-02 0:00,,-0.804953208,0.337175205,-0.313685113,0.0347386816,1.614291391,,,,,,,,,,,,
,,2024-10-03 0:00,,-0.792334727,-0.559097795,-0.313685113,0.102413366,1.449864535,,,,,,,,,,,,
,,2024-10-04 0:00,,-0.792334727,-0.708476628,-0.313685113,0.140658697,1.351270147,,,,,,,,,,,,
,,2024-10-05 0:00,,-0.476872704,-1.007234295,-0.313685113,0.163476218,1.472580871,,,,,,,,,,,,
,,2024-10-06 0:00,,-0.510521987,-1.305991962,-0.313685113,0.152974985,1.45364319,,,,,,,,,,,,
,,2024-10-07 0:00,,0.0909589357,-1.455370795,-0.313685113,0.275575077,1.390641349,,,,,,,,,,,,
,,2024-10-08 0:00,,0.212937584,-0.708476628,-0.313685113,0.300531724,1.428315648,,,,,,,,,,,,
,,2024-10-09 0:00,,-0.889076414,0.0384175385,-0.313685113,0.359714684,1.644098541,,,,,,,,,,,,
,,2024-10-10 0:00,,-0.661943758,-0.559097795,-0.313685113,0.311032958,1.13647194,,,,,,,,,,,,
,,2024-10-11 0:00,,-0.0941121174,-0.708476628,-0.313685113,0.305069269,1.228226459,,,,,,,,,,,,
,,2024-10-12 0:00,,0.0825466151,-1.156613128,-0.313685113,0.328405377,1.284738475,,,,,,,,,,,,
,,2024-10-13 0:00,,-0.321244773,-0.409718961,-0.313685113,0.35751072,1.141391913,,,,,,,,,,,,
,,2024-10-14 0:00,,-0.628294475,-0.559097795,-0.313685113,0.813915639,1.25764966,,,,,,,,,,,,
,,2024-10-15 0:00,,-0.666149918,-0.708476628,-0.274288539,0.762900332,1.203358914,,,,,,,,,,,,
,,2024-10-16 0:00,,-0.0899059571,-1.156613128,-0.313685113,0.674676868,1.140516729,,,,,,,,,,,,
,,2024-10-17 0:00,,0.0573096533,-0.857855462,-0.313685113,0.650757395,1.401342888,,,,,,,,,,,,
,,2024-10-18 0:00,,-0.544171269,0.337175205,3.397472126,0.59455628,1.434200709,,,,,,,,,,,,
,,2024-10-19 0:00,,-1.099384428,1.532205872,-0.234891965,0.551708566,1.358853838,,,,,,,,,,,,
,,2024-10-20 0:00,,-0.939550337,2.129721205,-0.313685113,0.530057835,1.300136174,,,,,,,,,,,,
,,2024-10-21 0:00,,-0.800747047,0.0384175385,-0.313685113,0.0457144241,1.259170642,,,,,,,,,,,,
,,2024-10-22 0:00,,-0.968993459,-0.409718961,1.309453722,0.0405286154,0.895418451,,,,,,,,,,,,
,,2024-10-23 0:00,,-0.859633291,2.129721205,-0.132460874,0.0494093104,1.374904115,,,,,,,,,,,,
,,2024-10-24 0:00,,-0.367512537,-0.708476628,-0.313685113,0.0735232993,1.380185289,,,,,,,,,,,,
,,2024-10-25 0:00,,-0.321244773,-0.857855462,-0.313685113,0.128039037,1.007791716,,,,,,,,,,,,
,,2024-10-26 0:00,,-0.497903506,-0.708476628,-0.313685113,0.175165003,0.775337804,,,,,,,,,,,,
,,2024-10-27 0:00,,-0.342275575,-1.007234295,-0.313685113,0.187675745,1.151425715,,,,,,,,,,,,
,,2024-10-28 0:00,,-0.0478443541,-0.260340128,-0.313685113,0.738879735,1.212362433,,,,,,,,,,,,
,,2024-10-29 0:00,,-0.863839452,0.0384175385,-0.313685113,0.777513915,1.348457052,,,,,,,,,,,,
,,2024-10-30 0:00,,-0.321244773,-1.007234295,-0.313685113,0.807526755,1.457846625,,,,,,,,,,,,
,,2024-10-31 0:00,,-0.0394320335,-1.305991962,-0.313685113,0.821852491,1.368255032,,,,,,,,,,,,
,,2024-11-01 0:00,,0.179288302,-1.305991962,-0.313685113,0.852707988,0.76631723,,,,,,,,,,,,
,,2024-11-02 0:00,,-0.0730813159,-0.559097795,-0.313685113,0.955970291,0.818067127,,,,,,,,,,,,
,,2024-11-03 0:00,,-0.388543338,0.187796372,-0.313685113,1.060982749,1.163391906,,,,,,,,,,,,
,,2024-11-04 0:00,,-0.40957414,0.934690539,-0.305805798,0.874151297,1.193975625,,,,,,,,,,,,
,,2024-11-05 0:00,,-0.401161819,-0.260340128,-0.313685113,0.890292149,1.119474212,,,,,,,,,,,,
,,2024-11-06 0:00,,-0.384337178,0.337175205,-0.313685113,0.876744232,1.262851598,,,,,,,,,,,,
,,2024-11-07 0:00,,0.204525264,-1.156613128,-0.313685113,0.85788089,1.345075911,,,,,,,,,,,,
,,2024-11-08 0:00,,0.0362788518,-1.156613128,-0.313685113,0.845175692,1.307999362,,,,,,,,,,,,
,,2024-11-09 0:00,,-0.0730813159,-1.305991962,-0.313685113,0.816200027,0.74671727,,,,,,,,,,,,
,,2024-11-10 0:00,,-0.371718697,-0.708476628,-0.313685113,0.781584805,0.267055152,,,,,,,,,,,,
,,2024-11-11 0:00,,0.629347454,-1.604749628,-0.313685113,0.888757148,0.625198001,,,,,,,,,,,,
,,2024-11-12 0:00,,0.128814378,-0.110961295,-0.313685113,0.914815808,0.720183649,,,,,,,,,,,,
,,2024-11-13 0:00,,0.137226699,-0.857855462,-0.313685113,0.911315376,0.744861614,,,,,,,,,,,,
,,2024-11-14 0:00,,-0.13617372,-0.708476628,-0.305805798,0.890896274,0.8751756,,,,,,,,,,,,
,,2024-11-15 0:00,,-0.333863254,-0.708476628,-0.313685113,0.875403686,0.787293915,,,,,,,,,,,,
,,2024-11-16 0:00,,-0.535758949,0.486554039,0.198470345,0.805395361,0.726243609,,,,,,,,,,,,
,,2024-11-17 0:00,,-0.628294475,1.980342372,-0.313685113,0.737137251,0.943451478,,,,,,,,,,,,
,,2024-11-18 0:00,,-0.750273124,0.0384175385,-0.313685113,0.680417549,0.945700138,,,,,,,,,,,,
,,2024-11-19 0:00,,-0.4137803,-0.409718961,-0.313685113,0.591351366,0.877828068,,,,,,,,,,,,
,,2024-11-20 0:00,,0.191906783,-1.455370795,-0.313685113,0.53048303,0.356659559,,,,,,,,,,,,
,,2024-11-21 0:00,,0.835449308,-0.110961295,-0.313685113,0.508054479,0.265487647,,,,,,,,,,,,
,,2024-11-22 0:00,,0.0278665312,-0.110961295,-0.313685113,0.444333974,0.279019252,,,,,,,,,,,,
,,2024-11-23 0:00,,-0.439017262,-0.857855462,-0.313685113,0.378344668,0.384038941,,,,,,,,,,,,
,,2024-11-24 0:00,,-0.687180719,-1.007234295,-0.313685113,0.341525481,0.369045113,,,,,,,,,,,,
,,2024-11-25 0:00,,-0.506315827,0.337175205,-0.313685113,1.015098823,-0.00889698948,,,,,,,,,,,,
,,2024-11-26 0:00,,-0.994230421,1.681584705,1.734936718,0.983530284,0.135188515,,,,,,,,,,,,
,,2024-11-27 0:00,,-1.019467383,-1.305991962,1.451281387,0.992670272,0.214824492,,,,,,,,,,,,
,,2024-11-28 0:00,,-0.729242322,-0.708476628,0.0724013092,0.999541458,0.449628717,,,,,,,,,,,,
,,2024-11-29 0:00,,-0.123555239,-1.156613128,-0.313685113,0.98955875,0.421499077,,,,,,,,,,,,
,,2024-11-30 0:00,,-0.354894056,-0.708476628,-0.313685113,0.94301615,0.369712689,,,,,,,,,,,,
,,2024-12-01 0:00,,-0.0562566747,0.187796372,-0.274288539,0.91144761,0.445182338,,,,,,,,,,,,
,,2024-12-02 0:00,,0.398008637,-0.110961295,-0.313685113,0.428141313,0.363074253,,,,,,,,,,,,
,,2024-12-03 0:00,,-0.712417681,0.187796372,-0.313685113,0.426715229,0.419971285,,,,,,,,,,,,
,,2024-12-04 0:00,,-0.502109666,-0.260340128,-0.313685113,0.388729253,0.222598647,,,,,,,,,,,,
,,2024-12-05 0:00,,-0.502109666,0.0384175385,-0.171857447,0.344844364,0.226082899,,,,,,,,,,,,
,,2024-12-06 0:00,,-0.371718697,0.337175205,-0.313685113,0.315026041,0.388924189,,,,,,,,,,,,
,,2024-12-07 0:00,,-0.485285025,0.337175205,-0.313685113,0.283587118,0.0274940417,,,,,,,,,,,,
,,2024-12-08 0:00,,-0.476872704,-0.110961295,-0.313685113,0.251370314,0.0910511707,,,,,,,,,,,,
,,2024-12-09 0:00,,-0.0814936365,-1.007234295,-0.313685113,0.236007343,0.0240033085,,,,,,,,,,,,
,,2024-12-10 0:00,,0.271823828,-0.559097795,-0.313685113,0.231534576,0.0246318882,,,,,,,,,,,,
,,2024-12-11 0:00,,1.054169644,-1.007234295,-0.313685113,0.229589906,-0.225078476,,,,,,,,,,,,
,,2024-12-12 0:00,,0.28864847,-0.260340128,-0.313685113,0.218181175,-0.301538705,,,,,,,,,,,,
,,2024-12-13 0:00,,-0.253946209,-0.110961295,-0.313685113,0.207420648,-0.269483419,,,,,,,,,,,,
,,2024-12-14 0:00,,-0.232915407,-0.110961295,-0.313685113,0.198086205,0.064704665,,,,,,,,,,,,
,,2024-12-15 0:00,,-0.573614391,0.187796372,-0.313685113,0.205346301,0.217616412,,,,,,,,,,,,
,,2024-12-16 0:00,,-0.224503087,-1.604749628,-0.313685113,-0.398809874,-0.0260562665,,,,,,,,,,,,
,,2024-12-17 0:00,,-0.367512537,-0.110961295,-0.313685113,-0.402764053,-0.0103733889,,,,,,,,,,,,
,,2024-12-18 0:00,,-0.169823003,-0.110961295,-0.313685113,-0.405940353,0.068017296,,,,,,,,,,,,
,,2024-12-19 0:00,,0.793387705,-1.156613128,-0.313685113,-0.408662904,0.0496748683,,,,,,,,,,,,
,,2024-12-20 0:00,,0.974252598,-0.409718961,-0.282167854,-0.408662904,0.115167374,,,,,,,,,,,,
,,2024-12-21 0:00,,0.662996736,0.785311705,-0.0851849854,-0.402699215,0.016490972,,,,,,,,,,,,
,,2024-12-22 0:00,,-0.573614391,-0.260340128,-0.313685113,-0.410024149,0.447342436,,,,,,,,,,,,
,,2024-12-23 0:00,,-0.262358529,-0.110961295,-0.313685113,-0.370453919,0.240961581,,,,,,,,,,,,
,,2024-12-24 0:00,,-0.0983182777,-1.305991962,-0.313685113,-0.372268973,0.0824114053,,,,,,,,,,,,
,,2024-12-25 0:00,,-0.0730813159,-0.409718961,-0.305805798,-0.358656279,-0.312922453,,,,,,,,,,,,
,,2024-12-26 0:00,,1.2813023,1.681584705,-0.313685113,-0.352174003,-0.417943334,,,,,,,,,,,,
,,2024-12-27 0:00,,-0.195059965,0.635932872,-0.313685113,-0.356452315,-0.416272926,,,,,,,,,,,,
,,2024-12-28 0:00,,-0.182441484,0.337175205,-0.313685113,-0.354442805,-0.219241888,,,,,,,,,,,,
,,2024-12-29 0:00,,-0.392749498,-1.156613128,-0.313685113,-0.348932865,-0.0223369363,,,,,,,,,,,,
,,2024-12-30 0:00,,0.755532263,0.0384175385,-0.313685113,-0.85139029,0.0166720536,,,,,,,,,,,,
,,2024-12-31 0:00,,0.801800026,0.486554039,-0.313685113,-0.848084313,0.0298355291,,,,,,,,,,,,
,,,,,,,,-0.0300866418,,,,,,,,,,,,
,,,,,,,,0.0114359744,,,,,,,,,,,,
,,,,,,,,-0.0016315287,,,,,,,,,,,,
,,,,,,,,0.259029783,,,,,,,,,,,,
,,,,,,,,0.163261362,,,,,,,,,,,,
,,,,,,,,-0.487223352,,,,,,,,,,,,
,,,,,,,,-0.659161488,,,,,,,,,,,,
,,,,,,,,-0.640122287,,,,,,,,,,,,
,,,,,,,,-0.78790521,,,,,,,,,,,,
,,,,,,,,-0.554390814,,,,,,,,,,,,
,,,,,,,,-0.570591774,,,,,,,,,,,,
,,,,,,,,-0.538658665,,,,,,,,,,,,
,,,,,,,,-0.597039768,,,,,,,,,,,,
,,,,,,,,-0.321053086,,,,,,,,,,,,
,,,,,,,,-1.143624455,,,,,,,,,,,,
,,,,,,,,-1.828165004,,,,,,,,,,,,
,,,,,,,,-1.583647534,,,,,,,,,,,,
,,,,,,,,-1.561755262,,,,,,,,,,,,
,,,,,,,,-1.40755401,,,,,,,,,,,,
,,,,,,,,-1.244485962,,,,,,,,,,,,
,,,,,,,,-0.993177344,,,,,,,,,,,,
,,,,,,,,-1.055978685,,,,,,,,,,,,
,,,,,,,,-0.930229479,,,,,,,,,,,,
,,,,,,,,-1.002683372,,,,,,,,,,,,
,,,,,,,,-0.988051071,,,,,,,,,,,,
,,,,,,,,-1.282534644,,,,,,,,,,,,
,,,,,,,,-1.171720658,,,,,,,,,,,,
,,,,,,,,-1.192614425,,,,,,,,,,,,
,,,,,,,,-1.075521922,,,,,,,,,,,,
,,,,,,,,-0.914523947,,,,,,,,,,,,
,,,,,,,,-1.093639061,,,,,,,,,,,,
,,,,,,,,-0.992082434,,,,,,,,,,,,
,,,,,,,,-1.295183966,,,,,,,,,,,,
,,,,,,,,-1.144400058,,,,,,,,,,,,
,,,,,,,,-1.451611564,,,,,,,,,,,,
,,,,,,,,-1.30676732,,,,,,,,,,,,
,,,,,,,,-1.491513278,,,,,,,,,,,,
,,,,,,,,-1.301412458,,,,,,,,,,,,
,,,,,,,,-1.221999424,,,,,,,,,,,,
,,,,,,,,-1.61969709,,,,,,,,,,,,
,,,,,,,,-1.576795163,,,,,,,,,,,,
,,,,,,,,-1.295741672,,,,,,,,,,,,
,,,,,,,,-1.246045944,,,,,,,,,,,,
,,,,,,,,-1.125239855,,,,,,,,,,,,
,,,,,,,,-1.306743753,,,,,,,,,,,,
,,,,,,,,-1.476658315,,,,,,,,,,,,
,,,,,,,,-1.47022432,,,,,,,,,,,,
,,,,,,,,-1.18281368,,,,,,,,,,,,
,,,,,,,,-0.92437507,,,,,,,,,,,,
,,,,,,,,-1.083927284,,,,,,,,,,,,
