창덕궁,Unnamed: 1,Date,달러환율,미세먼지(PM10),불쾌지수,Windspeed(m/s),Rainfall(mm),total_7d_avg,weekday_0,weekday_1,weekday_2,weekday_3,weekday_4,weekday_5,weekday_6,season_0,season_1,season_2,season_3,운항수_표준화
3090,,2023-01-01 0:00,,0.831243148,-1.287139588,0.635932872,-0.313685113,-0.647610273,FALSE,TRUE,FALSE,FALSE,FALSE,FALSE,FALSE,TRUE,FALSE,FALSE,FALSE,-1.389810215
2534,,2023-01-03 0:00,-1.183150828,-0.207678445,-1.580707801,-0.708476628,-0.313685113,-0.808125332,FALSE,FALSE,TRUE,FALSE,FALSE,FALSE,FALSE,TRUE,FALSE,FALSE,FALSE,-1.429029717
1646,,2023-01-04 0:00,-1.150647178,0.01104189,-1.675281134,-0.559097795,-0.313685113,-0.807636612,FALSE,FALSE,FALSE,TRUE,FALSE,FALSE,FALSE,TRUE,FALSE,FALSE,FALSE,-1.523156522
1785,,2023-01-05 0:00,-1.248158129,0.57046121,-1.398577128,-1.007234295,-0.313685113,-0.80087601,FALSE,FALSE,FALSE,FALSE,TRUE,FALSE,FALSE,TRUE,FALSE,FALSE,FALSE,-1.30352731
1764,,2023-01-06 0:00,-1.280661779,1.668269047,-1.476530403,-0.110961295,-0.00639183808,-0.80038729,FALSE,FALSE,FALSE,FALSE,FALSE,TRUE,FALSE,TRUE,FALSE,FALSE,FALSE,-1.099585899
2662,,2023-01-07 0:00,-1.508187331,3.460093334,-1.458677988,-0.110961295,-0.305805798,-0.790816536,FALSE,FALSE,FALSE,FALSE,FALSE,FALSE,TRUE,TRUE,FALSE,FALSE,FALSE,-1.217244405
2701,,2023-01-08 0:00,-1.735712883,4.196171386,-1.497767718,-0.857855462,-0.313685113,-0.789798356,TRUE,FALSE,FALSE,FALSE,FALSE,FALSE,FALSE,TRUE,FALSE,FALSE,FALSE,-1.099585899
2882,,2023-01-10 0:00,-2.028245735,0.982664919,-1.351943155,-1.156613128,-0.313685113,-1.085601196,FALSE,TRUE,FALSE,FALSE,FALSE,FALSE,FALSE,TRUE,FALSE,FALSE,FALSE,-1.201556605
1910,,2023-01-11 0:00,-1.963238435,1.512641116,-1.043368051,-1.007234295,-0.313685113,-1.081854343,FALSE,FALSE,TRUE,FALSE,FALSE,FALSE,FALSE,TRUE,FALSE,FALSE,FALSE,-1.279995609
2177,,2023-01-12 0:00,-2.060749386,1.176148292,-1.188043123,-0.110961295,-0.313685113,-1.079451431,FALSE,FALSE,FALSE,TRUE,FALSE,FALSE,FALSE,TRUE,FALSE,FALSE,FALSE,-1.240776107
1239,,2023-01-13 0:00,-2.093253036,-0.56099591,-1.118078453,0.337175205,2.625299282,-1.089266571,FALSE,FALSE,FALSE,FALSE,TRUE,FALSE,FALSE,TRUE,FALSE,FALSE,FALSE,-1.146649302
1970,,2023-01-14 0:00,-2.190763987,-0.893282574,-0.580323463,0.337175205,-0.187616077,-1.091547264,FALSE,FALSE,FALSE,FALSE,FALSE,TRUE,FALSE,TRUE,FALSE,FALSE,FALSE,-0.981927393
1843,,2023-01-15 0:00,-2.255771287,-0.876457933,-1.065965874,0.785311705,-0.0615470412,-1.097534072,FALSE,FALSE,FALSE,FALSE,FALSE,FALSE,TRUE,TRUE,FALSE,FALSE,FALSE,-1.1231176
1986,,2023-01-17 0:00,-2.255771287,-0.216090766,-1.153084715,-0.708476628,-0.313685113,-0.631156699,TRUE,FALSE,FALSE,FALSE,FALSE,FALSE,FALSE,TRUE,FALSE,FALSE,FALSE,-1.021146895
1409,,2023-01-18 0:00,-2.255771287,0.71767682,-1.855577819,-0.409718961,-0.313685113,-0.634333354,FALSE,TRUE,FALSE,FALSE,FALSE,FALSE,FALSE,TRUE,FALSE,FALSE,FALSE,-1.146649302
1003,,2023-01-19 0:00,-2.353282238,1.037345003,-1.845108167,0.337175205,-0.234891965,-0.643008147,FALSE,FALSE,TRUE,FALSE,FALSE,FALSE,FALSE,TRUE,FALSE,FALSE,FALSE,-1.232932206
1082,,2023-01-20 0:00,-2.255771287,1.251859178,-1.785816652,2.129721205,-0.313685113,-0.64040164,FALSE,FALSE,FALSE,TRUE,FALSE,FALSE,FALSE,TRUE,FALSE,FALSE,FALSE,-1.264307808
3906,,2023-01-21 0:00,-2.288274938,-0.455841903,-1.540962564,-0.708476628,-0.313685113,-0.625821468,FALSE,FALSE,FALSE,FALSE,TRUE,FALSE,FALSE,TRUE,FALSE,FALSE,FALSE,-1.130961501
8326,,2023-01-22 0:00,-2.288274938,-0.325450934,-1.520494136,0.486554039,-0.313685113,-0.550925188,FALSE,FALSE,FALSE,FALSE,FALSE,TRUE,FALSE,TRUE,FALSE,FALSE,FALSE,-0.92702009
9814,,2023-01-23 0:00,-2.320778588,0.776563064,-1.55967449,0.635932872,-0.313685113,-0.574616276,FALSE,FALSE,FALSE,FALSE,FALSE,FALSE,TRUE,TRUE,FALSE,FALSE,FALSE,-1.185868804
1894,,2023-01-24 0:00,-2.320778588,-0.249740048,-1.721296289,3.474130705,-0.313685113,-0.598522818,TRUE,FALSE,FALSE,FALSE,FALSE,FALSE,FALSE,TRUE,FALSE,FALSE,FALSE,-0.879956687
2442,,2023-01-26 0:00,-2.385785889,-0.287595491,-1.446321202,0.337175205,-0.250650595,-0.603410069,FALSE,TRUE,FALSE,FALSE,FALSE,FALSE,FALSE,TRUE,FALSE,FALSE,FALSE,-1.30352731
1610,,2023-01-27 0:00,-2.418289539,0.0446911724,-1.521059371,1.830963539,-0.313685113,-0.605935097,FALSE,FALSE,TRUE,FALSE,FALSE,FALSE,FALSE,TRUE,FALSE,FALSE,FALSE,-1.358434613
2237,,2023-01-28 0:00,-2.450793189,0.107783577,-2.665476195,0.187796372,-0.313685113,-0.628538385,FALSE,FALSE,FALSE,TRUE,FALSE,FALSE,FALSE,TRUE,FALSE,FALSE,FALSE,-1.429029717
2429,,2023-01-29 0:00,-2.450793189,0.385390156,-2.228858466,0.486554039,-0.313685113,-0.704289937,FALSE,FALSE,FALSE,FALSE,TRUE,FALSE,FALSE,TRUE,FALSE,FALSE,FALSE,-1.413341916
2315,,2023-01-31 0:00,-2.418289539,0.0867527754,-2.236947121,0.635932872,-0.313685113,-0.813989972,FALSE,FALSE,FALSE,FALSE,FALSE,TRUE,FALSE,TRUE,FALSE,FALSE,FALSE,-1.327059011
1449,,2023-02-01 0:00,-2.353282238,1.096231247,-2.012092578,1.382827039,-0.313685113,-0.802016306,FALSE,FALSE,FALSE,FALSE,FALSE,FALSE,TRUE,TRUE,FALSE,FALSE,FALSE,-1.366278513
1462,,2023-02-02 0:00,-2.873340643,0.233968386,-1.860752602,0.337175205,-0.313685113,-0.804134041,TRUE,FALSE,FALSE,FALSE,FALSE,FALSE,FALSE,TRUE,FALSE,FALSE,FALSE,-1.162337102
1611,,2023-02-03 0:00,-2.51580049,0.124608218,-1.499079559,-0.110961295,-0.313685113,-0.793300773,FALSE,TRUE,FALSE,FALSE,FALSE,FALSE,FALSE,TRUE,FALSE,FALSE,FALSE,-1.468249219
3671,,2023-02-04 0:00,-2.255771287,0.0236603709,-1.375931028,-0.409718961,-0.313685113,-0.770697485,FALSE,FALSE,TRUE,FALSE,FALSE,FALSE,FALSE,TRUE,FALSE,FALSE,FALSE,-1.413341916
3009,,2023-02-05 0:00,-2.028245735,1.037345003,-1.240040198,-0.708476628,-0.313685113,-0.740885615,FALSE,FALSE,FALSE,TRUE,FALSE,FALSE,FALSE,TRUE,FALSE,FALSE,FALSE,-1.366278513
2527,,2023-02-07 0:00,-1.605698282,1.777629215,-1.378703093,-1.156613128,-0.313685113,-0.608087898,FALSE,FALSE,FALSE,FALSE,TRUE,FALSE,FALSE,TRUE,FALSE,FALSE,FALSE,-1.178024903
1801,,2023-02-08 0:00,-1.508187331,1.335982384,-1.441058883,0.337175205,-0.313685113,-0.597987735,FALSE,FALSE,FALSE,FALSE,FALSE,TRUE,FALSE,TRUE,FALSE,FALSE,FALSE,-1.083898098
1876,,2023-02-09 0:00,-1.475683681,0.0362788518,-1.320863654,0.337175205,-0.313685113,-0.587969,FALSE,FALSE,FALSE,FALSE,FALSE,FALSE,TRUE,TRUE,FALSE,FALSE,FALSE,-1.154493202
1650,,2023-02-10 0:00,-1.34566908,-0.527346628,-1.219330967,-0.110961295,-0.266409224,-0.581249087,TRUE,FALSE,FALSE,FALSE,FALSE,FALSE,FALSE,TRUE,FALSE,FALSE,FALSE,-1.091741999
4272,,2023-02-11 0:00,-1.215654478,0.347534714,-1.336531624,-0.708476628,-0.313685113,-0.565691526,FALSE,TRUE,FALSE,FALSE,FALSE,FALSE,FALSE,TRUE,FALSE,FALSE,FALSE,-1.240776107
3139,,2023-02-12 0:00,-1.085639877,1.390662467,-1.225845051,-0.708476628,-0.313685113,-0.287854424,FALSE,FALSE,TRUE,FALSE,FALSE,FALSE,FALSE,TRUE,FALSE,FALSE,FALSE,-1.232932206
3217,,2023-02-14 0:00,-1.215654478,0.0867527754,-1.184606329,0.635932872,-0.313685113,-0.140843087,FALSE,FALSE,FALSE,TRUE,FALSE,FALSE,FALSE,TRUE,FALSE,FALSE,FALSE,-1.31137121
2197,,2023-02-15 0:00,-0.825610675,-0.741860803,-1.170178415,0.337175205,-0.313685113,-0.123249167,FALSE,FALSE,FALSE,FALSE,TRUE,FALSE,FALSE,TRUE,FALSE,FALSE,FALSE,-1.091741999
1847,,2023-02-16 0:00,-0.825610675,-0.283389331,-0.811391645,0.635932872,-0.313685113,-0.11913576,FALSE,FALSE,FALSE,FALSE,FALSE,TRUE,FALSE,TRUE,FALSE,FALSE,FALSE,-1.021146895
2668,,2023-02-17 0:00,-0.175537669,0.347534714,-1.249117196,-0.708476628,-0.313685113,-0.110094465,FALSE,FALSE,FALSE,FALSE,FALSE,FALSE,TRUE,TRUE,FALSE,FALSE,FALSE,-1.154493202
3659,,2023-02-18 0:00,-0.24054497,1.903814024,-1.255644169,-1.156613128,-0.313685113,-0.110420279,TRUE,FALSE,FALSE,FALSE,FALSE,FALSE,FALSE,TRUE,FALSE,FALSE,FALSE,-1.028990795
3575,,2023-02-19 0:00,-0.27304862,0.591492011,-1.123852174,1.532205872,-0.282167854,-0.347001303,FALSE,TRUE,FALSE,FALSE,FALSE,FALSE,FALSE,TRUE,FALSE,FALSE,FALSE,-1.248620007
2876,,2023-02-21 0:00,-0.30555227,-0.220296926,-0.856942725,-0.260340128,-0.313685113,-0.413245996,FALSE,FALSE,TRUE,FALSE,FALSE,FALSE,FALSE,TRUE,FALSE,FALSE,FALSE,-1.232932206
4974,,2023-02-22 0:00,-0.0455230682,0.305473111,-1.106893306,-0.110961295,-0.313685113,-0.419151376,FALSE,FALSE,FALSE,TRUE,FALSE,FALSE,FALSE,TRUE,FALSE,FALSE,FALSE,-1.217244405
2431,,2023-02-23 0:00,-0.370559571,0.238174546,-0.839901286,-0.559097795,-0.313685113,-0.405874507,FALSE,FALSE,FALSE,FALSE,TRUE,FALSE,FALSE,TRUE,FALSE,FALSE,FALSE,-1.130961501
2814,,2023-02-24 0:00,-0.143034019,0.654584415,-1.238584095,1.084069372,-0.313685113,-0.403512335,FALSE,FALSE,FALSE,FALSE,FALSE,TRUE,FALSE,TRUE,FALSE,FALSE,FALSE,-0.895644488
4388,,2023-02-25 0:00,0.0844915329,0.14563902,-1.122558506,0.934690539,-0.313685113,-0.406648301,FALSE,FALSE,FALSE,FALSE,FALSE,FALSE,TRUE,TRUE,FALSE,FALSE,FALSE,-1.091741999
4630,,2023-02-26 0:00,0.312017085,0.0909589357,-0.762598406,-0.260340128,-0.313685113,-0.444116785,TRUE,FALSE,FALSE,FALSE,FALSE,FALSE,FALSE,TRUE,FALSE,FALSE,FALSE,-1.091741999
3648,,2023-02-28 0:00,0.507038987,0.0993712563,-0.947595782,-0.409718961,-0.313685113,-0.169660445,FALSE,TRUE,FALSE,FALSE,FALSE,FALSE,FALSE,TRUE,FALSE,FALSE,FALSE,-1.130961501
4336,,2023-03-01 0:00,0.377024385,0.0320726915,-1.199428801,1.233448205,-0.313685113,-0.161352204,FALSE,FALSE,TRUE,FALSE,FALSE,FALSE,FALSE,TRUE,FALSE,FALSE,FALSE,-1.178024903
1573,,2023-03-02 0:00,0.247009784,0.700852179,-1.219074955,0.785311705,-0.313685113,-0.185299485,FALSE,FALSE,FALSE,TRUE,FALSE,FALSE,FALSE,TRUE,FALSE,FALSE,FALSE,-1.170181003
1979,,2023-03-03 0:00,-0.20804132,0.191906783,-1.094327524,-0.260340128,-0.313685113,-0.190105258,FALSE,FALSE,FALSE,FALSE,TRUE,FALSE,FALSE,TRUE,FALSE,FALSE,FALSE,-1.036834696
4941,,2023-03-04 0:00,-0.24054497,1.42010559,-1.139500468,-0.559097795,-0.313685113,-0.146812822,FALSE,FALSE,FALSE,FALSE,FALSE,TRUE,FALSE,TRUE,FALSE,FALSE,FALSE,-0.919176189
4717,,2023-03-05 0:00,-0.30555227,1.622001284,-0.972989769,-0.857855462,-0.313685113,0.00664511091,FALSE,FALSE,FALSE,FALSE,FALSE,FALSE,TRUE,TRUE,FALSE,FALSE,FALSE,-1.146649302
3699,,2023-03-07 0:00,-0.20804132,1.066788125,-1.048386178,0.0384175385,-0.313685113,0.0707313285,TRUE,FALSE,FALSE,FALSE,FALSE,FALSE,FALSE,TRUE,FALSE,FALSE,FALSE,-0.93486399
2120,,2023-03-08 0:00,0.474535336,1.209797575,-0.939914897,-0.409718961,-0.219133336,0.0643372799,FALSE,TRUE,FALSE,FALSE,FALSE,FALSE,FALSE,TRUE,FALSE,FALSE,FALSE,-1.076054198
1970,,2023-03-09 0:00,0.474535336,1.108849728,-0.737327799,0.0384175385,-0.0221504675,0.0863296808,FALSE,FALSE,TRUE,FALSE,FALSE,FALSE,FALSE,TRUE,FALSE,FALSE,FALSE,-1.146649302
3385,,2023-03-10 0:00,0.637053588,2.353873175,-0.971672099,-0.260340128,-0.313685113,0.136871438,FALSE,FALSE,FALSE,TRUE,FALSE,FALSE,FALSE,TRUE,FALSE,FALSE,FALSE,-1.209400505
6499,,2023-03-11 0:00,0.344520735,2.740839923,-0.678961032,0.187796372,-0.313685113,0.129825711,FALSE,FALSE,FALSE,FALSE,TRUE,FALSE,FALSE,FALSE,TRUE,FALSE,FALSE,-1.052522496
2121,,2023-03-12 0:00,0.0844915329,0.919572514,-0.81477836,2.129721205,0.127556512,-0.0382530826,FALSE,FALSE,FALSE,FALSE,FALSE,TRUE,FALSE,FALSE,TRUE,FALSE,FALSE,-0.94270789
4537,,2023-03-14 0:00,0.0844915329,0.238174546,-0.964501105,0.934690539,-0.313685113,0.132792637,FALSE,FALSE,FALSE,FALSE,FALSE,FALSE,TRUE,FALSE,TRUE,FALSE,FALSE,-1.240776107
2831,,2023-03-15 0:00,-0.143034019,0.43586408,-0.705027795,1.084069372,-0.313685113,0.151363947,TRUE,FALSE,FALSE,FALSE,FALSE,FALSE,FALSE,FALSE,TRUE,FALSE,FALSE,-1.052522496
2916,,2023-03-16 0:00,0.149498833,1.096231247,-0.477752171,0.187796372,-0.313685113,0.196285398,FALSE,TRUE,FALSE,FALSE,FALSE,FALSE,FALSE,FALSE,TRUE,FALSE,FALSE,-1.248620007
3639,,2023-03-17 0:00,-0.143034019,0.305473111,-0.195614302,-0.857855462,-0.313685113,0.197466484,FALSE,FALSE,TRUE,FALSE,FALSE,FALSE,FALSE,FALSE,TRUE,FALSE,FALSE,-1.225088306
7963,,2023-03-18 0:00,-0.0130194179,1.028932682,-0.208252126,0.486554039,-0.313685113,0.235790241,FALSE,FALSE,FALSE,TRUE,FALSE,FALSE,FALSE,FALSE,TRUE,FALSE,FALSE,-1.279995609
6950,,2023-03-19 0:00,0.0844915329,2.446408702,-0.201498502,-0.260340128,-0.313685113,0.335774148,FALSE,FALSE,FALSE,FALSE,TRUE,FALSE,FALSE,FALSE,TRUE,FALSE,FALSE,-1.201556605
5714,,2023-03-21 0:00,0.116995183,1.121468208,-0.684053165,-0.857855462,-0.313685113,1.29586823,FALSE,FALSE,FALSE,FALSE,FALSE,TRUE,FALSE,FALSE,TRUE,FALSE,FALSE,-0.974083492
4528,,2023-03-22 0:00,0.0519878826,1.382250147,-0.0469852021,-0.708476628,-0.313685113,1.369583423,FALSE,FALSE,FALSE,FALSE,FALSE,FALSE,TRUE,FALSE,TRUE,FALSE,FALSE,-1.232932206
4154,,2023-03-23 0:00,-0.890617976,2.900674014,0.252789814,0.337175205,-0.313685113,1.412672213,TRUE,FALSE,FALSE,FALSE,FALSE,FALSE,FALSE,FALSE,TRUE,FALSE,FALSE,-1.028990795
5827,,2023-03-24 0:00,-0.403063221,4.503221087,-0.877793423,0.0384175385,-0.313685113,1.6633039,FALSE,TRUE,FALSE,FALSE,FALSE,FALSE,FALSE,FALSE,TRUE,FALSE,FALSE,-1.178024903
14824,,2023-03-25 0:00,-0.338055921,2.740839923,-0.762855189,0.0384175385,-0.313685113,2.016363094,FALSE,FALSE,TRUE,FALSE,FALSE,FALSE,FALSE,FALSE,TRUE,FALSE,FALSE,-1.225088306
18401,,2023-03-26 0:00,-0.30555227,1.184560613,-0.250075985,1.980342372,-0.313685113,2.353742507,FALSE,FALSE,FALSE,TRUE,FALSE,FALSE,FALSE,FALSE,TRUE,FALSE,FALSE,-1.240776107
11005,,2023-03-28 0:00,-0.24054497,1.277096139,-0.591263844,-0.260340128,-0.313685113,4.127577045,FALSE,FALSE,FALSE,FALSE,TRUE,FALSE,FALSE,FALSE,TRUE,FALSE,FALSE,-1.060366397
22147,,2023-03-29 0:00,-0.175537669,1.882783222,-0.569341393,-0.559097795,-0.313685113,4.41844668,FALSE,FALSE,FALSE,FALSE,FALSE,TRUE,FALSE,FALSE,TRUE,FALSE,FALSE,-0.974083492
10764,,2023-03-30 0:00,-0.24054497,1.811278497,-0.284385974,-0.110961295,-0.313685113,4.695917229,FALSE,FALSE,FALSE,FALSE,FALSE,FALSE,TRUE,FALSE,TRUE,FALSE,FALSE,-1.1152737
11576,,2023-03-31 0:00,-0.175537669,2.681953679,-0.402638093,-0.260340128,-0.313685113,4.776637409,TRUE,FALSE,FALSE,FALSE,FALSE,FALSE,FALSE,FALSE,TRUE,FALSE,FALSE,-1.052522496
19521,,2023-04-01 0:00,0.0194842324,2.248719168,-0.525086048,-0.708476628,-0.313685113,4.744870608,FALSE,TRUE,FALSE,FALSE,FALSE,FALSE,FALSE,FALSE,TRUE,FALSE,FALSE,-1.154493202
19936,,2023-04-02 0:00,0.182002484,0.549430408,-0.282090846,0.187796372,-0.313685113,4.593489722,FALSE,FALSE,TRUE,FALSE,FALSE,FALSE,FALSE,FALSE,TRUE,FALSE,FALSE,-1.193712704
9845,,2023-04-04 0:00,0.214506134,0.107783577,0.262505997,0.486554039,0.229987604,2.593355222,FALSE,FALSE,FALSE,TRUE,FALSE,FALSE,FALSE,FALSE,TRUE,FALSE,FALSE,-1.240776107
1855,,2023-04-05 0:00,0.214506134,-0.708211521,0.521745859,1.681584705,3.649610197,2.266686909,FALSE,FALSE,FALSE,FALSE,TRUE,FALSE,FALSE,FALSE,TRUE,FALSE,FALSE,-1.021146895
4427,,2023-04-06 0:00,0.344520735,0.831243148,0.507639194,0.337175205,-0.100943615,1.996465682,FALSE,FALSE,FALSE,FALSE,FALSE,TRUE,FALSE,FALSE,TRUE,FALSE,FALSE,-1.005459094
7655,,2023-04-07 0:00,0.377024385,1.84492778,0.191747589,0.934690539,-0.313685113,1.710971967,FALSE,FALSE,FALSE,FALSE,FALSE,FALSE,TRUE,FALSE,TRUE,FALSE,FALSE,-1.060366397
12336,,2023-04-08 0:00,0.409528036,0.128814378,-0.116184095,1.382827039,-0.313685113,1.400227769,TRUE,FALSE,FALSE,FALSE,FALSE,FALSE,FALSE,FALSE,TRUE,FALSE,FALSE,-1.076054198
9506,,2023-04-09 0:00,0.409528036,1.028932682,-0.0688327742,0.337175205,-0.313685113,1.192318318,FALSE,TRUE,FALSE,FALSE,FALSE,FALSE,FALSE,FALSE,TRUE,FALSE,FALSE,-1.076054198
5242,,2023-04-11 0:00,0.507038987,0.843861629,-0.419458673,1.980342372,-0.0851849854,1.097977975,FALSE,FALSE,TRUE,FALSE,FALSE,FALSE,FALSE,FALSE,TRUE,FALSE,FALSE,-0.997615193
7294,,2023-04-12 0:00,0.637053588,9.668385932,-0.350830098,0.635932872,-0.313685113,1.089628995,FALSE,FALSE,FALSE,TRUE,FALSE,FALSE,FALSE,FALSE,TRUE,FALSE,FALSE,-0.919176189
5381,,2023-04-13 0:00,0.149498833,6.589476595,-0.0564670148,-0.708476628,-0.313685113,1.040390492,FALSE,FALSE,FALSE,FALSE,TRUE,FALSE,FALSE,FALSE,TRUE,FALSE,FALSE,-0.809361583
5977,,2023-04-14 0:00,-0.27304862,2.450614862,0.193230628,-1.007234295,-0.313685113,1.001578015,FALSE,FALSE,FALSE,FALSE,FALSE,TRUE,FALSE,FALSE,TRUE,FALSE,FALSE,-0.683859176
7280,,2023-04-15 0:00,-0.110530369,1.020520361,0.357846265,-0.110961295,0.048763365,0.990866914,FALSE,FALSE,FALSE,FALSE,FALSE,FALSE,TRUE,FALSE,TRUE,FALSE,FALSE,-0.785829882
7622,,2023-04-16 0:00,0.0194842324,2.925910976,0.627014913,0.337175205,-0.313685113,0.961951005,TRUE,FALSE,FALSE,FALSE,FALSE,FALSE,FALSE,FALSE,TRUE,FALSE,FALSE,-0.801517683
6068,,2023-04-18 0:00,0.409528036,0.351740874,0.890752606,0.635932872,-0.195495392,1.473947818,FALSE,TRUE,FALSE,FALSE,FALSE,FALSE,FALSE,FALSE,TRUE,FALSE,FALSE,-0.825049384
6512,,2023-04-19 0:00,0.539542637,-0.0520505144,0.912450083,0.187796372,-0.313685113,1.478183391,FALSE,FALSE,TRUE,FALSE,FALSE,FALSE,FALSE,FALSE,TRUE,FALSE,FALSE,-0.958395691
5163,,2023-04-20 0:00,0.507038987,-0.430604941,0.636680047,0.187796372,-0.274288539,1.488650158,FALSE,FALSE,FALSE,TRUE,FALSE,FALSE,FALSE,FALSE,TRUE,FALSE,FALSE,-0.911332289
5910,,2023-04-21 0:00,0.702060888,0.675615217,-0.682370976,0.337175205,-0.313685113,1.531698208,FALSE,FALSE,FALSE,FALSE,TRUE,FALSE,FALSE,FALSE,TRUE,FALSE,FALSE,-0.75445428
8938,,2023-04-22 0:00,0.767068189,0.852273949,-0.953680164,0.486554039,-0.313685113,1.535404322,FALSE,FALSE,FALSE,FALSE,FALSE,TRUE,FALSE,FALSE,TRUE,FALSE,FALSE,-0.75445428
8169,,2023-04-23 0:00,0.86457914,0.751326102,-0.539763384,-0.260340128,-0.313685113,1.552346565,FALSE,FALSE,FALSE,FALSE,FALSE,FALSE,TRUE,FALSE,TRUE,FALSE,FALSE,-0.75445428
5173,,2023-04-25 0:00,0.86457914,-0.0520505144,-0.359906401,-0.559097795,-0.282167854,1.240718622,TRUE,FALSE,FALSE,FALSE,FALSE,FALSE,FALSE,FALSE,TRUE,FALSE,FALSE,-0.825049384
7819,,2023-04-26 0:00,0.994593741,-0.317038613,-0.241575396,1.233448205,-0.313685113,1.251837015,FALSE,TRUE,FALSE,FALSE,FALSE,FALSE,FALSE,FALSE,TRUE,FALSE,FALSE,-0.770142081
5848,,2023-04-27 0:00,1.027097391,0.0404850121,0.0734070866,-0.559097795,-0.313685113,1.26625423,FALSE,FALSE,TRUE,FALSE,FALSE,FALSE,FALSE,FALSE,TRUE,FALSE,FALSE,-0.895644488
6608,,2023-04-28 0:00,1.092104692,-0.0141950718,-0.236443101,-0.260340128,-0.163978133,1.231351514,FALSE,FALSE,FALSE,TRUE,FALSE,FALSE,FALSE,FALSE,TRUE,FALSE,FALSE,-0.864268886
5377,,2023-04-29 0:00,1.092104692,-0.325450934,-0.151832071,0.934690539,1.664022885,1.202598512,FALSE,FALSE,FALSE,FALSE,TRUE,FALSE,FALSE,FALSE,TRUE,FALSE,FALSE,-0.75445428
10609,,2023-04-30 0:00,1.059601041,0.095165096,0.0242093042,1.532205872,-0.305805798,1.248619621,FALSE,FALSE,FALSE,FALSE,FALSE,TRUE,FALSE,FALSE,TRUE,FALSE,FALSE,-0.75445428
5865,,2023-05-01 0:00,1.027097391,0.381183996,0.264571974,0.337175205,-0.313685113,1.249614594,FALSE,FALSE,FALSE,FALSE,FALSE,FALSE,TRUE,FALSE,TRUE,FALSE,FALSE,-0.785829882
8033,,2023-05-02 0:00,1.027097391,-0.165616842,-0.307891978,-0.260340128,-0.313685113,1.240328914,TRUE,FALSE,FALSE,FALSE,FALSE,FALSE,FALSE,FALSE,TRUE,FALSE,FALSE,-0.817205484
6391,,2023-05-03 0:00,1.059601041,0.196112943,-0.438342767,-0.260340128,-0.313685113,1.238659108,FALSE,TRUE,FALSE,FALSE,FALSE,FALSE,FALSE,FALSE,TRUE,FALSE,FALSE,-0.903488388
7458,,2023-05-04 0:00,0.539542637,0.322297752,-0.0452319864,-0.260340128,-0.313685113,1.192393663,FALSE,FALSE,TRUE,FALSE,FALSE,FALSE,FALSE,FALSE,TRUE,FALSE,FALSE,-0.75445428
3513,,2023-05-05 0:00,0.539542637,-0.931138017,-0.21553571,0.337175205,2.065867936,1.14120028,FALSE,FALSE,FALSE,TRUE,FALSE,FALSE,FALSE,FALSE,TRUE,FALSE,FALSE,-0.683859176
3571,,2023-05-06 0:00,0.507038987,-0.939550337,0.453717686,4.669161372,3.428989385,1.106867762,FALSE,FALSE,FALSE,FALSE,TRUE,FALSE,FALSE,FALSE,TRUE,FALSE,FALSE,-0.628951873
7670,,2023-05-07 0:00,0.507038987,-0.13196756,-0.211735982,0.486554039,-0.313685113,1.035229616,FALSE,FALSE,FALSE,FALSE,FALSE,TRUE,FALSE,FALSE,TRUE,FALSE,FALSE,-0.676015276
7401,,2023-05-09 0:00,0.474535336,0.562048889,0.420017927,0.0384175385,-0.313685113,1.028166408,FALSE,FALSE,FALSE,FALSE,FALSE,FALSE,TRUE,FALSE,TRUE,FALSE,FALSE,-0.597576272
5383,,2023-05-10 0:00,0.637053588,0.784975385,0.795654648,-0.708476628,-0.313685113,1.02173162,TRUE,FALSE,FALSE,FALSE,FALSE,FALSE,FALSE,FALSE,TRUE,FALSE,FALSE,-0.707390878
4997,,2023-05-11 0:00,0.637053588,0.587285851,0.573725377,0.0384175385,-0.313685113,1.051421323,FALSE,TRUE,FALSE,FALSE,FALSE,FALSE,FALSE,FALSE,TRUE,FALSE,FALSE,-0.730922579
6555,,2023-05-12 0:00,0.92958644,0.72188298,0.46140311,-0.708476628,-0.313685113,1.090356018,FALSE,FALSE,TRUE,FALSE,FALSE,FALSE,FALSE,FALSE,TRUE,FALSE,FALSE,-0.785829882
8397,,2023-05-13 0:00,0.92958644,0.250793027,-0.390697842,-0.409718961,-0.313685113,1.117439214,FALSE,FALSE,FALSE,TRUE,FALSE,FALSE,FALSE,FALSE,TRUE,FALSE,FALSE,-0.526981168
6970,,2023-05-14 0:00,0.89708279,-0.485285025,-0.477646619,-0.409718961,-0.313685113,1.122041341,FALSE,FALSE,FALSE,FALSE,TRUE,FALSE,FALSE,FALSE,TRUE,FALSE,FALSE,-0.495605566
7150,,2023-05-16 0:00,0.962090091,0.932190995,-0.0994527218,0.337175205,-0.313685113,0.896480106,FALSE,FALSE,FALSE,FALSE,FALSE,TRUE,FALSE,FALSE,TRUE,FALSE,FALSE,-0.519137267
4840,,2023-05-17 0:00,1.059601041,0.0236603709,0.17107678,1.681584705,-0.313685113,0.882429393,FALSE,FALSE,FALSE,FALSE,FALSE,FALSE,TRUE,FALSE,TRUE,FALSE,FALSE,-0.38579096
4709,,2023-05-18 0:00,0.89708279,-0.0436381938,-0.421560629,-0.260340128,-0.211254021,0.864468971,TRUE,FALSE,FALSE,FALSE,FALSE,FALSE,FALSE,FALSE,TRUE,FALSE,FALSE,-0.613264073
6040,,2023-05-19 0:00,0.669557238,-0.502109666,-0.269587264,0.0384175385,-0.313685113,0.85913379,FALSE,TRUE,FALSE,FALSE,FALSE,FALSE,FALSE,FALSE,TRUE,FALSE,FALSE,-0.56620067
7503,,2023-05-20 0:00,0.572046287,-0.434811101,0.128452908,1.084069372,-0.313685113,0.846223423,FALSE,FALSE,TRUE,FALSE,FALSE,FALSE,FALSE,FALSE,TRUE,FALSE,FALSE,-0.668171376
6893,,2023-05-21 0:00,0.474535336,1.70612449,0.548397085,1.084069372,-0.297926483,0.838933311,FALSE,FALSE,FALSE,TRUE,FALSE,FALSE,FALSE,FALSE,TRUE,FALSE,FALSE,-0.503449467
6325,,2023-05-23 0:00,0.247009784,1.222416056,0.666336183,-0.110961295,-0.313685113,0.140926572,FALSE,FALSE,FALSE,FALSE,TRUE,FALSE,FALSE,FALSE,TRUE,FALSE,FALSE,-0.542668969
4650,,2023-05-24 0:00,0.377024385,0.1582575,0.688658485,-0.409718961,-0.313685113,0.128138424,FALSE,FALSE,FALSE,FALSE,FALSE,TRUE,FALSE,FALSE,TRUE,FALSE,FALSE,-0.472073865
4261,,2023-05-25 0:00,0.572046287,-0.0562566747,0.0101419096,0.187796372,-0.313685113,0.113884115,FALSE,FALSE,FALSE,FALSE,FALSE,FALSE,TRUE,FALSE,TRUE,FALSE,FALSE,-0.511293367
4371,,2023-05-26 0:00,0.669557238,-0.13617372,-0.448719199,-0.260340128,-0.274288539,0.0951905873,TRUE,FALSE,FALSE,FALSE,FALSE,FALSE,FALSE,FALSE,TRUE,FALSE,FALSE,-0.511293367
3941,,2023-05-27 0:00,0.637053588,-0.216090766,0.239181836,-0.857855462,2.191936972,0.0641569427,FALSE,TRUE,FALSE,FALSE,FALSE,FALSE,FALSE,FALSE,TRUE,FALSE,FALSE,-0.589732371
3229,,2023-05-28 0:00,0.637053588,-1.011055062,0.21936303,-0.708476628,2.979868445,0.0393951795,FALSE,FALSE,TRUE,FALSE,FALSE,FALSE,FALSE,FALSE,TRUE,FALSE,FALSE,-0.57404457
4370,,2023-05-29 0:00,0.604549937,-0.897488734,0.384564066,-1.007234295,-0.132460874,0.270780263,FALSE,FALSE,FALSE,TRUE,FALSE,FALSE,FALSE,FALSE,TRUE,FALSE,FALSE,-0.479917765
6533,,2023-05-31 0:00,0.572046287,-0.291801651,0.548613433,0.337175205,-0.313685113,0.262879264,FALSE,FALSE,FALSE,FALSE,TRUE,FALSE,FALSE,FALSE,TRUE,FALSE,FALSE,-0.448542164
3966,,2023-06-01 0:00,0.539542637,0.14563902,0.696877948,-0.559097795,-0.313685113,0.250172544,FALSE,FALSE,FALSE,FALSE,FALSE,TRUE,FALSE,FALSE,TRUE,FALSE,FALSE,-0.432854363
4184,,2023-06-02 0:00,-0.0130194179,-0.178235323,0.579383234,0.0384175385,-0.313685113,0.249928158,FALSE,FALSE,FALSE,FALSE,FALSE,FALSE,TRUE,FALSE,TRUE,FALSE,FALSE,-0.464229964
6157,,2023-06-03 0:00,-0.0130194179,-0.0520505144,0.377962653,0.635932872,-0.313685113,0.283323975,TRUE,FALSE,FALSE,FALSE,FALSE,FALSE,FALSE,FALSE,TRUE,FALSE,FALSE,-0.393634861
5999,,2023-06-04 0:00,0.0194842324,0.0741342945,0.478174429,0.187796372,-0.313685113,0.31928561,FALSE,TRUE,FALSE,FALSE,FALSE,FALSE,FALSE,FALSE,TRUE,FALSE,FALSE,-0.487761666
6844,,2023-06-06 0:00,-0.0130194179,-0.607263674,0.747277818,0.486554039,-0.313685113,-0.243497396,FALSE,FALSE,TRUE,FALSE,FALSE,FALSE,FALSE,FALSE,TRUE,FALSE,FALSE,-0.534825068
5703,,2023-06-07 0:00,-0.0780267185,-0.0310197129,1.113372653,-0.260340128,-0.313685113,-0.253231057,FALSE,FALSE,FALSE,TRUE,FALSE,FALSE,FALSE,FALSE,TRUE,FALSE,FALSE,-0.425010462
2830,,2023-06-08 0:00,-0.0455230682,-0.569408231,0.919701662,0.187796372,-0.163978133,-0.264797431,FALSE,FALSE,FALSE,FALSE,TRUE,FALSE,FALSE,FALSE,TRUE,FALSE,FALSE,-0.370103159
3642,,2023-06-09 0:00,-0.435566872,-0.451635743,0.551910886,-0.409718961,-0.219133336,-0.287359979,FALSE,FALSE,FALSE,FALSE,FALSE,TRUE,FALSE,FALSE,TRUE,FALSE,FALSE,-0.432854363
5163,,2023-06-10 0:00,-0.435566872,-0.0184012321,0.828779853,0.0384175385,-0.250650595,-0.331629855,FALSE,FALSE,FALSE,FALSE,FALSE,FALSE,TRUE,FALSE,TRUE,FALSE,FALSE,-0.456386064
4301,,2023-06-11 0:00,-0.468070522,-0.55678975,0.651284152,-0.110961295,2.223454231,-0.378180424,TRUE,FALSE,FALSE,FALSE,FALSE,FALSE,FALSE,FALSE,TRUE,FALSE,FALSE,-0.472073865
5232,,2023-06-13 0:00,-1.085639877,-0.333863254,0.223491731,-0.110961295,-0.313685113,-0.0462473685,FALSE,TRUE,FALSE,FALSE,FALSE,FALSE,FALSE,FALSE,TRUE,FALSE,FALSE,-0.472073865
3215,,2023-06-14 0:00,-0.955625276,-0.249740048,0.633115004,-1.156613128,2.097385195,-0.0620492647,FALSE,FALSE,TRUE,FALSE,FALSE,FALSE,FALSE,FALSE,TRUE,FALSE,FALSE,-0.56620067
3359,,2023-06-15 0:00,-0.890617976,-0.178235323,0.820909795,-0.260340128,-0.313685113,-0.0668957254,FALSE,FALSE,FALSE,TRUE,FALSE,FALSE,FALSE,FALSE,TRUE,FALSE,FALSE,-0.464229964
3418,,2023-06-16 0:00,-1.053136227,-0.350687896,0.807905278,-0.260340128,-0.313685113,-0.0633117786,FALSE,FALSE,FALSE,FALSE,TRUE,FALSE,FALSE,FALSE,TRUE,FALSE,FALSE,-0.503449467
5126,,2023-06-17 0:00,-0.955625276,-0.535758949,0.906635709,-0.409718961,-0.313685113,-0.0630266536,FALSE,FALSE,FALSE,FALSE,FALSE,TRUE,FALSE,FALSE,TRUE,FALSE,FALSE,-0.323039757
4155,,2023-06-18 0:00,-0.890617976,-0.325450934,0.790407598,-0.409718961,-0.313685113,-0.0765885958,FALSE,FALSE,FALSE,FALSE,FALSE,FALSE,TRUE,FALSE,TRUE,FALSE,FALSE,-0.519137267
4787,,2023-06-20 0:00,-0.890617976,0.0404850121,0.202065796,-0.559097795,0.19059103,-0.608640513,TRUE,FALSE,FALSE,FALSE,FALSE,FALSE,FALSE,FALSE,TRUE,FALSE,FALSE,-0.519137267
2409,,2023-06-21 0:00,-0.468070522,-0.98161194,0.0453507284,-0.260340128,1.648264256,-0.625745714,FALSE,TRUE,FALSE,FALSE,FALSE,FALSE,FALSE,FALSE,TRUE,FALSE,FALSE,-0.503449467
3912,,2023-06-22 0:00,-0.435566872,-0.657737597,0.644463503,-0.110961295,-0.313685113,-0.629777641,FALSE,FALSE,TRUE,FALSE,FALSE,FALSE,FALSE,FALSE,TRUE,FALSE,FALSE,-0.519137267
3517,,2023-06-23 0:00,-0.143034019,-0.0352258732,0.896240779,-1.156613128,-0.313685113,-0.646516289,FALSE,FALSE,FALSE,TRUE,FALSE,FALSE,FALSE,FALSE,TRUE,FALSE,FALSE,-0.417166562
4665,,2023-06-24 0:00,-0.110530369,0.120402058,0.885476896,-0.409718961,-0.313685113,-0.658041923,FALSE,FALSE,FALSE,FALSE,TRUE,FALSE,FALSE,FALSE,TRUE,FALSE,FALSE,-0.354415358
3809,,2023-06-25 0:00,-0.0780267185,-0.1277614,0.809588681,-0.260340128,-0.313685113,-0.668142137,FALSE,FALSE,FALSE,FALSE,FALSE,TRUE,FALSE,FALSE,FALSE,TRUE,FALSE,-0.38579096
5058,,2023-06-27 0:00,-0.27304862,-0.628294475,0.439327927,1.382827039,-0.116702244,-0.764751366,FALSE,FALSE,FALSE,FALSE,FALSE,FALSE,TRUE,FALSE,FALSE,TRUE,FALSE,-0.401478761
5502,,2023-06-28 0:00,0.0194842324,-0.232915407,0.815503007,0.337175205,-0.313685113,-0.776399168,TRUE,FALSE,FALSE,FALSE,FALSE,FALSE,FALSE,FALSE,FALSE,TRUE,FALSE,-0.495605566
893,,2023-06-29 0:00,0.344520735,-0.148792201,0.814087264,0.0384175385,4.713317686,-0.806536902,FALSE,TRUE,FALSE,FALSE,FALSE,FALSE,FALSE,FALSE,FALSE,TRUE,FALSE,-0.432854363
2855,,2023-06-30 0:00,0.409528036,-0.060462835,0.680966251,-0.708476628,-0.234891965,-0.826411516,FALSE,FALSE,TRUE,FALSE,FALSE,FALSE,FALSE,FALSE,FALSE,TRUE,FALSE,-0.330883657
3320,,2023-07-01 0:00,0.279513435,-0.300213972,0.486298051,-0.409718961,-0.313685113,-0.837367003,FALSE,FALSE,FALSE,TRUE,FALSE,FALSE,FALSE,FALSE,FALSE,TRUE,FALSE,-0.409322661
3277,,2023-07-02 0:00,0.182002484,-0.624088315,0.565554619,-0.559097795,-0.313685113,-0.846001056,FALSE,FALSE,FALSE,FALSE,TRUE,FALSE,FALSE,FALSE,FALSE,TRUE,FALSE,-0.338727558
2825,,2023-07-04 0:00,-0.143034019,-0.157204522,0.400119139,0.0384175385,4.555731392,-0.895955133,FALSE,FALSE,FALSE,FALSE,FALSE,TRUE,FALSE,FALSE,FALSE,TRUE,FALSE,-0.495605566
2600,,2023-07-05 0:00,-0.20804132,-0.375924857,0.895011603,2.129721205,0.891850041,-0.894977693,FALSE,FALSE,FALSE,FALSE,FALSE,FALSE,TRUE,FALSE,FALSE,TRUE,FALSE,-0.393634861
2141,,2023-07-06 0:00,-0.175537669,0.427451759,0.81070578,0.635932872,-0.313685113,-0.885569845,TRUE,FALSE,FALSE,FALSE,FALSE,FALSE,FALSE,FALSE,FALSE,TRUE,FALSE,-0.534825068
2584,,2023-07-07 0:00,-0.0455230682,0.330710073,0.625319824,0.0384175385,-0.313685113,-0.884022206,FALSE,TRUE,FALSE,FALSE,FALSE,FALSE,FALSE,FALSE,FALSE,TRUE,FALSE,-0.511293367
4054,,2023-07-08 0:00,-0.0455230682,-0.943756497,0.705251421,-0.110961295,-0.313685113,-0.877302293,FALSE,FALSE,TRUE,FALSE,FALSE,FALSE,FALSE,FALSE,FALSE,TRUE,FALSE,-0.425010462
2051,,2023-07-09 0:00,-0.0780267185,-0.809159368,0.691656059,-0.409718961,3.428989385,-0.879053527,FALSE,FALSE,FALSE,TRUE,FALSE,FALSE,FALSE,FALSE,FALSE,TRUE,FALSE,-0.38579096
1747,,2023-07-11 0:00,-0.468070522,-0.657737597,0.422668295,-0.559097795,4.279955376,-0.951145378,FALSE,FALSE,FALSE,FALSE,TRUE,FALSE,FALSE,FALSE,FALSE,TRUE,FALSE,-0.330883657
3955,,2023-07-12 0:00,-0.598085123,-0.472666544,0.751142266,-1.156613128,-0.258529909,-0.951837745,FALSE,FALSE,FALSE,FALSE,FALSE,TRUE,FALSE,FALSE,FALSE,TRUE,FALSE,-0.448542164
1276,,2023-07-13 0:00,-1.020632577,-0.485285025,0.929542358,-1.007234295,6.903767182,-0.956684205,FALSE,FALSE,FALSE,FALSE,FALSE,FALSE,TRUE,FALSE,FALSE,TRUE,FALSE,-0.417166562
1384,,2023-07-14 0:00,-1.41067638,-0.788128566,1.068838821,0.934690539,5.414576697,-0.954240605,TRUE,FALSE,FALSE,FALSE,FALSE,FALSE,FALSE,FALSE,FALSE,TRUE,FALSE,-0.432854363
2961,,2023-07-15 0:00,-1.37817273,-0.514728147,1.194210406,1.084069372,-0.132460874,-0.956521299,FALSE,TRUE,FALSE,FALSE,FALSE,FALSE,FALSE,FALSE,FALSE,TRUE,FALSE,-0.456386064
3849,,2023-07-16 0:00,-1.37817273,-0.165616842,1.48227847,0.0384175385,0.450608416,-0.949516312,FALSE,FALSE,TRUE,FALSE,FALSE,FALSE,FALSE,FALSE,FALSE,TRUE,FALSE,-0.393634861
3201,,2023-07-18 0:00,-1.44318003,-0.872251772,1.027039088,-1.305991962,-0.132460874,-0.973690394,FALSE,FALSE,FALSE,TRUE,FALSE,FALSE,FALSE,FALSE,FALSE,TRUE,FALSE,-0.37794706
2464,,2023-07-19 0:00,-1.313165429,-0.296007812,0.257194408,-0.857855462,-0.313685113,-0.974749313,FALSE,FALSE,FALSE,FALSE,TRUE,FALSE,FALSE,FALSE,FALSE,TRUE,FALSE,-0.37794706
1987,,2023-07-20 0:00,-1.248158129,0.71767682,0.65274722,-0.708476628,-0.313685113,-0.974016208,FALSE,FALSE,FALSE,FALSE,FALSE,TRUE,FALSE,FALSE,FALSE,TRUE,FALSE,-0.464229964
2351,,2023-07-21 0:00,-0.760603374,1.083612766,0.848559083,-0.708476628,-0.313685113,-0.986478543,FALSE,FALSE,FALSE,FALSE,FALSE,FALSE,TRUE,FALSE,FALSE,TRUE,FALSE,-0.37794706
3027,,2023-07-22 0:00,-0.793107025,-0.115142919,1.122106834,0.486554039,0.655470599,-0.998777971,TRUE,FALSE,FALSE,FALSE,FALSE,FALSE,FALSE,FALSE,FALSE,TRUE,FALSE,-0.464229964
1743,,2023-07-23 0:00,-0.825610675,-1.040498184,1.367814976,-0.260340128,2.85379941,-0.993850082,FALSE,TRUE,FALSE,FALSE,FALSE,FALSE,FALSE,FALSE,FALSE,TRUE,FALSE,-0.432854363
3867,,2023-07-25 0:00,-0.988128926,-0.70400536,0.680766291,0.635932872,0.127556512,-1.047492791,FALSE,FALSE,TRUE,FALSE,FALSE,FALSE,FALSE,FALSE,FALSE,TRUE,FALSE,-0.362259259
4277,,2023-07-26 0:00,-0.988128926,-0.910107215,0.981146071,-0.110961295,-0.234891965,-1.037881298,FALSE,FALSE,FALSE,TRUE,FALSE,FALSE,FALSE,FALSE,FALSE,TRUE,FALSE,-0.291664155
2863,,2023-07-27 0:00,-0.988128926,-0.586232872,1.048396405,-0.559097795,-0.313685113,-1.032179564,FALSE,FALSE,FALSE,FALSE,TRUE,FALSE,FALSE,FALSE,FALSE,TRUE,FALSE,-0.213225151
2309,,2023-07-28 0:00,-0.988128926,-0.161410682,0.596991903,-0.260340128,-0.313685113,-1.016174022,FALSE,FALSE,FALSE,FALSE,FALSE,TRUE,FALSE,FALSE,FALSE,TRUE,FALSE,-0.213225151
3428,,2023-07-29 0:00,-0.988128926,-0.253946209,0.776992781,-0.409718961,-0.313685113,-1.004729866,FALSE,FALSE,FALSE,FALSE,FALSE,FALSE,TRUE,FALSE,FALSE,TRUE,FALSE,-0.283820255
3215,,2023-07-30 0:00,-1.020632577,-0.825984009,1.174221876,-0.559097795,1.65614357,-1.006440361,TRUE,FALSE,FALSE,FALSE,FALSE,FALSE,FALSE,FALSE,FALSE,TRUE,FALSE,-0.291664155
4081,,2023-08-01 0:00,-0.825610675,-0.232915407,1.042947841,-0.559097795,-0.313685113,-0.97285843,FALSE,TRUE,FALSE,FALSE,FALSE,FALSE,FALSE,FALSE,FALSE,TRUE,FALSE,-0.275976354
2230,,2023-08-02 0:00,-0.30555227,-0.0436381938,1.372240541,-0.260340128,-0.313685113,-0.978030705,FALSE,FALSE,TRUE,FALSE,FALSE,FALSE,FALSE,FALSE,FALSE,TRUE,FALSE,-0.20538125
2225,,2023-08-03 0:00,-0.24054497,-0.531552788,0.894194414,-0.260340128,-0.313685113,-0.981451745,FALSE,FALSE,FALSE,TRUE,FALSE,FALSE,FALSE,FALSE,FALSE,TRUE,FALSE,-0.150473947
2149,,2023-08-04 0:00,0.0194842324,-0.586232872,0.784773804,-0.559097795,-0.313685113,-0.989515599,FALSE,FALSE,FALSE,FALSE,TRUE,FALSE,FALSE,FALSE,FALSE,TRUE,FALSE,-0.189693449
2406,,2023-08-05 0:00,0.0194842324,-0.594645193,1.206612196,-0.409718961,-0.313685113,-0.994443539,FALSE,FALSE,FALSE,FALSE,FALSE,TRUE,FALSE,FALSE,FALSE,TRUE,FALSE,-0.283820255
2164,,2023-08-06 0:00,-0.0130194179,-0.548377429,1.219663612,-0.857855462,0.0724013092,-1.001285619,FALSE,FALSE,FALSE,FALSE,FALSE,FALSE,TRUE,FALSE,FALSE,TRUE,FALSE,-0.134786147
3982,,2023-08-08 0:00,0.312017085,-1.112002909,0.969512794,0.934690539,-0.313685113,-0.880071707,TRUE,FALSE,FALSE,FALSE,FALSE,FALSE,FALSE,FALSE,FALSE,TRUE,FALSE,-0.221069051
3117,,2023-08-09 0:00,0.344520735,-1.095178268,0.758182112,1.382827039,-0.297926483,-0.888339208,FALSE,TRUE,FALSE,FALSE,FALSE,FALSE,FALSE,FALSE,FALSE,TRUE,FALSE,-0.221069051
682,,2023-08-10 0:00,0.312017085,-1.225569237,0.992011834,2.129721205,6.470404871,-0.894040941,FALSE,FALSE,TRUE,FALSE,FALSE,FALSE,FALSE,FALSE,FALSE,TRUE,FALSE,-0.174005649
1393,,2023-08-11 0:00,0.539542637,-0.754479284,0.563151127,0.0384175385,3.365954867,-0.883655654,FALSE,FALSE,FALSE,TRUE,FALSE,FALSE,FALSE,FALSE,FALSE,TRUE,FALSE,-0.134786147
5530,,2023-08-12 0:00,0.637053588,-0.640912956,0.868869267,-0.559097795,-0.195495392,-0.856613146,FALSE,FALSE,FALSE,FALSE,TRUE,FALSE,FALSE,FALSE,FALSE,TRUE,FALSE,-0.0563471422
5283,,2023-08-13 0:00,0.702060888,-0.253946209,0.703287338,-0.857855462,-0.313685113,-0.820325697,FALSE,FALSE,FALSE,FALSE,FALSE,TRUE,FALSE,FALSE,FALSE,TRUE,FALSE,-0.213225151
5517,,2023-08-15 0:00,0.92958644,-0.367512537,0.592097451,0.0384175385,-0.313685113,-0.570351771,FALSE,FALSE,FALSE,FALSE,FALSE,FALSE,TRUE,FALSE,FALSE,TRUE,FALSE,-0.166161748
4244,,2023-08-16 0:00,1.059601041,-0.645119116,0.650770842,-0.260340128,-0.290047168,-0.556871256,TRUE,FALSE,FALSE,FALSE,FALSE,FALSE,FALSE,FALSE,FALSE,TRUE,FALSE,-0.268132454
2675,,2023-08-17 0:00,1.157111992,-0.392749498,0.710035486,-0.857855462,-0.313685113,-0.538788667,FALSE,TRUE,FALSE,FALSE,FALSE,FALSE,FALSE,FALSE,FALSE,TRUE,FALSE,-0.166161748
2499,,2023-08-18 0:00,0.962090091,0.0404850121,0.842344103,-0.559097795,-0.305805798,-0.527751752,FALSE,FALSE,TRUE,FALSE,FALSE,FALSE,FALSE,FALSE,FALSE,TRUE,FALSE,-0.111254445
3308,,2023-08-19 0:00,0.994593741,-0.249740048,0.790144376,-0.559097795,-0.313685113,-0.543390793,FALSE,FALSE,FALSE,TRUE,FALSE,FALSE,FALSE,FALSE,FALSE,TRUE,FALSE,-0.032815441
3440,,2023-08-20 0:00,1.059601041,-0.321244773,1.101404625,-1.007234295,-0.313685113,-0.566727187,FALSE,FALSE,FALSE,FALSE,TRUE,FALSE,FALSE,FALSE,FALSE,TRUE,FALSE,-0.111254445
3291,,2023-08-22 0:00,0.962090091,-0.603057513,1.228983181,0.187796372,3.042902963,-0.313896694,FALSE,FALSE,FALSE,FALSE,FALSE,TRUE,FALSE,FALSE,FALSE,TRUE,FALSE,-0.150473947
1218,,2023-08-23 0:00,0.962090091,-1.019467383,1.440461596,-0.110961295,2.979868445,-0.306525155,FALSE,FALSE,FALSE,FALSE,FALSE,FALSE,TRUE,FALSE,FALSE,TRUE,FALSE,-0.0563471422
2568,,2023-08-24 0:00,0.442031686,-1.141446031,1.210274204,0.785311705,0.0960392534,-0.299968148,TRUE,FALSE,FALSE,FALSE,FALSE,FALSE,FALSE,FALSE,FALSE,TRUE,FALSE,-0.181849549
2710,,2023-08-25 0:00,0.572046287,-0.6997992,0.711850708,0.486554039,-0.313685113,-0.288075961,FALSE,TRUE,FALSE,FALSE,FALSE,FALSE,FALSE,FALSE,FALSE,TRUE,FALSE,-0.174005649
4198,,2023-08-26 0:00,0.539542637,0.179288302,1.019442018,-0.708476628,-0.313685113,-0.274636186,FALSE,FALSE,TRUE,FALSE,FALSE,FALSE,FALSE,FALSE,FALSE,TRUE,FALSE,0.022091862
4361,,2023-08-27 0:00,0.507038987,-0.228709247,1.140970588,-0.708476628,-0.313685113,-0.257164433,FALSE,FALSE,FALSE,TRUE,FALSE,FALSE,FALSE,FALSE,FALSE,TRUE,FALSE,-0.0641910427
1928,,2023-08-29 0:00,0.442031686,-0.876457933,1.116137144,-0.260340128,4.00417936,-0.218491656,FALSE,FALSE,FALSE,FALSE,TRUE,FALSE,FALSE,FALSE,FALSE,TRUE,FALSE,-0.0485032418
4459,,2023-08-30 0:00,0.442031686,-0.636706796,1.229736373,-1.754128462,-0.037909097,-0.183303866,FALSE,FALSE,FALSE,FALSE,FALSE,TRUE,FALSE,FALSE,FALSE,TRUE,FALSE,-0.142630047
2983,,2023-08-31 0:00,0.539542637,-0.523140468,1.407248098,-1.455370795,-0.313685113,-0.157727518,FALSE,FALSE,FALSE,FALSE,FALSE,FALSE,TRUE,FALSE,FALSE,TRUE,FALSE,-0.032815441
3159,,2023-09-01 0:00,0.377024385,-0.359100216,1.37105089,-0.409718961,-0.313685113,-0.135002063,TRUE,FALSE,FALSE,FALSE,FALSE,FALSE,FALSE,FALSE,FALSE,TRUE,FALSE,-0.126942246
4912,,2023-09-02 0:00,0.377024385,-0.211884606,1.336465071,-1.007234295,-0.313685113,-0.103235261,FALSE,TRUE,FALSE,FALSE,FALSE,FALSE,FALSE,FALSE,FALSE,TRUE,FALSE,-0.134786147
4504,,2023-09-03 0:00,0.344520735,-0.674562238,1.281184618,-0.110961295,-0.305805798,-0.0754596991,FALSE,FALSE,TRUE,FALSE,FALSE,FALSE,FALSE,FALSE,FALSE,TRUE,FALSE,-0.0406593414
5179,,2023-09-05 0:00,0.669557238,-0.725036162,1.45647619,-0.708476628,-0.313685113,-0.302492716,FALSE,FALSE,FALSE,TRUE,FALSE,FALSE,FALSE,FALSE,FALSE,TRUE,FALSE,-0.0485032418
3210,,2023-09-06 0:00,0.832075489,-0.645119116,1.481616745,0.187796372,-0.313685113,-0.298175715,FALSE,FALSE,FALSE,FALSE,TRUE,FALSE,FALSE,FALSE,FALSE,TRUE,FALSE,0.0534674637
3456,,2023-09-07 0:00,0.92958644,-0.661943758,1.471302702,0.337175205,-0.313685113,-0.283310519,FALSE,FALSE,FALSE,FALSE,FALSE,TRUE,FALSE,FALSE,FALSE,TRUE,FALSE,-0.126942246
3700,,2023-09-08 0:00,0.86457914,-0.6997992,1.513685921,0.0384175385,-0.313685113,-0.272151438,FALSE,FALSE,FALSE,FALSE,FALSE,FALSE,TRUE,FALSE,FALSE,TRUE,FALSE,-0.0249715405
5399,,2023-09-09 0:00,0.86457914,-0.161410682,1.526876153,-0.708476628,-0.313685113,-0.264576303,TRUE,FALSE,FALSE,FALSE,FALSE,FALSE,FALSE,FALSE,FALSE,TRUE,FALSE,-0.119098346
4740,,2023-09-10 0:00,0.86457914,0.0320726915,1.388544912,-1.007234295,-0.313685113,-0.262865808,FALSE,TRUE,FALSE,FALSE,FALSE,FALSE,FALSE,FALSE,FALSE,TRUE,FALSE,-0.0406593414
6224,,2023-09-12 0:00,0.637053588,-0.228709247,1.54385886,-1.156613128,-0.313685113,0.218522133,FALSE,FALSE,TRUE,FALSE,FALSE,FALSE,FALSE,FALSE,FALSE,TRUE,FALSE,-0.0798788435
2553,,2023-09-13 0:00,0.669557238,-0.523140468,1.68614799,-0.708476628,0.93912593,0.197059243,FALSE,FALSE,FALSE,TRUE,FALSE,FALSE,FALSE,FALSE,FALSE,TRUE,FALSE,-0.683859176
4285,,2023-09-14 0:00,0.604549937,-1.065735146,1.34538457,0.187796372,-0.313685113,0.186551788,FALSE,FALSE,FALSE,FALSE,TRUE,FALSE,FALSE,FALSE,FALSE,TRUE,FALSE,0.131906468
3289,,2023-09-15 0:00,0.637053588,-1.027879703,0.437911552,0.486554039,-0.148219503,0.163215446,FALSE,FALSE,FALSE,FALSE,FALSE,TRUE,FALSE,FALSE,FALSE,TRUE,FALSE,0.0299357624
5033,,2023-09-16 0:00,0.637053588,-0.960581139,0.554484968,-0.857855462,2.735609689,0.145458669,FALSE,FALSE,FALSE,FALSE,FALSE,FALSE,TRUE,FALSE,FALSE,TRUE,FALSE,-0.0641910427
4743,,2023-09-17 0:00,0.637053588,-0.817571688,0.560279041,-1.305991962,-0.0773056707,0.141671076,TRUE,FALSE,FALSE,FALSE,FALSE,FALSE,FALSE,FALSE,FALSE,TRUE,FALSE,-0.119098346
5663,,2023-09-19 0:00,0.702060888,-0.380131018,1.104359004,-1.007234295,-0.313685113,0.0464640614,FALSE,TRUE,FALSE,FALSE,FALSE,FALSE,FALSE,FALSE,FALSE,TRUE,FALSE,-0.417166562
1912,,2023-09-20 0:00,0.734564539,-0.569408231,1.232117855,0.635932872,2.507109561,0.0588856569,FALSE,FALSE,TRUE,FALSE,FALSE,FALSE,FALSE,FALSE,FALSE,TRUE,FALSE,0.0691552646
4149,,2023-09-21 0:00,1.027097391,-1.044704345,1.329713936,0.0384175385,-0.313685113,0.0733436114,FALSE,FALSE,FALSE,TRUE,FALSE,FALSE,FALSE,FALSE,FALSE,TRUE,FALSE,-0.032815441
4149,,2023-09-22 0:00,1.027097391,-0.632500635,1.193355003,-0.857855462,-0.313685113,0.107472534,FALSE,FALSE,FALSE,FALSE,TRUE,FALSE,FALSE,FALSE,FALSE,TRUE,FALSE,0.0456235633
6280,,2023-09-23 0:00,0.994593741,-0.674562238,1.270823518,0.337175205,-0.313685113,0.145226092,FALSE,FALSE,FALSE,FALSE,FALSE,TRUE,FALSE,FALSE,FALSE,TRUE,FALSE,-0.0955666444
5815,,2023-09-24 0:00,0.962090091,-0.968993459,1.37105089,0.934690539,-0.313685113,0.177848166,FALSE,FALSE,FALSE,FALSE,FALSE,FALSE,TRUE,FALSE,FALSE,TRUE,FALSE,-0.0877227439
2760,,2023-09-26 0:00,1.482148495,-1.196126115,1.409119737,0.187796372,1.876764383,0.993420925,TRUE,FALSE,FALSE,FALSE,FALSE,FALSE,FALSE,FALSE,FALSE,TRUE,FALSE,-0.0641910427
4315,,2023-09-27 0:00,1.417141195,-1.057322825,1.295128981,-0.708476628,0.0330047356,1.032559215,FALSE,TRUE,FALSE,FALSE,FALSE,FALSE,FALSE,FALSE,FALSE,TRUE,FALSE,-0.174005649
11530,,2023-09-28 0:00,1.482148495,0.389596317,1.438089204,-0.409718961,-0.313685113,1.14337639,FALSE,FALSE,TRUE,FALSE,FALSE,FALSE,FALSE,FALSE,FALSE,TRUE,FALSE,-0.00928373968
24988,,2023-09-29 0:00,1.514652145,0.00683572973,1.123352792,-1.305991962,-0.313685113,1.34489174,FALSE,FALSE,FALSE,TRUE,FALSE,FALSE,FALSE,FALSE,FALSE,TRUE,FALSE,-0.0563471422
20590,,2023-09-30 0:00,1.579659446,-0.371718697,0.708131691,-0.110961295,0.0408840503,1.478027078,FALSE,FALSE,FALSE,FALSE,TRUE,FALSE,FALSE,FALSE,FALSE,TRUE,FALSE,0.00640406117
26851,,2023-10-01 0:00,1.612163096,-0.354894056,0.818019224,0.187796372,-0.313685113,1.665369548,FALSE,FALSE,FALSE,FALSE,FALSE,TRUE,FALSE,FALSE,FALSE,TRUE,FALSE,-0.103410545
25601,,2023-10-02 0:00,1.677170397,-0.729242322,1.042335857,-0.857855462,-0.313685113,1.368414963,FALSE,FALSE,FALSE,FALSE,FALSE,FALSE,TRUE,FALSE,FALSE,TRUE,FALSE,-0.158317848
20668,,2023-10-03 0:00,1.709674047,-0.628294475,1.100273314,-0.857855462,-0.313685113,1.4273057,TRUE,FALSE,FALSE,FALSE,FALSE,FALSE,FALSE,FALSE,FALSE,TRUE,FALSE,-0.0877227439
5205,,2023-10-05 0:00,1.384637544,-0.169823003,1.037631039,0.486554039,-0.313685113,1.328095587,FALSE,TRUE,FALSE,FALSE,FALSE,FALSE,FALSE,FALSE,FALSE,TRUE,FALSE,-0.0485032418
5245,,2023-10-06 0:00,1.319630244,-0.535758949,0.543238478,-1.007234295,-0.313685113,1.141893413,FALSE,FALSE,TRUE,FALSE,FALSE,FALSE,FALSE,FALSE,FALSE,TRUE,FALSE,-0.0171276401
8816,,2023-10-07 0:00,1.352133894,-0.502109666,0.6381762,-0.260340128,-0.313685113,1.030668996,FALSE,FALSE,FALSE,TRUE,FALSE,FALSE,FALSE,FALSE,FALSE,TRUE,FALSE,-0.0563471422
8945,,2023-10-08 0:00,1.384637544,-0.952168818,0.547090103,0.337175205,-0.313685113,0.895293704,FALSE,FALSE,FALSE,FALSE,TRUE,FALSE,FALSE,FALSE,FALSE,TRUE,FALSE,-0.738766479
7277,,2023-10-09 0:00,1.417141195,-0.935344177,0.794966285,-0.559097795,-0.219133336,0.988429397,FALSE,FALSE,FALSE,FALSE,FALSE,TRUE,FALSE,FALSE,FALSE,TRUE,FALSE,-0.338727558
5807,,2023-10-11 0:00,1.027097391,-0.460048063,0.9323,-0.857855462,-0.313685113,0.998366704,FALSE,FALSE,FALSE,FALSE,FALSE,FALSE,TRUE,FALSE,FALSE,FALSE,TRUE,1.198676926
5909,,2023-10-12 0:00,1.124608342,-0.304420132,1.103481872,-1.156613128,-0.313685113,1.023087779,TRUE,FALSE,FALSE,FALSE,FALSE,FALSE,FALSE,FALSE,FALSE,FALSE,TRUE,1.065330619
5915,,2023-10-13 0:00,1.417141195,-0.00578275116,0.973630677,-1.156613128,-0.313685113,1.062918435,FALSE,TRUE,FALSE,FALSE,FALSE,FALSE,FALSE,FALSE,FALSE,FALSE,TRUE,1.104550121
6709,,2023-10-14 0:00,1.449644845,-0.27918317,1.068125284,-1.305991962,0.143315142,1.058682861,FALSE,FALSE,TRUE,FALSE,FALSE,FALSE,FALSE,FALSE,FALSE,FALSE,TRUE,1.065330619
9314,,2023-10-15 0:00,1.482148495,-0.41798646,1.342482881,-0.409718961,-0.313685113,1.057135222,FALSE,FALSE,FALSE,TRUE,FALSE,FALSE,FALSE,FALSE,FALSE,FALSE,TRUE,1.08886232
3104,,2023-10-16 0:00,1.514652145,0.393802477,1.33578467,0.187796372,-0.313685113,1.26573663,FALSE,FALSE,FALSE,FALSE,TRUE,FALSE,FALSE,FALSE,FALSE,FALSE,TRUE,1.128081822
8107,,2023-10-17 0:00,1.482148495,-0.0436381938,1.302754126,-1.007234295,-0.313685113,1.275510979,FALSE,FALSE,FALSE,FALSE,FALSE,TRUE,FALSE,FALSE,FALSE,FALSE,TRUE,1.159457424
7144,,2023-10-18 0:00,1.384637544,-0.0941121174,1.137622845,-0.260340128,-0.313685113,1.313508922,FALSE,FALSE,FALSE,FALSE,FALSE,FALSE,TRUE,FALSE,FALSE,FALSE,TRUE,1.230052528
5016,,2023-10-19 0:00,1.612163096,-0.190853804,1.11371861,-1.156613128,0.332418695,1.327193032,TRUE,FALSE,FALSE,FALSE,FALSE,FALSE,FALSE,FALSE,FALSE,FALSE,TRUE,1.120237922
8518,,2023-10-20 0:00,1.514652145,-0.55678975,1.081887404,1.382827039,-0.313685113,1.335989992,FALSE,TRUE,FALSE,FALSE,FALSE,FALSE,FALSE,FALSE,FALSE,FALSE,TRUE,1.08101842
13079,,2023-10-21 0:00,1.514652145,-0.674562238,1.071844586,0.0384175385,-0.227012651,1.378345727,FALSE,FALSE,TRUE,FALSE,FALSE,FALSE,FALSE,FALSE,FALSE,FALSE,TRUE,1.112394021
12131,,2023-10-22 0:00,1.547155796,-0.455841903,1.061164069,-0.857855462,-0.313685113,1.393577475,FALSE,FALSE,FALSE,TRUE,FALSE,FALSE,FALSE,FALSE,FALSE,FALSE,TRUE,0.7280429
11789,,2023-10-24 0:00,1.254622943,-0.0310197129,0.520310122,-0.857855462,-0.313685113,1.541036793,FALSE,FALSE,FALSE,FALSE,TRUE,FALSE,FALSE,FALSE,FALSE,FALSE,TRUE,1.159457424
17764,,2023-10-25 0:00,1.352133894,0.0362788518,0.800814124,-1.305991962,-0.313685113,1.574188276,FALSE,FALSE,FALSE,FALSE,FALSE,TRUE,FALSE,FALSE,FALSE,FALSE,TRUE,1.112394021
8417,,2023-10-26 0:00,1.644666746,0.625141293,0.567866771,-0.260340128,-0.313685113,1.601108616,FALSE,FALSE,FALSE,FALSE,FALSE,FALSE,TRUE,FALSE,FALSE,FALSE,TRUE,1.292803731
10557,,2023-10-27 0:00,1.547155796,-0.232915407,0.660398417,-0.559097795,-0.313685113,1.640654147,TRUE,FALSE,FALSE,FALSE,FALSE,FALSE,FALSE,FALSE,FALSE,FALSE,TRUE,1.151613523
15866,,2023-10-28 0:00,1.514652145,0.0404850121,0.777824631,-1.305991962,-0.313685113,1.729071629,FALSE,TRUE,FALSE,FALSE,FALSE,FALSE,FALSE,FALSE,FALSE,FALSE,TRUE,1.159457424
17439,,2023-10-29 0:00,1.514652145,-0.199266125,0.847801104,-0.857855462,-0.313685113,1.788899067,FALSE,FALSE,TRUE,FALSE,FALSE,FALSE,FALSE,FALSE,FALSE,FALSE,TRUE,1.143769623
12876,,2023-10-31 0:00,1.449644845,0.536811927,0.763147823,-0.708476628,-0.313685113,1.776553225,FALSE,FALSE,FALSE,TRUE,FALSE,FALSE,FALSE,FALSE,FALSE,FALSE,TRUE,1.112394021
8210,,2023-11-01 0:00,1.579659446,0.498956484,0.295098016,0.187796372,-0.313685113,1.751791462,FALSE,FALSE,FALSE,FALSE,TRUE,FALSE,FALSE,FALSE,FALSE,FALSE,TRUE,1.206520826
11119,,2023-11-02 0:00,1.124608342,0.221349905,0.49175415,0.934690539,-0.313685113,1.768652277,FALSE,FALSE,FALSE,FALSE,FALSE,TRUE,FALSE,FALSE,FALSE,FALSE,TRUE,1.245740329
8932,,2023-11-03 0:00,0.409528036,-0.0983182777,0.563066882,0.785311705,0.35605664,1.741243267,FALSE,FALSE,FALSE,FALSE,FALSE,FALSE,TRUE,FALSE,FALSE,FALSE,TRUE,1.371242735
18076,,2023-11-04 0:00,0.214506134,0.671409057,0.748229555,0.486554039,-0.313685113,1.710331739,TRUE,FALSE,FALSE,FALSE,FALSE,FALSE,FALSE,FALSE,FALSE,FALSE,TRUE,1.214364727
7769,,2023-11-05 0:00,0.0194842324,-0.868045612,0.842182566,1.532205872,0.505763619,1.599270229,FALSE,TRUE,FALSE,FALSE,FALSE,FALSE,FALSE,FALSE,FALSE,FALSE,TRUE,1.230052528
9782,,2023-11-07 0:00,0.0194842324,-0.611469834,0.697132456,1.382827039,-0.313685113,0.871236115,FALSE,FALSE,TRUE,FALSE,FALSE,FALSE,FALSE,FALSE,FALSE,FALSE,TRUE,1.261428129
8108,,2023-11-08 0:00,0.0844915329,-0.460048063,0.155886482,-0.857855462,-0.313685113,0.822649238,FALSE,FALSE,FALSE,TRUE,FALSE,FALSE,FALSE,FALSE,FALSE,FALSE,TRUE,1.230052528
7061,,2023-11-09 0:00,0.0844915329,-0.195059965,0.389737086,-0.260340128,0.0881599387,0.741318171,FALSE,FALSE,FALSE,FALSE,TRUE,FALSE,FALSE,FALSE,FALSE,FALSE,TRUE,1.543808545
6611,,2023-11-10 0:00,0.377024385,-0.70400536,0.657772302,2.428478872,-0.313685113,0.655303549,FALSE,FALSE,FALSE,FALSE,FALSE,TRUE,FALSE,FALSE,FALSE,FALSE,TRUE,1.708530454
9716,,2023-11-11 0:00,0.442031686,-0.628294475,0.709362792,-0.110961295,-0.313685113,0.53397892,FALSE,FALSE,FALSE,FALSE,FALSE,FALSE,TRUE,FALSE,FALSE,FALSE,TRUE,1.418306138
7826,,2023-11-12 0:00,0.539542637,-0.628294475,0.374518207,-0.110961295,-0.313685113,0.488650176,TRUE,FALSE,FALSE,FALSE,FALSE,FALSE,FALSE,FALSE,FALSE,FALSE,TRUE,1.347711034
7326,,2023-11-14 0:00,0.702060888,-0.338069415,0.469124779,-0.857855462,-0.313685113,-0.237696702,FALSE,TRUE,FALSE,FALSE,FALSE,FALSE,FALSE,FALSE,FALSE,FALSE,TRUE,1.441837839
4988,,2023-11-15 0:00,-0.143034019,0.364359355,0.5226413,-1.156613128,-0.313685113,-0.298135026,FALSE,FALSE,TRUE,FALSE,FALSE,FALSE,FALSE,FALSE,FALSE,FALSE,TRUE,1.371242735
2569,,2023-11-16 0:00,-0.30555227,0.398008637,0.292944021,-0.559097795,0.348177325,-0.358695518,FALSE,FALSE,FALSE,TRUE,FALSE,FALSE,FALSE,FALSE,FALSE,FALSE,TRUE,1.300647632
4783,,2023-11-17 0:00,-0.30555227,-0.636706796,0.154341278,0.934690539,-0.313685113,-0.398485435,FALSE,FALSE,FALSE,FALSE,TRUE,FALSE,FALSE,FALSE,FALSE,FALSE,TRUE,1.316335432
6390,,2023-11-18 0:00,-0.403063221,-0.523140468,0.232919358,1.830963539,-0.313685113,-0.455869221,FALSE,FALSE,FALSE,FALSE,FALSE,TRUE,FALSE,FALSE,FALSE,FALSE,TRUE,1.355554935
6408,,2023-11-19 0:00,-0.500574172,0.259205348,0.238950701,0.187796372,-0.313685113,-0.474277675,FALSE,FALSE,FALSE,FALSE,FALSE,FALSE,TRUE,FALSE,FALSE,FALSE,TRUE,1.418306138
6319,,2023-11-21 0:00,-0.468070522,0.0657219739,0.271670198,-0.857855462,-0.313685113,-0.357788107,TRUE,FALSE,FALSE,FALSE,FALSE,FALSE,FALSE,FALSE,FALSE,FALSE,TRUE,1.441837839
4306,,2023-11-22 0:00,-0.20804132,0.313885431,0.243042187,-0.708476628,-0.313685113,-0.365118908,FALSE,TRUE,FALSE,FALSE,FALSE,FALSE,FALSE,FALSE,FALSE,FALSE,TRUE,1.253584229
4257,,2023-11-23 0:00,-0.24054497,2.379110137,0.259822341,1.532205872,-0.305805798,-0.368295613,FALSE,FALSE,TRUE,FALSE,FALSE,FALSE,FALSE,FALSE,FALSE,FALSE,TRUE,1.379086636
3671,,2023-11-24 0:00,-0.0455230682,-0.754479284,0.243042187,2.279100039,-0.313685113,-0.384260467,FALSE,FALSE,FALSE,TRUE,FALSE,FALSE,FALSE,FALSE,FALSE,FALSE,TRUE,1.292803731
4939,,2023-11-25 0:00,-0.0455230682,-0.670356078,0.416263572,-0.708476628,-0.313685113,-0.397252262,FALSE,FALSE,FALSE,FALSE,TRUE,FALSE,FALSE,FALSE,FALSE,FALSE,TRUE,1.347711034
4485,,2023-11-26 0:00,-0.0780267185,-0.4137803,0.343248133,-1.305991962,-0.313685113,-0.426453244,FALSE,FALSE,FALSE,FALSE,FALSE,TRUE,FALSE,FALSE,FALSE,FALSE,TRUE,1.371242735
4151,,2023-11-28 0:00,-0.403063221,-0.1277614,0.250379004,1.382827039,-0.313685113,-0.609978781,FALSE,FALSE,FALSE,FALSE,FALSE,FALSE,TRUE,FALSE,FALSE,FALSE,TRUE,1.339867134
5321,,2023-11-29 0:00,-0.565581473,-0.729242322,-0.22835423,0.337175205,-0.313685113,-0.626839596,TRUE,FALSE,FALSE,FALSE,FALSE,FALSE,FALSE,FALSE,FALSE,FALSE,TRUE,1.300647632
1931,,2023-11-30 0:00,-0.500574172,-0.6997992,-0.0238659128,0.785311705,-0.313685113,-0.649890865,FALSE,TRUE,FALSE,FALSE,FALSE,FALSE,FALSE,FALSE,FALSE,FALSE,TRUE,1.237896428
1917,,2023-12-01 0:00,-0.0455230682,-0.493697346,0.138261428,-0.409718961,-0.313685113,-0.665326259,FALSE,FALSE,TRUE,FALSE,FALSE,FALSE,FALSE,FALSE,FALSE,FALSE,TRUE,1.284959831
3568,,2023-12-02 0:00,-0.0780267185,-0.00578275116,0.0684900705,0.187796372,-0.313685113,-0.675915193,FALSE,FALSE,FALSE,TRUE,FALSE,FALSE,FALSE,FALSE,FALSE,FALSE,TRUE,1.198676926
3334,,2023-12-03 0:00,-0.0780267185,0.14563902,0.105806935,-0.857855462,-0.313685113,-0.685689593,FALSE,FALSE,FALSE,FALSE,TRUE,FALSE,FALSE,FALSE,FALSE,FALSE,TRUE,1.316335432
3837,,2023-12-05 0:00,0.149498833,0.28864847,0.0338445756,-0.409718961,-0.313685113,-1.091093507,FALSE,FALSE,FALSE,FALSE,FALSE,TRUE,FALSE,FALSE,FALSE,FALSE,TRUE,1.379086636
1356,,2023-12-06 0:00,0.247009784,1.243446857,-0.0303807163,0.0384175385,-0.0142711528,-1.098302141,FALSE,FALSE,FALSE,FALSE,FALSE,FALSE,TRUE,FALSE,FALSE,FALSE,TRUE,1.371242735
2057,,2023-12-07 0:00,0.604549937,1.180354453,-0.253779029,0.486554039,-0.313685113,-1.095166174,TRUE,FALSE,FALSE,FALSE,FALSE,FALSE,FALSE,FALSE,FALSE,FALSE,TRUE,1.230052528
2444,,2023-12-08 0:00,-0.0130194179,2.000555711,-0.214828878,1.084069372,-0.313685113,-1.086165568,FALSE,TRUE,FALSE,FALSE,FALSE,FALSE,FALSE,FALSE,FALSE,FALSE,TRUE,1.245740329
4325,,2023-12-09 0:00,0.116995183,1.56311504,-0.0327282208,-0.409718961,-0.313685113,-1.07679846,FALSE,FALSE,TRUE,FALSE,FALSE,FALSE,FALSE,FALSE,FALSE,FALSE,TRUE,1.284959831
3673,,2023-12-10 0:00,0.247009784,1.836515459,-0.0543079388,-3.397295628,-0.313685113,-1.06694258,FALSE,FALSE,FALSE,TRUE,FALSE,FALSE,FALSE,FALSE,FALSE,FALSE,TRUE,1.284959831
3456,,2023-12-12 0:00,0.344520735,-1.133033711,0.0443367446,0.635932872,-0.282167854,-0.834393943,FALSE,FALSE,FALSE,FALSE,TRUE,FALSE,FALSE,FALSE,FALSE,FALSE,TRUE,1.410462238
2334,,2023-12-13 0:00,0.442031686,-0.872251772,0.0939677884,0.187796372,-0.313685113,-0.83846661,FALSE,FALSE,FALSE,FALSE,FALSE,TRUE,FALSE,FALSE,FALSE,FALSE,TRUE,1.426150038
975,,2023-12-14 0:00,-0.370559571,-1.040498184,0.0522856621,3.324751872,1.025798392,-0.848933377,FALSE,FALSE,FALSE,FALSE,FALSE,FALSE,TRUE,FALSE,FALSE,FALSE,TRUE,1.418306138
910,,2023-12-15 0:00,-0.435566872,-1.217156917,0.0114359744,1.980342372,2.136781769,-0.865020398,TRUE,FALSE,FALSE,FALSE,FALSE,FALSE,FALSE,FALSE,FALSE,FALSE,TRUE,1.300647632
2178,,2023-12-16 0:00,-0.370559571,-0.741860803,0.0975123418,4.370403706,-0.195495392,-0.88542442,FALSE,TRUE,FALSE,FALSE,FALSE,FALSE,FALSE,FALSE,FALSE,FALSE,TRUE,1.347711034
1583,,2023-12-17 0:00,-0.30555227,-0.851220971,-0.0190914227,1.382827039,-0.313685113,-0.909371701,FALSE,FALSE,TRUE,FALSE,FALSE,FALSE,FALSE,FALSE,FALSE,FALSE,TRUE,1.245740329
2657,,2023-12-19 0:00,0.0519878826,-0.41798646,0.0681023049,-0.559097795,-0.290047168,-1.172302407,FALSE,FALSE,FALSE,TRUE,FALSE,FALSE,FALSE,FALSE,FALSE,FALSE,TRUE,1.222208627
1899,,2023-12-20 0:00,-0.175537669,0.330710073,0.243358453,1.681584705,-0.250650595,-1.174257288,FALSE,FALSE,FALSE,FALSE,TRUE,FALSE,FALSE,FALSE,FALSE,FALSE,TRUE,1.292803731
725,,2023-12-21 0:00,-0.0455230682,-0.607263674,0.561254238,1.084069372,-0.313685113,-1.179551729,FALSE,FALSE,FALSE,FALSE,FALSE,TRUE,FALSE,FALSE,FALSE,FALSE,TRUE,1.292803731
860,,2023-12-22 0:00,-0.175537669,-0.573614391,0.274383525,0.635932872,-0.313685113,-1.184764742,FALSE,FALSE,FALSE,FALSE,FALSE,FALSE,TRUE,FALSE,FALSE,FALSE,TRUE,1.379086636
2221,,2023-12-23 0:00,-0.20804132,-0.216090766,0.164309596,-0.708476628,-0.313685113,-1.181465869,TRUE,FALSE,FALSE,FALSE,FALSE,FALSE,FALSE,FALSE,FALSE,FALSE,TRUE,1.253584229
3532,,2023-12-24 0:00,-0.27304862,-0.0310197129,0.00580997552,-1.007234295,-0.227012651,-1.158496029,FALSE,TRUE,FALSE,FALSE,FALSE,FALSE,FALSE,FALSE,FALSE,FALSE,TRUE,1.324179333
3191,,2023-12-25 0:00,-0.338055921,0.309679271,-0.369047398,-1.156613128,-0.258529909,-0.806490438,FALSE,FALSE,TRUE,FALSE,FALSE,FALSE,FALSE,FALSE,FALSE,FALSE,TRUE,1.002579415
4208,,2023-12-27 0:00,-0.435566872,1.676681368,-0.811196891,-1.305991962,-0.313685113,-0.781280643,FALSE,FALSE,FALSE,TRUE,FALSE,FALSE,FALSE,FALSE,FALSE,FALSE,TRUE,1.284959831
2441,,2023-12-28 0:00,-0.630588773,0.801800026,-0.453674719,-1.007234295,-0.313685113,-0.765152933,FALSE,FALSE,FALSE,FALSE,TRUE,FALSE,FALSE,FALSE,FALSE,FALSE,TRUE,1.300647632
2611,,2023-12-29 0:00,-0.533077822,0.351740874,-0.401568515,-0.857855462,-0.313685113,-0.746459405,FALSE,FALSE,FALSE,FALSE,FALSE,TRUE,FALSE,FALSE,FALSE,FALSE,TRUE,1.347711034
4287,,2023-12-30 0:00,,0.166669821,-0.915047303,0.486554039,0.718505117,-0.717054776,FALSE,FALSE,FALSE,FALSE,FALSE,FALSE,TRUE,FALSE,FALSE,FALSE,TRUE,1.300647632
3320,,2023-12-31 0:00,,-0.506315827,-1.007050559,-0.409718961,0.0566426798,-0.710334914,TRUE,FALSE,FALSE,FALSE,FALSE,FALSE,FALSE,FALSE,FALSE,FALSE,TRUE,1.230052528
,,2024-01-01 0:00,,-0.455841903,-1.140108126,-0.857855462,-0.313685113,-1.132541422,FALSE,TRUE,FALSE,FALSE,FALSE,FALSE,FALSE,FALSE,FALSE,FALSE,TRUE,1.386930536
,,2024-01-02 0:00,,0.217143745,-1.064708562,-1.007234295,-0.313685113,-1.135310836,FALSE,FALSE,TRUE,FALSE,FALSE,FALSE,FALSE,FALSE,FALSE,FALSE,TRUE,1.292803731
,,2024-01-03 0:00,,0.284442309,-0.940366645,-1.007234295,-0.266409224,-1.149076424,FALSE,FALSE,FALSE,TRUE,FALSE,FALSE,FALSE,FALSE,FALSE,FALSE,TRUE,1.182989125
,,2024-01-04 0:00,,0.730295301,-0.815793074,-0.559097795,-0.313685113,-1.155796286,FALSE,FALSE,FALSE,FALSE,TRUE,FALSE,FALSE,FALSE,FALSE,FALSE,TRUE,1.26927203
,,2024-01-05 0:00,,1.929050985,-1.043748705,0.0384175385,-0.313685113,-1.16052058,FALSE,FALSE,FALSE,FALSE,FALSE,TRUE,FALSE,FALSE,FALSE,FALSE,TRUE,1.347711034
,,2024-01-06 0:00,,-0.375924857,-1.17947999,-0.110961295,-0.124581559,-1.17620036,FALSE,FALSE,FALSE,FALSE,FALSE,FALSE,TRUE,FALSE,FALSE,FALSE,TRUE,1.386930536
,,2024-01-07 0:00,,-0.472666544,-1.272020549,1.233448205,-0.313685113,-1.198152021,TRUE,FALSE,FALSE,FALSE,FALSE,FALSE,FALSE,FALSE,FALSE,FALSE,TRUE,1.46536954
,,2024-01-08 0:00,,-0.502109666,-0.881963563,-0.708476628,-0.313685113,-0.874428245,FALSE,TRUE,FALSE,FALSE,FALSE,FALSE,FALSE,FALSE,FALSE,FALSE,TRUE,1.418306138
,,2024-01-09 0:00,,-0.0562566747,-0.714887118,-0.409718961,-0.187616077,-0.857974722,FALSE,FALSE,TRUE,FALSE,FALSE,FALSE,FALSE,FALSE,FALSE,FALSE,TRUE,1.308491532
,,2024-01-10 0:00,,1.348600864,-0.613564848,-0.857855462,-0.313685113,-0.853006095,FALSE,FALSE,FALSE,TRUE,FALSE,FALSE,FALSE,FALSE,FALSE,FALSE,TRUE,1.222208627
,,2024-01-11 0:00,,1.201385254,-0.522625129,-0.559097795,-0.313685113,-0.850358899,FALSE,FALSE,FALSE,FALSE,TRUE,FALSE,FALSE,FALSE,FALSE,FALSE,TRUE,1.371242735
,,2024-01-12 0:00,,0.835449308,-0.523672405,0.0384175385,-0.313685113,-0.849544366,FALSE,FALSE,FALSE,FALSE,FALSE,TRUE,FALSE,FALSE,FALSE,FALSE,TRUE,1.418306138
,,2024-01-13 0:00,,-0.388543338,-1.375112545,-1.305991962,-0.313685113,-0.849544366,FALSE,FALSE,FALSE,FALSE,FALSE,FALSE,TRUE,FALSE,FALSE,FALSE,TRUE,1.481057341
,,2024-01-14 0:00,,-0.060462835,-1.224883908,-0.260340128,-0.0694263559,-0.84685638,TRUE,FALSE,FALSE,FALSE,FALSE,FALSE,FALSE,FALSE,FALSE,FALSE,TRUE,1.363398835
,,2024-01-15 0:00,,-0.485285025,-0.722784778,0.337175205,-0.313685113,-1.126589681,FALSE,TRUE,FALSE,FALSE,FALSE,FALSE,FALSE,FALSE,FALSE,FALSE,TRUE,1.332023233
,,2024-01-16 0:00,,-0.140379881,-1.054813648,-1.156613128,-0.313685113,-1.135142255,FALSE,FALSE,TRUE,FALSE,FALSE,FALSE,FALSE,FALSE,FALSE,FALSE,TRUE,1.300647632
,,2024-01-17 0:00,,0.0615158136,-1.183229109,-0.409718961,0.450608416,-1.124431103,FALSE,FALSE,FALSE,TRUE,FALSE,FALSE,FALSE,FALSE,FALSE,FALSE,TRUE,1.27711593
,,2024-01-18 0:00,,-0.405367979,-1.468519176,0.187796372,-0.274288539,-1.115349018,FALSE,FALSE,FALSE,FALSE,TRUE,FALSE,FALSE,FALSE,FALSE,FALSE,TRUE,1.386930536
,,2024-01-19 0:00,,-0.851220971,-1.599714452,3.324751872,-0.313685113,-1.110828371,FALSE,FALSE,FALSE,FALSE,FALSE,TRUE,FALSE,FALSE,FALSE,FALSE,TRUE,1.426150038
,,2024-01-20 0:00,,-1.208744596,-1.592496548,4.519782539,-0.282167854,-1.117263159,FALSE,FALSE,FALSE,FALSE,FALSE,FALSE,TRUE,TRUE,FALSE,FALSE,FALSE,1.567340246
,,2024-01-21 0:00,,-0.939550337,-1.161522449,0.337175205,-0.282167854,-1.114127243,TRUE,FALSE,FALSE,FALSE,FALSE,FALSE,FALSE,TRUE,FALSE,FALSE,FALSE,1.418306138
,,2024-01-22 0:00,,-0.1277614,-1.215084115,2.727236539,-0.297926483,-0.983179721,FALSE,TRUE,FALSE,FALSE,FALSE,FALSE,FALSE,TRUE,FALSE,FALSE,FALSE,1.379086636
,,2024-01-23 0:00,,-0.523140468,-1.074203114,2.428478872,-0.313685113,-1.004683402,FALSE,FALSE,TRUE,FALSE,FALSE,FALSE,FALSE,TRUE,FALSE,FALSE,FALSE,1.363398835
,,2024-01-24 0:00,,-0.481078865,-0.614495265,1.532205872,-0.313685113,-1.026105655,FALSE,FALSE,FALSE,TRUE,FALSE,FALSE,FALSE,TRUE,FALSE,FALSE,FALSE,1.284959831
,,2024-01-25 0:00,,-0.514728147,-0.970440193,-0.260340128,-0.313685113,-1.042355583,FALSE,FALSE,FALSE,FALSE,TRUE,FALSE,FALSE,TRUE,FALSE,FALSE,FALSE,1.371242735
,,2024-01-26 0:00,,-0.0562566747,-0.753108676,-0.559097795,-0.313685113,-1.047812982,FALSE,FALSE,FALSE,FALSE,FALSE,TRUE,FALSE,TRUE,FALSE,FALSE,FALSE,1.535964644
,,2024-01-27 0:00,,0.709264499,-0.425496488,-0.708476628,-0.313685113,-1.042477801,FALSE,FALSE,FALSE,FALSE,FALSE,FALSE,TRUE,TRUE,FALSE,FALSE,FALSE,1.535964644
,,2024-01-28 0:00,,-0.102524438,-0.302395903,-0.559097795,-0.313685113,-1.043129428,TRUE,FALSE,FALSE,FALSE,FALSE,FALSE,FALSE,TRUE,FALSE,FALSE,FALSE,1.308491532
,,2024-01-29 0:00,,0.355947034,-0.331756482,-0.857855462,-0.313685113,-0.995008064,FALSE,TRUE,FALSE,FALSE,FALSE,FALSE,FALSE,TRUE,FALSE,FALSE,FALSE,1.46536954
,,2024-01-30 0:00,,0.957427957,-0.78394326,-1.305991962,-0.313685113,-0.980875923,FALSE,FALSE,TRUE,FALSE,FALSE,FALSE,FALSE,TRUE,FALSE,FALSE,FALSE,1.410462238
,,2024-01-31 0:00,,0.949015636,-1.033282867,-0.559097795,-0.313685113,-0.970164822,FALSE,FALSE,FALSE,TRUE,FALSE,FALSE,FALSE,TRUE,FALSE,FALSE,FALSE,1.245740329
,,2024-02-01 0:00,,1.98793723,-0.87298024,-0.260340128,-0.313685113,-0.963200575,FALSE,FALSE,FALSE,FALSE,TRUE,FALSE,FALSE,TRUE,FALSE,FALSE,FALSE,1.418306138
,,2024-02-02 0:00,,0.376977836,-0.954247846,-0.260340128,-0.313685113,-0.948905527,FALSE,FALSE,FALSE,FALSE,FALSE,TRUE,FALSE,TRUE,FALSE,FALSE,FALSE,1.394774437
,,2024-02-03 0:00,,0.120402058,-1.360068256,-0.110961295,-0.313685113,-0.946706312,FALSE,FALSE,FALSE,FALSE,FALSE,FALSE,TRUE,TRUE,FALSE,FALSE,FALSE,1.661467051
,,2024-02-04 0:00,,-0.426398781,-1.881434695,-0.708476628,-0.313685113,-0.932126139,TRUE,FALSE,FALSE,FALSE,FALSE,FALSE,FALSE,TRUE,FALSE,FALSE,FALSE,1.308491532
,,2024-02-05 0:00,,-1.175095314,-2.141247536,4.071646039,-0.00639183808,-0.960372889,FALSE,TRUE,FALSE,FALSE,FALSE,FALSE,FALSE,TRUE,FALSE,FALSE,FALSE,1.575184146
,,2024-02-06 0:00,,-0.901694894,-1.879452157,-0.110961295,-0.297926483,-0.959354709,FALSE,FALSE,TRUE,FALSE,FALSE,FALSE,FALSE,TRUE,FALSE,FALSE,FALSE,1.473213441
,,2024-02-07 0:00,,-0.106730598,-1.75635728,-0.260340128,-0.313685113,-0.961472445,FALSE,FALSE,FALSE,TRUE,FALSE,FALSE,FALSE,TRUE,FALSE,FALSE,FALSE,1.371242735
,,2024-02-08 0:00,,0.128814378,-2.136271323,-1.007234295,-0.313685113,-0.948358483,FALSE,FALSE,FALSE,FALSE,TRUE,FALSE,FALSE,TRUE,FALSE,FALSE,FALSE,1.504589043
,,2024-02-09 0:00,,-0.00157659086,-2.457356048,-0.110961295,-0.313685113,-0.912030295,FALSE,FALSE,FALSE,FALSE,FALSE,TRUE,FALSE,TRUE,FALSE,FALSE,FALSE,0.563320991
,,2024-02-10 0:00,,0.448482561,-2.361236502,-0.559097795,-0.313685113,-0.834894062,FALSE,FALSE,FALSE,FALSE,FALSE,FALSE,TRUE,TRUE,FALSE,FALSE,FALSE,1.245740329
,,2024-02-11 0:00,,1.092025086,-1.916579462,-0.110961295,-0.313685113,-0.777428797,TRUE,FALSE,FALSE,FALSE,FALSE,FALSE,FALSE,TRUE,FALSE,FALSE,FALSE,1.677154852
,,2024-02-12 0:00,,1.222416056,-1.758820376,-0.708476628,-0.313685113,-0.547655247,FALSE,TRUE,FALSE,FALSE,FALSE,FALSE,FALSE,TRUE,FALSE,FALSE,FALSE,1.551652445
,,2024-02-13 0:00,,1.314951582,-1.716649808,0.337175205,-0.313685113,-0.532871479,FALSE,FALSE,TRUE,FALSE,FALSE,FALSE,FALSE,TRUE,FALSE,FALSE,FALSE,1.606559748
,,2024-02-14 0:00,,0.402214798,-1.34374008,-0.110961295,-0.313685113,-0.519105891,FALSE,FALSE,FALSE,TRUE,FALSE,FALSE,FALSE,TRUE,FALSE,FALSE,FALSE,0.406442983
,,2024-02-15 0:00,,-0.523140468,-1.43636146,0.934690539,0.545160193,-0.524033831,FALSE,FALSE,FALSE,FALSE,TRUE,FALSE,FALSE,TRUE,FALSE,FALSE,FALSE,1.198676926
,,2024-02-16 0:00,,-0.371718697,-1.364719206,-0.708476628,-0.313685113,-0.557755512,FALSE,FALSE,FALSE,FALSE,FALSE,TRUE,FALSE,TRUE,FALSE,FALSE,FALSE,1.653623151
,,2024-02-17 0:00,,0.385390156,-1.376249415,-0.857855462,-0.313685113,-0.610863036,FALSE,FALSE,FALSE,FALSE,FALSE,FALSE,TRUE,TRUE,FALSE,FALSE,FALSE,1.575184146
,,2024-02-18 0:00,,0.111989737,-1.747279104,0.785311705,1.033677706,-0.66747308,TRUE,FALSE,FALSE,FALSE,FALSE,FALSE,FALSE,TRUE,FALSE,FALSE,FALSE,1.473213441
,,2024-02-19 0:00,,-0.876457933,-1.645416952,0.0384175385,0.387573899,-0.86753372,FALSE,TRUE,FALSE,FALSE,FALSE,FALSE,FALSE,TRUE,FALSE,FALSE,FALSE,1.520276843
,,2024-02-20 0:00,,-0.245533888,-1.352811032,1.681584705,-0.10882293,-0.873235454,,,,,,,,,,,,
,,2024-02-21 0:00,,-1.26342468,-1.240033607,4.370403706,1.08883291,-0.878692853,,,,,,,,,,,,
,,2024-02-22 0:00,,-1.191919955,-1.460595528,2.876615372,0.379694584,-0.861546913,,,,,,,,,,,,
,,2024-02-23 0:00,,-1.065735146,-1.413474205,1.830963539,-0.282167854,-0.848473639,,,,,,,,,,,,
,,2024-02-24 0:00,,-0.889076414,-1.094126899,0.934690539,-0.132460874,-0.852464827,,,,,,,,,,,,
,,2024-02-25 0:00,,-0.863839452,-1.333943752,-0.409718961,-0.171857447,-0.8444824,,,,,,,,,,,,
,,2024-02-26 0:00,,-0.195059965,-1.74108189,-0.559097795,-0.313685113,-0.708752363,,,,,,,,,,,,
,,2024-02-27 0:00,,-0.69559304,-1.77644424,1.084069372,-0.313685113,-0.686597056,,,,,,,,,,,,
,,2024-02-28 0:00,,-0.0941121174,-1.752913845,-0.260340128,-0.313685113,-0.671405995,,,,,,,,,,,,
,,2024-02-29 0:00,,0.877510911,-1.820624087,-0.110961295,-0.313685113,-0.667862788,,,,,,,,,,,,
,,2024-03-01 0:00,,0.128814378,-1.473458821,3.175373039,-0.313685113,-0.665663574,,,,,,,,,,,,
,,2024-03-02 0:00,,-0.0310197129,-1.281243104,1.382827039,-0.313685113,-0.68199498,,,,,,,,,,,,
,,2024-03-03 0:00,,3.203517556,-1.081787528,0.934690539,-0.313685113,-0.692543175,,,,,,,,,,,,
,,2024-03-04 0:00,,1.579939681,-1.615525632,-1.007234295,-0.313685113,-0.861895882,,,,,,,,,,,,
,,2024-03-05 0:00,,0.494750324,-1.58254698,0.934690539,-0.313685113,-0.887757303,,,,,,,,,,,,
,,2024-03-06 0:00,,-0.855427131,-1.404511201,0.785311705,-0.313685113,-0.884743555,,,,,,,,,,,,
,,2024-03-07 0:00,,-0.228709247,-1.553442533,1.084069372,-0.148219503,-0.883318135,,,,,,,,,,,,
,,2024-03-08 0:00,,0.376977836,-1.205731719,1.681584705,-0.313685113,-0.889101296,,,,,,,,,,,,
,,2024-03-09 0:00,,-0.0394320335,-0.891057596,0.635932872,-0.313685113,-0.873177181,,,,,,,,,,,,
,,2024-03-10 0:00,,-0.241327728,-1.1465564,-0.260340128,-0.313685113,-0.592448499,,,,,,,,,,,,
,,2024-03-11 0:00,,-0.0394320335,-1.404995223,-3.397295628,-0.313685113,0.848300471,,,,,,,,,,,,
,,2024-03-12 0:00,,-0.106730598,-2.287321698,-3.397295628,-0.148219503,0.91782083,,,,,,,,,,,,
,,2024-03-13 0:00,,0.347534714,-2.398757373,0.635932872,-0.313685113,0.987259761,,,,,,,,,,,,
,,2024-03-14 0:00,,0.957427957,-2.012766997,-3.397295628,-0.313685113,1.117829332,,,,,,,,,,,,
,,2024-03-15 0:00,,0.620935133,-1.68665792,0.0384175385,-0.313685113,1.339952351,,,,,,,,,,,,
,,2024-03-16 0:00,,0.692439858,-1.550398925,-0.260340128,-0.313685113,1.515891404,,,,,,,,,,,,
,,2024-03-17 0:00,,2.538944229,-1.540526195,2.129721205,-0.305805798,1.324557695,,,,,,,,,,,,
,,2024-03-18 0:00,,-0.565202071,-1.52777894,0.187796372,-0.313685113,0.747398214,,,,,,,,,,,,
,,2024-03-19 0:00,,0.519987286,-1.481493603,2.129721205,-0.297926483,0.762141242,,,,,,,,,,,,
,,2024-03-20 0:00,,0.170875981,-1.199136763,1.681584705,-0.313685113,0.76613243,,,,,,,,,,,,
,,2024-03-21 0:00,,0.0362788518,-0.801978597,-0.409718961,-0.313685113,0.710540617,,,,,,,,,,,,
,,2024-03-22 0:00,,0.263411508,-1.180388498,1.681584705,0.111797883,0.577446019,,,,,,,,,,,,
,,2024-03-23 0:00,,0.915366354,-1.119736588,0.0384175385,-0.305805798,0.54853011,,,,,,,,,,,,
,,2024-03-24 0:00,,-0.0352258732,-0.939218954,0.187796372,-0.313685113,0.632997143,,,,,,,,,,,,
,,2024-03-25 0:00,,-0.636706796,-0.641309224,2.577857705,0.0881599387,1.630710808,,,,,,,,,,,,
,,2024-03-26 0:00,,-1.158270673,-1.390347369,0.486554039,0.592436082,1.697909786,,,,,,,,,,,,
,,2024-03-27 0:00,,-0.41798646,-1.565009341,-0.409718961,-0.313685113,1.814387955,,,,,,,,,,,,
,,2024-03-28 0:00,,-0.41798646,-1.526161831,-0.708476628,-0.163978133,1.927852325,,,,,,,,,,,,
,,2024-03-29 0:00,,8.419156324,-1.386886665,0.785311705,-0.203374706,2.039443294,,,,,,,,,,,,
,,2024-03-30 0:00,,2.320223893,-1.335984992,0.187796372,-0.313685113,2.174248438,,,,,,,,,,,,
,,2024-03-31 0:00,,0.334916233,-1.313710425,-0.559097795,-0.313685113,2.315203297,,,,,,,,,,,,
,,2024-04-01 0:00,,0.389596317,-1.400308273,-0.708476628,-0.313685113,2.590142632,,,,,,,,,,,,
,,2024-04-02 0:00,,0.608316652,-1.042117846,-0.409718961,-0.313685113,2.676931048,,,,,,,,,,,,
,,2024-04-03 0:00,,0.313885431,-0.685636802,-0.708476628,-0.313685113,2.655183032,,,,,,,,,,,,
,,2024-04-04 0:00,,-0.102524438,-0.296230933,0.934690539,-0.313685113,2.654816479,,,,,,,,,,,,
,,2024-04-05 0:00,,0.242380706,-1.323511424,0.337175205,-0.313685113,2.658441166,,,,,,,,,,,,
,,2024-04-06 0:00,,1.226622216,-1.296850931,-0.559097795,-0.313685113,2.596699588,,,,,,,,,,,,
,,2024-04-07 0:00,,0.86489243,-1.103511613,-0.409718961,-0.313685113,2.449350629,,,,,,,,,,,,
,,2024-04-08 0:00,,0.776563064,-1.03400182,-0.260340128,-0.313685113,1.659668224,,,,,,,,,,,,
,,2024-04-09 0:00,,0.271823828,-0.93962914,1.830963539,-0.313685113,1.593120924,,,,,,,,,,,,
,,2024-04-10 0:00,,0.309679271,-1.293157618,0.486554039,-0.313685113,1.556466974,,,,,,,,,,,,
,,2024-04-11 0:00,,0.541018087,-1.622961174,-0.708476628,-0.313685113,1.442350977,,,,,,,,,,,,
,,2024-04-12 0:00,,0.503162645,-1.679776348,-0.260340128,-0.313685113,1.325628422,,,,,,,,,,,,
,,2024-04-13 0:00,,0.200319103,-1.295242031,-0.559097795,-0.313685113,1.190619683,,,,,,,,,,,,
,,2024-04-14 0:00,,0.351740874,-1.272573674,-0.559097795,-0.313685113,1.086848234,,,,,,,,,,,,
,,2024-04-15 0:00,,-0.535758949,-1.366156399,0.337175205,1.033677706,1.050624732,,,,,,,,,,,,
,,2024-04-16 0:00,,1.781835375,-1.047746634,0.337175205,-0.132460874,0.948726684,,,,,,,,,,,,
,,2024-04-17 0:00,,4.360211637,-0.713977963,-0.110961295,-0.313685113,0.889632301,,,,,,,,,,,,
,,2024-04-18 0:00,,3.401207089,-0.710488897,-0.110961295,-0.313685113,0.852774705,,,,,,,,,,,,
,,2024-04-19 0:00,,2.429584061,-0.92515219,-0.260340128,-0.313685113,0.808789954,,,,,,,,,,,,
,,2024-04-20 0:00,,1.188766773,-1.438507576,1.084069372,0.0645219945,0.736255796,,,,,,,,,,,,
,,2024-04-21 0:00,,-0.779716246,-1.401774713,2.279100039,-0.313685113,0.712960142,,,,,,,,,,,,
,,2024-04-22 0:00,,-0.186647644,-1.115186617,1.233448205,-0.313685113,0.0723603952,,,,,,,,,,,,
,,2024-04-23 0:00,,-0.590439032,-0.613578881,1.980342372,-0.313685113,0.0586355464,,,,,,,,,,,,
,,2024-04-24 0:00,,-0.943756497,-0.355652418,1.084069372,0.395453213,0.0278869757,,,,,,,,,,,,
,,2024-04-25 0:00,,-0.224503087,-0.720436939,-0.559097795,-0.313685113,0.0355842776,,,,,,,,,,,,
,,2024-04-26 0:00,,1.129880529,-0.997054084,-0.559097795,-0.313685113,0.0366024571,,,,,,,,,,,,
,,2024-04-27 0:00,,0.71347066,-1.006548379,-0.559097795,-0.313685113,0.0782658261,,,,,,,,,,,,
,,2024-04-28 0:00,,0.107783577,-1.019149085,-1.007234295,-0.313685113,0.0906874727,,,,,,,,,,,,
,,2024-04-29 0:00,,0.305473111,-0.849491218,1.084069372,-0.313685113,0.536230272,,,,,,,,,,,,
,,2024-04-30 0:00,,0.965840277,-0.768997872,-0.110961295,-0.313685113,0.570970082,,,,,,,,,,,,
,,2024-05-01 0:00,,-0.27918317,-0.946868695,0.187796372,-0.313685113,0.600904119,,,,,,,,,,,,
,,2024-05-02 0:00,,0.00262956943,-0.674346369,0.187796372,-0.313685113,0.60334772,,,,,,,,,,,,
,,2024-05-03 0:00,,0.427451759,-0.487645442,-0.559097795,-0.313685113,0.609497434,,,,,,,,,,,,
,,2024-05-04 0:00,,0.898541713,-0.587508053,-0.559097795,-0.313685113,0.60721674,,,,,,,,,,,,
,,2024-05-05 0:00,,-0.443223422,-0.200790871,0.337175205,3.492023903,0.573128557,,,,,,,,,,,,
,,2024-05-06 0:00,,-1.002642742,-0.317591489,1.233448205,0.655470599,0.318284912,,,,,,,,,,,,
,,2024-05-07 0:00,,-0.531552788,-0.215356584,1.084069372,-0.124581559,0.269290794,,,,,,,,,,,,
,,2024-05-08 0:00,,-0.598851353,-0.698979328,0.0384175385,-0.313685113,0.237076064,,,,,,,,,,,,
,,2024-05-09 0:00,,-0.228709247,-0.724700771,0.934690539,-0.313685113,0.221518502,,,,,,,,,,,,
,,2024-05-10 0:00,,-0.203472285,-0.666393829,0.486554039,-0.313685113,0.210929568,,,,,,,,,,,,
,,2024-05-11 0:00,,-0.607263674,-0.283504918,1.830963539,2.184057657,0.166333879,,,,,,,,,,,,
,,2024-05-12 0:00,,1.369631666,-0.148068093,0.635932872,-0.313685113,0.202865662,,,,,,,,,,,,
,,2024-05-13 0:00,,-0.190853804,0.474045538,0.0384175385,-0.313685113,0.674147716,,,,,,,,,,,,
,,2024-05-14 0:00,,-0.291801651,-0.344854835,0.187796372,-0.313685113,0.710109301,,,,,,,,,,,,
,,2024-05-15 0:00,,-0.472666544,-0.857309771,0.635932872,1.309453722,0.701923227,,,,,,,,,,,,
,,2024-05-16 0:00,,-0.796540887,-0.437539074,1.233448205,-0.305805798,0.736744516,,,,,,,,,,,,
,,2024-05-17 0:00,,0.259205348,-0.628619501,-0.110961295,-0.313685113,0.767248752,,,,,,,,,,,,
,,2024-05-18 0:00,,-0.308626293,-0.778201456,-0.409718961,-0.313685113,0.83929419,,,,,,,,,,,,
,,2024-05-19 0:00,,-0.430604941,-0.433616247,-0.559097795,-0.313685113,0.859616785,,,,,,,,,,,,
,,2024-05-20 0:00,,-0.178235323,-0.033132055,0.0384175385,-0.313685113,0.549990136,,,,,,,,,,,,
,,2024-05-21 0:00,,0.334916233,0.226955664,-0.559097795,-0.313685113,0.532722028,,,,,,,,,,,,
,,2024-05-22 0:00,,0.806006186,0.461978767,0.0384175385,-0.313685113,0.578498752,,,,,,,,,,,,
,,2024-05-23 0:00,,-0.123555239,0.338897154,0.337175205,-0.313685113,0.627655777,,,,,,,,,,,,
,,2024-05-24 0:00,,0.0741342945,0.280778683,-0.260340128,-0.313685113,0.656490258,,,,,,,,,,,,
,,2024-05-25 0:00,,-0.0226073923,0.144846408,-0.708476628,-0.313685113,0.656042227,,,,,,,,,,,,
,,2024-05-26 0:00,,-0.405367979,0.0539210787,0.635932872,0.371815269,0.620813697,,,,,,,,,,,,
,,2024-05-27 0:00,,-0.384337178,0.457978266,1.532205872,-0.313685113,0.420217923,,,,,,,,,,,,
,,2024-05-28 0:00,,-0.767097765,0.422002417,0.337175205,-0.313685113,0.436630758,,,,,,,,,,,,
,,2024-05-29 0:00,,-0.41798646,0.519090134,-0.260340128,-0.313685113,0.416593288,,,,,,,,,,,,
,,2024-05-30 0:00,,-0.321244773,-0.0240365288,-1.007234295,-0.313685113,0.331596795,,,,,,,,,,,,
,,2024-05-31 0:00,,-0.41798646,0.164444608,0.486554039,-0.234891965,0.260773183,,,,,,,,,,,,
,,2024-06-01 0:00,,-0.258152369,0.349870971,0.785311705,-0.313685113,0.216055378,,,,,,,,,,,,
,,2024-06-02 0:00,,-0.535758949,0.628533611,0.635932872,-0.313685113,0.209294725,,,,,,,,,,,,
,,2024-06-03 0:00,,-0.830190169,0.861454236,0.187796372,-0.313685113,0.361198987,,,,,,,,,,,,
,,2024-06-04 0:00,,-0.712417681,-1.55E-07,0.187796372,-0.313685113,0.330206031,,,,,,,,,,,,
,,2024-06-05 0:00,,0.141432859,-0.338546468,-0.559097795,-0.313685113,0.300271943,,,,,,,,,,,,
,,2024-06-06 0:00,,0.351740874,0.0588371929,-0.409718961,-0.313685113,0.309842697,,,,,,,,,,,,
,,2024-06-07 0:00,,-0.13617372,0.441071271,-0.559097795,-0.250650595,0.305607124,,,,,,,,,,,,
,,2024-06-08 0:00,,-0.460048063,0.48973573,-1.007234295,1.017919077,0.280193683,,,,,,,,,,,,
,,2024-06-09 0:00,,-0.26656469,-0.108519868,-0.708476628,-0.313685113,0.27009352,,,,,,,,,,,,
,,2024-06-10 0:00,,0.456894882,0.273616993,-0.110961295,-0.313685113,-0.29053096,,,,,,,,,,,,
,,2024-06-11 0:00,,1.129880529,0.637585852,0.187796372,-0.313685113,-0.320953768,,,,,,,,,,,,
,,2024-06-12 0:00,,-0.148792201,0.41911447,-0.260340128,-0.313685113,-0.345552625,,,,,,,,,,,,
,,2024-06-13 0:00,,-0.144586041,-0.315401333,-0.708476628,-0.313685113,-0.38538323,,,,,,,,,,,,
,,2024-06-14 0:00,,-0.0226073923,-0.136056554,0.0384175385,-0.313685113,-0.416254019,,,,,,,,,,,,
,,2024-06-15 0:00,,-0.359100216,0.389547973,-0.559097795,0.166953086,-0.437187501,,,,,,,,,,,,
,,2024-06-16 0:00,,-0.493697346,0.489262432,0.785311705,-0.313685113,-0.457102855,,,,,,,,,,,,
,,2024-06-17 0:00,,-0.548377429,0.770949899,0.187796372,-0.313685113,-0.287767629,,,,,,,,,,,,
,,2024-06-18 0:00,,-0.359100216,0.859832916,-0.260340128,-0.313685113,-0.29456897,,,,,,,,,,,,
,,2024-06-19 0:00,,0.263411508,0.450374582,-1.007234295,-0.313685113,-0.31126693,,,,,,,,,,,,
,,2024-06-20 0:00,,0.330710073,0.651918417,-0.409718961,-0.313685113,-0.336884017,,,,,,,,,,,,
,,2024-06-21 0:00,,0.103577417,0.582232405,-0.409718961,-0.313685113,-0.349875811,,,,,,,,,,,,
,,2024-06-22 0:00,,-0.220296926,0.75704286,-0.409718961,0.986401818,-0.365962833,,,,,,,,,,,,
,,2024-06-23 0:00,,-0.771303925,0.948683998,-0.110961295,0.0881599387,-0.373700874,,,,,,,,,,,,
,,2024-06-24 0:00,,0.696646018,0.050999201,0.934690539,-0.313685113,-0.523830645,,,,,,,,,,,,
,,2024-06-25 0:00,,-0.603057513,-0.414425909,1.084069372,-0.313685113,-0.522893893,,,,,,,,,,,,
,,2024-06-26 0:00,,-0.422192621,-0.268261714,-0.559097795,-0.313685113,-0.529002867,,,,,,,,,,,,
,,2024-06-27 0:00,,-0.211884606,0.114608805,-1.007234295,-0.313685113,-0.531079915,,,,,,,,,,,,
,,2024-06-28 0:00,,0.225556065,0.189652544,-0.260340128,-0.313685113,-0.535478395,,,,,,,,,,,,
,,2024-06-29 0:00,,-0.174029163,0.470143572,-0.110961295,2.70409243,-0.538614361,,,,,,,,,,,,
,,2024-06-30 0:00,,-0.632500635,0.0661987721,2.129721205,2.223454231,-0.551524728,,,,,,,,,,,,
,,2024-07-01 0:00,,-0.338069415,0.220813466,-0.708476628,-0.313685113,-0.848689042,,,,,,,,,,,,
,,2024-07-02 0:00,,-0.712417681,0.556798016,0.785311705,4.815748778,-0.880740917,,,,,,,,,,,,
,,2024-07-03 0:00,,-0.426398781,0.71558167,1.980342372,-0.250650595,-0.889456399,,,,,,,,,,,,
,,2024-07-04 0:00,,0.095165096,-0.298183557,1.084069372,-0.0300297823,-0.901267107,,,,,,,,,,,,
,,2024-07-05 0:00,,-0.674562238,-0.0166986794,1.532205872,0.00936679138,-0.911000768,,,,,,,,,,,,
,,2024-07-06 0:00,,-0.258152369,0.406694173,1.382827039,-0.0930643001,-0.916621023,,,,,,,,,,,,
,,2024-07-07 0:00,,-0.544171269,0.622009319,-0.708476628,1.947678215,-0.915562104,,,,,,,,,,,,
,,2024-07-08 0:00,,-0.973199619,0.72866758,-0.708476628,1.348850296,-0.778709202,,,,,,,,,,,,
,,2024-07-09 0:00,,-0.792334727,0.370043132,-0.708476628,-0.290047168,-0.769749334,,,,,,,,,,,,
,,2024-07-10 0:00,,-0.935344177,0.68571147,-0.110961295,-0.203374706,-0.768283174,,,,,,,,,,,,
,,2024-07-11 0:00,,0.0362788518,0.556747203,-0.260340128,-0.313685113,-0.752888519,,,,,,,,,,,,
,,2024-07-12 0:00,,0.103577417,0.539678549,-1.007234295,-0.313685113,-0.737005144,,,,,,,,,,,,
,,2024-07-13 0:00,,0.587285851,0.438523731,-0.559097795,-0.313685113,-0.73138489,,,,,,,,,,,,
,,2024-07-14 0:00,,-0.1277614,0.722574856,0.187796372,-0.282167854,-0.731303462,,,,,,,,,,,,
,,2024-07-15 0:00,,-0.973199619,0.428746954,0.187796372,-0.313685113,-0.868237792,,,,,,,,,,,,
,,2024-07-16 0:00,,-0.905901055,0.428987653,0.0384175385,1.025798392,-0.862413891,,,,,,,,,,,,
,,2024-07-17 0:00,,-0.998436581,0.725172641,0.337175205,7.471077842,-0.863920791,,,,,,,,,,,,
,,2024-07-18 0:00,,-1.065735146,0.843741236,-0.110961295,9.834872262,-0.875283518,,,,,,,,,,,,
,,2024-07-19 0:00,,-0.460048063,0.826487064,-0.110961295,-0.305805798,-0.890433839,,,,,,,,,,,,
,,2024-07-20 0:00,,-0.779716246,0.659403061,0.635932872,0.860332782,-0.891940687,,,,,,,,,,,,
,,2024-07-21 0:00,,-0.645119116,0.672497651,1.980342372,0.35605664,-0.893569754,,,,,,,,,,,,
,,2024-07-22 0:00,,-0.863839452,0.76185183,1.233448205,5.981887358,-1.291683607,,,,,,,,,,,,
,,2024-07-23 0:00,,-0.960581139,0.993828569,1.382827039,-0.156098818,-1.29840352,,,,,,,,,,,,
,,2024-07-24 0:00,,-0.855427131,1.118117816,0.486554039,0.844574153,-1.300643474,,,,,,,,,,,,
,,2024-07-25 0:00,,-0.611469834,1.049571605,-0.708476628,1.679781514,-1.302842689,,,,,,,,,,,,
,,2024-07-26 0:00,,-0.821777849,1.093548959,0.0384175385,0.119677198,-1.300928497,,,,,,,,,,,,
,,2024-07-27 0:00,,-0.783922406,0.99569698,-0.857855462,2.325885322,-1.302883377,,,,,,,,,,,,
,,2024-07-28 0:00,,-0.725036162,0.402764267,1.382827039,-0.313685113,-1.293801343,,,,,,,,,,,,
,,2024-07-29 0:00,,-0.594645193,0.794618608,2.279100039,-0.313685113,-0.849724652,,,,,,,,,,,,
,,2024-07-30 0:00,,-0.468460384,1.004941255,0.785311705,-0.313685113,-0.828750431,,,,,,,,,,,,
,,2024-07-31 0:00,,-0.762891605,1.121806038,0.486554039,-0.313685113,-0.814577601,,,,,,,,,,,,
,,2024-08-01 0:00,,-0.682974559,1.082303756,0.486554039,-0.290047168,-0.801585807,,,,,,,,,,,,
,,2024-08-02 0:00,,-0.380131018,1.353784735,0.486554039,-0.313685113,-0.791119091,,,,,,,,,,,,
,,2024-08-03 0:00,,-0.140379881,1.288188081,-0.110961295,-0.313685113,-0.788146083,,,,,,,,,,,,
,,2024-08-04 0:00,,-0.245533888,0.881578425,-1.007234295,-0.313685113,-0.801015659,,,,,,,,,,,,
,,2024-08-05 0:00,,-0.308626293,1.062643741,-0.559097795,-0.211254021,-1.028857536,,,,,,,,,,,,
,,2024-08-06 0:00,,-0.788128566,1.234426169,-0.559097795,-0.313685113,-1.048161951,,,,,,,,,,,,
,,2024-08-07 0:00,,-0.69138688,1.216213441,-0.857855462,-0.0457884117,-1.061520247,,,,,,,,,,,,
,,2024-08-08 0:00,,-0.628294475,1.553453257,-1.007234295,-0.313685113,-1.072557161,,,,,,,,,,,,
,,2024-08-09 0:00,,-0.317038613,1.721373977,-1.007234295,-0.313685113,-1.078177416,,,,,,,,,,,,
,,2024-08-10 0:00,,-0.0856997968,1.538879885,-0.857855462,-0.313685113,-1.079521358,,,,,,,,,,,,
,,2024-08-11 0:00,,-0.249740048,0.779324393,-0.708476628,-0.313685113,-1.079602836,,,,,,,,,,,,
,,2024-08-12 0:00,,-0.338069415,0.882901948,-0.559097795,-0.313685113,-0.863978961,,,,,,,,,,,,
,,2024-08-13 0:00,,-0.430604941,0.91491024,-0.708476628,-0.313685113,-0.861861174,,,,,,,,,,,,
,,2024-08-14 0:00,,-0.439017262,0.88164298,-0.559097795,-0.0773056707,-0.855344958,,,,,,,,,,,,
,,2024-08-15 0:00,,-0.531552788,1.089693239,-0.708476628,0.19059103,-0.847240364,,,,,,,,,,,,
,,2024-08-16 0:00,,-0.565202071,1.300326452,-0.409718961,-0.313685113,-0.850417069,,,,,,,,,,,,
,,2024-08-17 0:00,,-0.531552788,1.334545167,-0.857855462,0.553039508,-0.849561797,,,,,,,,,,,,
,,2024-08-18 0:00,,-0.594645193,1.217242848,-0.409718961,-0.313685113,-0.84548913,,,,,,,,,,,,
,,2024-08-19 0:00,,-0.430604941,0.611434012,-0.559097795,-0.132460874,-0.803721126,,,,,,,,,,,,
,,2024-08-20 0:00,,-0.371718697,1.129175424,0.0384175385,-0.313685113,-0.803802605,,,,,,,,,,,,
,,2024-08-21 0:00,,-0.905901055,0.562582979,1.382827039,3.011385704,-0.808119607,,,,,,,,,,,,
,,2024-08-22 0:00,,-0.809159368,0.833069215,1.681584705,-0.266409224,-0.809097047,,,,,,,,,,,,
,,2024-08-23 0:00,,-0.354894056,1.109798066,0.635932872,-0.313685113,-0.805187286,,,,,,,,,,,,
,,2024-08-24 0:00,,0.179288302,0.700464321,-1.305991962,-0.156098818,-0.804046991,,,,,,,,,,,,
,,2024-08-25 0:00,,0.107783577,0.82658864,-1.305991962,-0.313685113,-0.801114671,,,,,,,,,,,,
,,2024-08-26 0:00,,0.0446911724,0.74398794,-1.156613128,-0.313685113,-0.874509724,,,,,,,,,,,,
,,2024-08-27 0:00,,-0.531552788,0.581139698,-0.559097795,-0.290047168,-0.859400143,,,,,,,,,,,,
,,2024-08-28 0:00,,-0.863839452,0.73191025,0.934690539,-0.313685113,-0.841521148,,,,,,,,,,,,
,,2024-08-29 0:00,,-1.044704345,1.062014871,1.233448205,-0.313685113,-0.833335126,,,,,,,,,,,,
,,2024-08-30 0:00,,-0.859633291,0.941700138,0.187796372,-0.313685113,-0.820506239,,,,,,,,,,,,
,,2024-08-31 0:00,,0.0867527754,0.932916289,-0.559097795,-0.313685113,-0.810650359,,,,,,,,,,,,
,,2024-09-01 0:00,,-0.169823003,1.29682547,-0.409718961,-0.313685113,-0.804337739,,,,,,,,,,,,
,,2024-09-02 0:00,,-0.632500635,1.375611513,0.486554039,-0.100943615,-0.50591091,,,,,,,,,,,,
,,2024-09-03 0:00,,-0.943756497,1.391155585,0.934690539,-0.313685113,-0.497195378,,,,,,,,,,,,
,,2024-09-04 0:00,,-0.653531437,1.086242144,-0.110961295,-0.313685113,-0.487176643,,,,,,,,,,,,
,,2024-09-05 0:00,,-0.472666544,0.765095619,0.187796372,0.229987604,-0.47504007,,,,,,,,,,,,
,,2024-09-06 0:00,,-0.830190169,0.608363224,0.486554039,-0.258529909,-0.461966797,,,,,,,,,,,,
,,2024-09-07 0:00,,-0.523140468,1.065709702,-0.559097795,-0.313685113,-0.442988195,,,,,,,,,,,,
,,2024-09-08 0:00,,-0.224503087,1.082107615,-1.007234295,-0.313685113,-0.420547814,,,,,,,,,,,,
,,2024-09-09 0:00,,-0.287595491,0.973245614,-0.559097795,-0.313685113,-0.0493368192,,,,,,,,,,,,
,,2024-09-10 0:00,,-0.203472285,0.917876626,-0.708476628,-0.313685113,-0.040458431,,,,,,,,,,,,
,,2024-09-11 0:00,,-0.161410682,0.911049479,-0.708476628,-0.282167854,-0.0396031582,,,,,,,,,,,,
,,2024-09-12 0:00,,-1.006848902,1.117082093,-0.260340128,2.262850805,-0.0363857642,,,,,,,,,,,,
,,2024-09-13 0:00,,-0.83439633,1.249431348,-0.110961295,0.285142807,-0.0352454175,,,,,,,,,,,,
,,2024-09-14 0:00,,-0.926931856,1.214370651,-0.857855462,-0.313685113,-0.0110945415,,,,,,,,,,,,
,,2024-09-15 0:00,,-0.893282574,1.214164406,0.785311705,-0.313685113,0.0579370974,,,,,,,,,,,,
,,2024-09-16 0:00,,-1.141446031,1.334627119,0.785311705,0.434849787,0.0967439001,,,,,,,,,,,,
,,2024-09-17 0:00,,-0.910107215,1.058772818,-0.857855462,-0.313685113,0.177626987,,,,,,,,,,,,
,,2024-09-18 0:00,,-0.746066963,1.241360132,-1.007234295,-0.258529909,0.198723375,,,,,,,,,,,,
,,2024-09-19 0:00,,-0.653531437,1.372378294,-0.857855462,-0.313685113,0.201696384,,,,,,,,,,,,
,,2024-09-20 0:00,,-0.863839452,1.41034928,0.187796372,3.980541416,0.19310307,,,,,,,,,,,,
,,2024-09-21 0:00,,-1.229775398,1.334216356,3.025994205,1.813729865,0.170051801,,,,,,,,,,,,
,,2024-09-22 0:00,,-1.229775398,1.446154982,0.635932872,-0.313685113,0.12415291,,,,,,,,,,,,
,,2024-09-23 0:00,,-1.099384428,1.672059749,1.233448205,-0.313685113,0.335832011,,,,,,,,,,,,
,,2024-09-24 0:00,,-0.922725696,1.420317598,-0.110961295,-0.313685113,0.359616385,,,,,,,,,,,,
,,2024-09-25 0:00,,-0.741860803,1.378779385,-0.857855462,-0.313685113,0.399732115,,,,,,,,,,,,
,,2024-09-26 0:00,,-0.666149918,1.421930969,-1.007234295,-0.219133336,0.455161072,,,,,,,,,,,,
,,2024-09-27 0:00,,-0.716623841,1.246896154,0.187796372,-0.313685113,0.519061126,,,,,,,,,,,,
,,2024-09-28 0:00,,-0.905901055,1.36717031,1.681584705,-0.313685113,0.566629823,,,,,,,,,,,,
,,2024-09-29 0:00,,-1.057322825,1.475865841,0.635932872,-0.313685113,0.584386599,,,,,,,,,,,,
,,2024-09-30 0:00,,-0.859633291,1.590536623,-0.260340128,-0.313685113,0.315323661,,,,,,,,,,,,
,,2024-10-01 0:00,,-0.804953208,1.588587891,0.337175205,-0.116702244,0.255455484,,,,,,,,,,,,
,,2024-10-02 0:00,,-0.804953208,1.614291391,0.337175205,-0.313685113,0.251993704,,,,,,,,,,,,
,,2024-10-03 0:00,,-0.792334727,1.449864535,-0.559097795,-0.313685113,0.274678471,,,,,,,,,,,,
,,2024-10-04 0:00,,-0.792334727,1.351270147,-0.708476628,-0.313685113,0.292109485,,,,,,,,,,,,
,,2024-10-05 0:00,,-0.476872704,1.472580871,-1.007234295,-0.313685113,0.290073177,,,,,,,,,,,,
,,2024-10-06 0:00,,-0.510521987,1.45364319,-1.305991962,-0.313685113,0.267755014,,,,,,,,,,,,
,,2024-10-07 0:00,,0.0909589357,1.390641349,-1.455370795,-0.313685113,0.466640242,,,,,,,,,,,,
,,2024-10-08 0:00,,0.212937584,1.428315648,-0.708476628,-0.313685113,0.476251736,,,,,,,,,,,,
,,2024-10-09 0:00,,-0.889076414,1.644098541,0.0384175385,-0.313685113,0.483826922,,,,,,,,,,,,
,,2024-10-10 0:00,,-0.661943758,1.13647194,-0.559097795,-0.313685113,0.446399127,,,,,,,,,,,,
,,2024-10-11 0:00,,-0.0941121174,1.228226459,-0.708476628,-0.313685113,0.413288384,,,,,,,,,,,,
,,2024-10-12 0:00,,0.0825466151,1.284738475,-1.156613128,-0.313685113,0.425017664,,,,,,,,,,,,
,,2024-10-13 0:00,,-0.321244773,1.141391913,-0.409718961,-0.313685113,0.451693568,,,,,,,,,,,,
,,2024-10-14 0:00,,-0.628294475,1.25764966,-0.559097795,-0.313685113,0.486578803,,,,,,,,,,,,
,,2024-10-15 0:00,,-0.666149918,1.203358914,-0.708476628,-0.274288539,0.461898467,,,,,,,,,,,,
,,2024-10-16 0:00,,-0.0899059571,1.140516729,-1.156613128,-0.313685113,0.434815271,,,,,,,,,,,,
,,2024-10-17 0:00,,0.0573096533,1.401342888,-0.857855462,-0.313685113,0.442023904,,,,,,,,,,,,
,,2024-10-18 0:00,,-0.544171269,1.434200709,0.337175205,3.397472126,0.437095964,,,,,,,,,,,,
,,2024-10-19 0:00,,-1.099384428,1.358853838,1.532205872,-0.234891965,0.420927464,,,,,,,,,,,,
,,2024-10-20 0:00,,-0.939550337,1.300136174,2.129721205,-0.313685113,0.421416184,,,,,,,,,,,,
,,2024-10-21 0:00,,-0.800747047,1.259170642,0.0384175385,-0.313685113,0.677301164,,,,,,,,,,,,
,,2024-10-22 0:00,,-0.968993459,0.895418451,-0.409718961,1.309453722,0.670703469,,,,,,,,,,,,
,,2024-10-23 0:00,,-0.859633291,1.374904115,2.129721205,-0.132460874,0.681088757,,,,,,,,,,,,
,,2024-10-24 0:00,,-0.367512537,1.380185289,-0.708476628,-0.313685113,0.683410139,,,,,,,,,,,,
,,2024-10-25 0:00,,-0.321244773,1.007791716,-0.857855462,-0.313685113,0.709556634,,,,,,,,,,,,
,,2024-10-26 0:00,,-0.497903506,0.775337804,-0.708476628,-0.313685113,0.754437397,,,,,,,,,,,,
,,2024-10-27 0:00,,-0.342275575,1.151425715,-1.007234295,-0.313685113,0.765759437,,,,,,,,,,,,
,,2024-10-28 0:00,,-0.0478443541,1.212362433,-0.260340128,-0.313685113,1.398068476,,,,,,,,,,,,
,,2024-10-29 0:00,,-0.863839452,1.348457052,0.0384175385,-0.313685113,1.441645934,,,,,,,,,,,,
,,2024-10-30 0:00,,-0.321244773,1.457846625,-1.007234295,-0.313685113,1.473982883,,,,,,,,,,,,
,,2024-10-31 0:00,,-0.0394320335,1.368255032,-1.305991962,-0.313685113,1.489011037,,,,,,,,,,,,
,,2024-11-01 0:00,,0.179288302,0.76631723,-1.305991962,-0.313685113,1.509863091,,,,,,,,,,,,
,,2024-11-02 0:00,,-0.0730813159,0.818067127,-0.559097795,-0.313685113,1.55783908,,,,,,,,,,,,
,,2024-11-03 0:00,,-0.388543338,1.163391906,0.187796372,-0.313685113,1.602516197,,,,,,,,,,,,
,,2024-11-04 0:00,,-0.40957414,1.193975625,0.934690539,-0.305805798,1.064268153,,,,,,,,,,,,
,,2024-11-05 0:00,,-0.401161819,1.119474212,-0.260340128,-0.313685113,1.087645235,,,,,,,,,,,,
,,2024-11-06 0:00,,-0.384337178,1.262851598,0.337175205,-0.313685113,1.077504282,,,,,,,,,,,,
,,2024-11-07 0:00,,0.204525264,1.345075911,-1.156613128,-0.313685113,1.067974216,,,,,,,,,,,,
,,2024-11-08 0:00,,0.0362788518,1.307999362,-1.156613128,-0.313685113,1.058525629,,,,,,,,,,,,
,,2024-11-09 0:00,,-0.0730813159,0.74671727,-1.305991962,-0.313685113,1.034537608,,,,,,,,,,,,
,,2024-11-10 0:00,,-0.371718697,0.267055152,-0.708476628,-0.313685113,1.006599139,,,,,,,,,,,,
,,2024-11-11 0:00,,0.629347454,0.625198001,-1.604749628,-0.313685113,0.459804245,,,,,,,,,,,,
,,2024-11-12 0:00,,0.128814378,0.720183649,-0.110961295,-0.313685113,0.419688515,,,,,,,,,,,,
,,2024-11-13 0:00,,0.137226699,0.744861614,-0.857855462,-0.313685113,0.393419852,,,,,,,,,,,,
,,2024-11-14 0:00,,-0.13617372,0.8751756,-0.708476628,-0.305805798,0.360349849,,,,,,,,,,,,
,,2024-11-15 0:00,,-0.333863254,0.787293915,-0.708476628,-0.313685113,0.330212114,,,,,,,,,,,,
,,2024-11-16 0:00,,-0.535758949,0.726243609,0.486554039,0.198470345,0.279670357,,,,,,,,,,,,
,,2024-11-17 0:00,,-0.628294475,0.943451478,1.980342372,-0.313685113,0.235644867,,,,,,,,,,,,
,,2024-11-18 0:00,,-0.750273124,0.945700138,0.0384175385,-0.313685113,0.22210608,,,,,,,,,,,,
,,2024-11-19 0:00,,-0.4137803,0.877828068,-0.409718961,-0.313685113,0.174944675,,,,,,,,,,,,
,,2024-11-20 0:00,,0.191906783,0.356659559,-1.455370795,-0.313685113,0.133362785,,,,,,,,,,,,
,,2024-11-21 0:00,,0.835449308,0.265487647,-0.110961295,-0.313685113,0.114750736,,,,,,,,,,,,
,,2024-11-22 0:00,,0.0278665312,0.279019252,-0.110961295,-0.313685113,0.074838652,,,,,,,,,,,,
,,2024-11-23 0:00,,-0.439017262,0.384038941,-0.857855462,-0.313685113,0.0248670939,,,,,,,,,,,,
,,2024-11-24 0:00,,-0.687180719,0.369045113,-1.007234295,-0.313685113,-0.00531138016,,,,,,,,,,,,
,,2024-11-25 0:00,,-0.506315827,-0.00889698948,0.337175205,-0.313685113,-0.0890917213,,,,,,,,,,,,
,,2024-11-26 0:00,,-0.994230421,0.135188515,1.681584705,1.734936718,-0.118089109,,,,,,,,,,,,
,,2024-11-27 0:00,,-1.019467383,0.214824492,-1.305991962,1.451281387,-0.119392363,,,,,,,,,,,,
,,2024-11-28 0:00,,-0.729242322,0.449628717,-0.708476628,0.0724013092,-0.129126024,,,,,,,,,,,,
,,2024-11-29 0:00,,-0.123555239,0.421499077,-1.156613128,-0.313685113,-0.146597726,,,,,,,,,,,,
,,2024-11-30 0:00,,-0.354894056,0.369712689,-0.708476628,-0.313685113,-0.177549943,,,,,,,,,,,,
,,2024-12-01 0:00,,-0.0562566747,0.445182338,0.187796372,-0.274288539,-0.199216479,,,,,,,,,,,,
,,2024-12-02 0:00,,0.398008637,0.363074253,-0.110961295,-0.313685113,-0.536438302,,,,,,,,,,,,
,,2024-12-03 0:00,,-0.712417681,0.419971285,0.187796372,-0.313685113,-0.545398118,,,,,,,,,,,,
,,2024-12-04 0:00,,-0.502109666,0.222598647,-0.260340128,-0.313685113,-0.58302956,,,,,,,,,,,,
,,2024-12-05 0:00,,-0.502109666,0.226082899,0.0384175385,-0.171857447,-0.615407248,,,,,,,,,,,,
,,2024-12-06 0:00,,-0.371718697,0.388924189,0.337175205,-0.313685113,-0.638865809,,,,,,,,,,,,
,,2024-12-07 0:00,,-0.485285025,0.0274940417,0.337175205,-0.313685113,-0.659921509,,,,,,,,,,,,
,,2024-12-08 0:00,,-0.476872704,0.0910511707,-0.110961295,-0.313685113,-0.678085578,,,,,,,,,,,,
,,2024-12-09 0:00,,-0.0814936365,0.0240033085,-1.007234295,-0.313685113,-0.834853783,,,,,,,,,,,,
,,2024-12-10 0:00,,0.271823828,0.0246318882,-0.559097795,-0.313685113,-0.840351921,,,,,,,,,,,,
,,2024-12-11 0:00,,1.054169644,-0.225078476,-1.007234295,-0.313685113,-0.838193395,,,,,,,,,,,,
,,2024-12-12 0:00,,0.28864847,-0.301538705,-0.260340128,-0.313685113,-0.837582508,,,,,,,,,,,,
,,2024-12-13 0:00,,-0.253946209,-0.269483419,-0.110961295,-0.313685113,-0.835057429,,,,,,,,,,,,
,,2024-12-14 0:00,,-0.232915407,0.064704665,-0.110961295,-0.313685113,-0.833183977,,,,,,,,,,,,
,,2024-12-15 0:00,,-0.573614391,0.217616412,0.187796372,-0.313685113,-0.820721642,,,,,,,,,,,,
,,2024-12-16 0:00,,-0.224503087,-0.0260562665,-1.604749628,-0.313685113,-0.850556718,,,,,,,,,,,,
,,2024-12-17 0:00,,-0.367512537,-0.0103733889,-0.110961295,-0.313685113,-0.846443312,,,,,,,,,,,,
,,2024-12-18 0:00,,-0.169823003,0.068017296,-0.110961295,-0.313685113,-0.845710206,,,,,,,,,,,,
,,2024-12-19 0:00,,0.793387705,0.0496748683,-1.156613128,-0.313685113,-0.843714587,,,,,,,,,,,,
,,2024-12-20 0:00,,0.974252598,0.115167374,-0.409718961,-0.282167854,-0.8440404,,,,,,,,,,,,
,,2024-12-21 0:00,,0.662996736,0.016490972,0.785311705,-0.0851849854,-0.835528565,,,,,,,,,,,,
,,2024-12-22 0:00,,-0.573614391,0.447342436,-0.260340128,-0.313685113,-0.841474633,,,,,,,,,,,,
,,2024-12-23 0:00,,-0.262358529,0.240961581,-0.110961295,-0.313685113,-0.881980122,,,,,,,,,,,,
,,2024-12-24 0:00,,-0.0983182777,0.0824114053,-1.305991962,-0.313685113,-0.884138649,,,,,,,,,,,,
,,2024-12-25 0:00,,-0.0730813159,-0.312922453,-0.409718961,-0.305805798,-0.875341739,,,,,,,,,,,,
,,2024-12-26 0:00,,1.2813023,-0.417943334,1.681584705,-0.313685113,-0.877337359,,,,,,,,,,,,
,,2024-12-27 0:00,,-0.195059965,-0.416272926,0.635932872,-0.313685113,-0.878151892,,,,,,,,,,,,
,,2024-12-28 0:00,,-0.182441484,-0.219241888,0.337175205,-0.313685113,-0.87823332,,,,,,,,,,,,
,,2024-12-29 0:00,,-0.392749498,-0.0223369363,-1.156613128,-0.313685113,-0.874975187,,,,,,,,,,,,
,,2024-12-30 0:00,,0.755532263,0.0166720536,0.0384175385,-0.313685113,-1.11945675,,,,,,,,,,,,
,,2024-12-31 0:00,,0.801800026,0.0298355291,0.486554039,-0.313685113,-1.112207378,,,,,,,,,,,,
,,,,,-0.0300866418,,,,,,,,,,,,,,,
,,,,,0.0114359744,,,,,,,,,,,,,,,
,,,,,-0.0016315287,,,,,,,,,,,,,,,
,,,,,0.259029783,,,,,,,,,,,,,,,
,,,,,0.163261362,,,,,,,,,,,,,,,
,,,,,-0.487223352,,,,,,,,,,,,,,,
,,,,,-0.659161488,,,,,,,,,,,,,,,
,,,,,-0.640122287,,,,,,,,,,,,,,,
,,,,,-0.78790521,,,,,,,,,,,,,,,
,,,,,-0.554390814,,,,,,,,,,,,,,,
,,,,,-0.570591774,,,,,,,,,,,,,,,
,,,,,-0.538658665,,,,,,,,,,,,,,,
,,,,,-0.597039768,,,,,,,,,,,,,,,
,,,,,-0.321053086,,,,,,,,,,,,,,,
,,,,,-1.143624455,,,,,,,,,,,,,,,
,,,,,-1.828165004,,,,,,,,,,,,,,,
,,,,,-1.583647534,,,,,,,,,,,,,,,
,,,,,-1.561755262,,,,,,,,,,,,,,,
,,,,,-1.40755401,,,,,,,,,,,,,,,
,,,,,-1.244485962,,,,,,,,,,,,,,,
,,,,,-0.993177344,,,,,,,,,,,,,,,
,,,,,-1.055978685,,,,,,,,,,,,,,,
,,,,,-0.930229479,,,,,,,,,,,,,,,
,,,,,-1.002683372,,,,,,,,,,,,,,,
,,,,,-0.988051071,,,,,,,,,,,,,,,
,,,,,-1.282534644,,,,,,,,,,,,,,,
,,,,,-1.171720658,,,,,,,,,,,,,,,
,,,,,-1.192614425,,,,,,,,,,,,,,,
,,,,,-1.075521922,,,,,,,,,,,,,,,
,,,,,-0.914523947,,,,,,,,,,,,,,,
,,,,,-1.093639061,,,,,,,,,,,,,,,
,,,,,-0.992082434,,,,,,,,,,,,,,,
,,,,,-1.295183966,,,,,,,,,,,,,,,
,,,,,-1.144400058,,,,,,,,,,,,,,,
,,,,,-1.451611564,,,,,,,,,,,,,,,
,,,,,-1.30676732,,,,,,,,,,,,,,,
,,,,,-1.491513278,,,,,,,,,,,,,,,
,,,,,-1.301412458,,,,,,,,,,,,,,,
,,,,,-1.221999424,,,,,,,,,,,,,,,
,,,,,-1.61969709,,,,,,,,,,,,,,,
,,,,,-1.576795163,,,,,,,,,,,,,,,
,,,,,-1.295741672,,,,,,,,,,,,,,,
,,,,,-1.246045944,,,,,,,,,,,,,,,
,,,,,-1.125239855,,,,,,,,,,,,,,,
,,,,,-1.306743753,,,,,,,,,,,,,,,
,,,,,-1.476658315,,,,,,,,,,,,,,,
,,,,,-1.47022432,,,,,,,,,,,,,,,
,,,,,-1.18281368,,,,,,,,,,,,,,,
,,,,,-0.92437507,,,,,,,,,,,,,,,
,,,,,-1.083927284,,,,,,,,,,,,,,,
